{
"type": "FeatureCollection",
"name": "districts",
"crs": { "type": "name", "properties": { "name": "urn:ogc:def:crs:OGC:1.3:CRS84" } },
"features": [
{ "type": "Feature", "properties": { "name": "Ballyboughal", "district_code": "A41" }, "geometry": { "type": "Polygon", "coordinates": [ [ [ -6.25126693728618, 53.550123210515487, 0.0 ], [ -6.243372372344441, 53.548010894151062, 0.0 ], [ -6.239360366798643, 53.54382557498446, 0.0 ], [ -6.238566279474944, 53.542094649729783, 0.0 ], [ -6.242795416285072, 53.541039311432321, 0.0 ], [ -6.24242155772359, 53.539952377386101, 0.0 ], [ -6.240643774828784, 53.539477367337568, 0.0 ], [ -6.239786734743839, 53.539342335332961, 0.0 ], [ -6.239562370869844, 53.539803982409673, 0.0 ], [ -6.238359304874644, 53.539101193973252, 0.0 ], [ -6.235895218639294, 53.539089217905762, 0.0 ], [ -6.234187413800623, 53.538672577121325, 0.0 ], [ -6.23498809914489, 53.536213140154892, 0.0 ], [ -6.231931024165692, 53.535654210999475, 0.0 ], [ -6.232275459460848, 53.534289167229225, 0.0 ], [ -6.230335829546988, 53.53352632716819, 0.0 ], [ -6.232068455421003, 53.52841376498943, 0.0 ], [ -6.230823909988448, 53.527734730527904, 0.0 ], [ -6.22922031558767, 53.527784419226855, 0.0 ], [ -6.229152539436901, 53.527440880359109, 0.0 ], [ -6.228772050921006, 53.527704345690189, 0.0 ], [ -6.228418988463936, 53.527307683884636, 0.0 ], [ -6.227600194877086, 53.527246651468211, 0.0 ], [ -6.226811325039546, 53.527455069968958, 0.0 ], [ -6.226427475122242, 53.526813200506062, 0.0 ], [ -6.225479599630024, 53.526897013315356, 0.0 ], [ -6.223122977536983, 53.526299263771264, 0.0 ], [ -6.220867093571314, 53.531134725738255, 0.0 ], [ -6.220062721065783, 53.530731321574059, 0.0 ], [ -6.220060004409319, 53.530730831721201, 0.0 ], [ -6.219910182149384, 53.522390366584617, 0.0 ], [ -6.216244836310555, 53.520358526980289, 0.0 ], [ -6.212367167803485, 53.519956712881545, 0.0 ], [ -6.208224884978697, 53.519198113068931, 0.0 ], [ -6.208382373424115, 53.517564819426461, 0.0 ], [ -6.207732526166335, 53.515153725322534, 0.0 ], [ -6.206899090314125, 53.513528309050841, 0.0 ], [ -6.203410136282256, 53.509667021387017, 0.0 ], [ -6.203206850381853, 53.509351628227847, 0.0 ], [ -6.201893589681991, 53.507314673064904, 0.0 ], [ -6.200147654154206, 53.502823448850421, 0.0 ], [ -6.200401800676163, 53.497687051243631, 0.0 ], [ -6.201488297922892, 53.49445815050435, 0.0 ], [ -6.203494376124423, 53.491384272180568, 0.0 ], [ -6.207016563387916, 53.492337606261891, 0.0 ], [ -6.205460170685535, 53.495913002764716, 0.0 ], [ -6.206194568178939, 53.496179561820682, 0.0 ], [ -6.203587203773229, 53.501070654679125, 0.0 ], [ -6.208012998171042, 53.502059013746738, 0.0 ], [ -6.207872716261137, 53.502537235395629, 0.0 ], [ -6.209261226461527, 53.502583216232971, 0.0 ], [ -6.210140771317494, 53.503223763111443, 0.0 ], [ -6.212338092459107, 53.499145846718406, 0.0 ], [ -6.214564436322625, 53.496500041753158, 0.0 ], [ -6.214144804133958, 53.496220442521093, 0.0 ], [ -6.215156002001742, 53.494503898693281, 0.0 ], [ -6.216245712817002, 53.494658137692475, 0.0 ], [ -6.218682683066733, 53.494359952267843, 0.0 ], [ -6.216651848914978, 53.497308953297178, 0.0 ], [ -6.21395574140411, 53.504225399434411, 0.0 ], [ -6.21510138874916, 53.505025020208315, 0.0 ], [ -6.217691038576397, 53.505352007258203, 0.0 ], [ -6.217899827443138, 53.506051069660614, 0.0 ], [ -6.218888499901905, 53.506303183939785, 0.0 ], [ -6.219304782775408, 53.506102211448351, 0.0 ], [ -6.220008634490653, 53.5069911035187, 0.0 ], [ -6.221875289923289, 53.507007565376668, 0.0 ], [ -6.222252487808831, 53.507463929727486, 0.0 ], [ -6.222641037791965, 53.507298575408491, 0.0 ], [ -6.223367394677264, 53.507595106791591, 0.0 ], [ -6.228634109965641, 53.500165171556091, 0.0 ], [ -6.230079615697752, 53.501649850412626, 0.0 ], [ -6.232618315496162, 53.502822617614299, 0.0 ], [ -6.234393156969013, 53.502773172554654, 0.0 ], [ -6.238660926523116, 53.504154159724685, 0.0 ], [ -6.241415810293459, 53.504472370976089, 0.0 ], [ -6.244053763266884, 53.505388304507008, 0.0 ], [ -6.249066232044961, 53.498089745328834, 0.0 ], [ -6.247149393521674, 53.496779855597438, 0.0 ], [ -6.246701509089586, 53.497122471838679, 0.0 ], [ -6.246658542469061, 53.497103236119479, 0.0 ], [ -6.245723597871686, 53.494455019403212, 0.0 ], [ -6.24573307132746, 53.494445361470568, 0.0 ], [ -6.245710797774712, 53.494418789293654, 0.0 ], [ -6.245537741725878, 53.493928375634816, 0.0 ], [ -6.24902022700598, 53.493377703184528, 0.0 ], [ -6.25257340404714, 53.491108635014882, 0.0 ], [ -6.256656394635534, 53.489964860515855, 0.0 ], [ -6.259962537872278, 53.490184991627103, 0.0 ], [ -6.264333567381117, 53.492569547976544, 0.0 ], [ -6.266607153703959, 53.493376241414047, 0.0 ], [ -6.268961318094874, 53.492206957113957, 0.0 ], [ -6.270539019069132, 53.492401742898728, 0.0 ], [ -6.276760213484692, 53.493882878154963, 0.0 ], [ -6.276744526422918, 53.496663729754459, 0.0 ], [ -6.276044955069934, 53.49993696771849, 0.0 ], [ -6.27592236285729, 53.500460998904316, 0.0 ], [ -6.278260717430198, 53.50054729047595, 0.0 ], [ -6.278058670219773, 53.50345551050718, 0.0 ], [ -6.280068360372098, 53.503832555693265, 0.0 ], [ -6.278837983607969, 53.50648509299716, 0.0 ], [ -6.2820797248331, 53.507421816934773, 0.0 ], [ -6.282078809553176, 53.508105431860763, 0.0 ], [ -6.281314644670736, 53.508539441823309, 0.0 ], [ -6.280606000116482, 53.508258979756043, 0.0 ], [ -6.280968385612852, 53.509186182691664, 0.0 ], [ -6.280212903829561, 53.510722420385378, 0.0 ], [ -6.28023866753551, 53.51096142273348, 0.0 ], [ -6.275613267328926, 53.511215201766696, 0.0 ], [ -6.274070772665016, 53.513685943195583, 0.0 ], [ -6.273510734397481, 53.516815390152765, 0.0 ], [ -6.273703415782291, 53.520944477171589, 0.0 ], [ -6.274182248394641, 53.521564103661703, 0.0 ], [ -6.274186569752416, 53.521482285350253, 0.0 ], [ -6.27906355280133, 53.520996961055808, 0.0 ], [ -6.27980079853995, 53.5212273294742, 0.0 ], [ -6.279909135674229, 53.522286595658812, 0.0 ], [ -6.279020647950913, 53.524466967400777, 0.0 ], [ -6.279656511172523, 53.525217449631008, 0.0 ], [ -6.278819215439569, 53.526001642837606, 0.0 ], [ -6.279318364208239, 53.526988699238196, 0.0 ], [ -6.277674011227589, 53.532379921341864, 0.0 ], [ -6.276828937640841, 53.532337004498658, 0.0 ], [ -6.276963136972151, 53.538356211373426, 0.0 ], [ -6.279269269083591, 53.541003486378848, 0.0 ], [ -6.278370368414372, 53.542377659021732, 0.0 ], [ -6.276498503747055, 53.545238254973349, 0.0 ], [ -6.276498500096963, 53.545238344800389, 0.0 ], [ -6.276455741013899, 53.547289051748798, 0.0 ], [ -6.278496382122926, 53.557461985115879, 0.0 ], [ -6.27330910975417, 53.557215256087787, 0.0 ], [ -6.267294920908218, 53.559535328105483, 0.0 ], [ -6.259344682535443, 53.559763657917273, 0.0 ], [ -6.252275142075187, 53.55929608147364, 0.0 ], [ -6.254107397483952, 53.557005385573071, 0.0 ], [ -6.252922437675697, 53.556534545243942, 0.0 ], [ -6.252050896260279, 53.556636315504313, 0.0 ], [ -6.251044067574864, 53.555979581943376, 0.0 ], [ -6.250231382307539, 53.556275261710823, 0.0 ], [ -6.248956246681832, 53.555532703255942, 0.0 ], [ -6.245864369583098, 53.55472700239384, 0.0 ], [ -6.246609206271854, 53.55310687484895, 0.0 ], [ -6.24807449058582, 53.553420462180661, 0.0 ], [ -6.251336107232916, 53.551730017118025, 0.0 ], [ -6.25126693728618, 53.550123210515487, 0.0 ] ] ] } },
{ "type": "Feature", "properties": { "name": "Oldtown", "district_code": "A45" }, "geometry": { "type": "Polygon", "coordinates": [ [ [ -6.273510734397481, 53.516815390152765, 0.0 ], [ -6.274070772665016, 53.513685943195583, 0.0 ], [ -6.275613267328926, 53.511215201766696, 0.0 ], [ -6.28023866753551, 53.51096142273348, 0.0 ], [ -6.280212903829561, 53.510722420385378, 0.0 ], [ -6.280968385612852, 53.509186182691664, 0.0 ], [ -6.280606000116482, 53.508258979756043, 0.0 ], [ -6.281314644670736, 53.508539441823309, 0.0 ], [ -6.282078809553176, 53.508105431860763, 0.0 ], [ -6.2820797248331, 53.507421816934773, 0.0 ], [ -6.278837983607969, 53.50648509299716, 0.0 ], [ -6.280068360372098, 53.503832555693265, 0.0 ], [ -6.284847759511286, 53.504353968287795, 0.0 ], [ -6.285103538652809, 53.504714013399763, 0.0 ], [ -6.286049359329763, 53.504822854203375, 0.0 ], [ -6.286595005556619, 53.503123405728282, 0.0 ], [ -6.29099132868803, 53.503103664508643, 0.0 ], [ -6.293850980270327, 53.503446070786815, 0.0 ], [ -6.293868279692022, 53.504544651302965, 0.0 ], [ -6.302574162590318, 53.505195851976829, 0.0 ], [ -6.302656877664512, 53.504087369885717, 0.0 ], [ -6.303774516091237, 53.50237889225545, 0.0 ], [ -6.304675817532448, 53.501319414178489, 0.0 ], [ -6.308589370376755, 53.502224950049232, 0.0 ], [ -6.309772754666469, 53.499950386167498, 0.0 ], [ -6.309473650630902, 53.499712288137424, 0.0 ], [ -6.309860409520067, 53.498046982007359, 0.0 ], [ -6.313148880252769, 53.499329292331872, 0.0 ], [ -6.318724244571843, 53.500525423333798, 0.0 ], [ -6.336713499107804, 53.497682504760988, 0.0 ], [ -6.341936953539558, 53.494925236143168, 0.0 ], [ -6.346471428316478, 53.501899338501111, 0.0 ], [ -6.351453566901707, 53.503435804174941, 0.0 ], [ -6.353385447497745, 53.503703312750702, 0.0 ], [ -6.353769885883658, 53.503491820131181, 0.0 ], [ -6.355125349352461, 53.50412561619811, 0.0 ], [ -6.358677130783614, 53.504902467206371, 0.0 ], [ -6.359678943586013, 53.504982821402642, 0.0 ], [ -6.359809009357289, 53.504164729244529, 0.0 ], [ -6.367483157682417, 53.506370632167162, 0.0 ], [ -6.366646198174129, 53.509866094601051, 0.0 ], [ -6.366511466521472, 53.51511812487346, 0.0 ], [ -6.367560758784238, 53.516105218684281, 0.0 ], [ -6.367477803896718, 53.51652894302012, 0.0 ], [ -6.3670276449974, 53.518700198564474, 0.0 ], [ -6.364406050005614, 53.518701026374757, 0.0 ], [ -6.366866777316602, 53.525643472522205, 0.0 ], [ -6.366216693160702, 53.52565553139452, 0.0 ], [ -6.366454937604912, 53.527794934531016, 0.0 ], [ -6.366274670148294, 53.52617573289259, 0.0 ], [ -6.370752839107253, 53.527875516681355, 0.0 ], [ -6.371274139758553, 53.531161841178175, 0.0 ], [ -6.370568807003814, 53.531094168236379, 0.0 ], [ -6.369320996349004, 53.530194995822512, 0.0 ], [ -6.368307213083654, 53.531406748253744, 0.0 ], [ -6.368837692600468, 53.531621337315769, 0.0 ], [ -6.368631529810829, 53.532336654319842, 0.0 ], [ -6.364396428069902, 53.532551929533192, 0.0 ], [ -6.36436032541207, 53.531729315476156, 0.0 ], [ -6.363189441925775, 53.532512671210341, 0.0 ], [ -6.364814730268003, 53.534466673905008, 0.0 ], [ -6.364122198508117, 53.534921063520066, 0.0 ], [ -6.363122444778461, 53.534984944909596, 0.0 ], [ -6.361685227045046, 53.537145984235245, 0.0 ], [ -6.362186871448878, 53.537799084535536, 0.0 ], [ -6.360902046620847, 53.539052540482153, 0.0 ], [ -6.361045050459254, 53.540830052591943, 0.0 ], [ -6.359163405246495, 53.541760732401279, 0.0 ], [ -6.355383389762335, 53.542127452114023, 0.0 ], [ -6.353665506151761, 53.543986947579135, 0.0 ], [ -6.352245612756821, 53.544563373668403, 0.0 ], [ -6.35156311530801, 53.544255389297824, 0.0 ], [ -6.345066171608582, 53.546902717754293, 0.0 ], [ -6.330973165590897, 53.550641186773426, 0.0 ], [ -6.321680306258719, 53.550511024740146, 0.0 ], [ -6.314141943746872, 53.54837407129228, 0.0 ], [ -6.313576459526208, 53.548872386059806, 0.0 ], [ -6.312087096012892, 53.550184817479227, 0.0 ], [ -6.307422248621028, 53.547386009660464, 0.0 ], [ -6.305877493627452, 53.546993740282183, 0.0 ], [ -6.305568686297834, 53.54664198121089, 0.0 ], [ -6.302859725075375, 53.546135379764024, 0.0 ], [ -6.298583759740932, 53.544688310700487, 0.0 ], [ -6.295089619259047, 53.543920131538052, 0.0 ], [ -6.294131811448524, 53.543579668255489, 0.0 ], [ -6.293893184312376, 53.543122911447313, 0.0 ], [ -6.29327934299881, 53.543176437095667, 0.0 ], [ -6.292691115522394, 53.542599730960632, 0.0 ], [ -6.291238272876758, 53.542417282750982, 0.0 ], [ -6.286096007881952, 53.540034762639017, 0.0 ], [ -6.285344525768133, 53.541025246408395, 0.0 ], [ -6.280420820797453, 53.539243312709715, 0.0 ], [ -6.279269269083591, 53.541003486378848, 0.0 ], [ -6.276963136972151, 53.538356211373426, 0.0 ], [ -6.276828937640841, 53.532337004498658, 0.0 ], [ -6.277674011227589, 53.532379921341864, 0.0 ], [ -6.279318364208239, 53.526988699238196, 0.0 ], [ -6.278819215439569, 53.526001642837606, 0.0 ], [ -6.279656511172523, 53.525217449631008, 0.0 ], [ -6.279020647950913, 53.524466967400777, 0.0 ], [ -6.279909135674229, 53.522286595658812, 0.0 ], [ -6.27980079853995, 53.5212273294742, 0.0 ], [ -6.27906355280133, 53.520996961055808, 0.0 ], [ -6.274186569752416, 53.521482285350253, 0.0 ], [ -6.274182248394641, 53.521564103661703, 0.0 ], [ -6.273703415782291, 53.520944477171589, 0.0 ], [ -6.273510734397481, 53.516815390152765, 0.0 ] ] ] } },
{ "type": "Feature", "properties": { "name": "Dublin 11", "district_code": "D11" }, "geometry": { "type": "Polygon", "coordinates": [ [ [ -6.263633567165573, 53.395398839201036, 0.0 ], [ -6.263960244505069, 53.394993549309895, 0.0 ], [ -6.264139118136063, 53.394358887833334, 0.0 ], [ -6.263912198014252, 53.392143054159988, 0.0 ], [ -6.263904605637096, 53.391869522847017, 0.0 ], [ -6.264443858996295, 53.389707434364325, 0.0 ], [ -6.264744725989868, 53.389142765805083, 0.0 ], [ -6.265275337323447, 53.389249528325408, 0.0 ], [ -6.265352908662063, 53.389150257490435, 0.0 ], [ -6.265579795060218, 53.388727334188786, 0.0 ], [ -6.270168518990291, 53.389320450924018, 0.0 ], [ -6.270318182127348, 53.38899041624731, 0.0 ], [ -6.267398745062152, 53.388597176364954, 0.0 ], [ -6.266251280445003, 53.387924646266704, 0.0 ], [ -6.266032677121809, 53.386615665357006, 0.0 ], [ -6.266115182027076, 53.386547385105409, 0.0 ], [ -6.265793022578002, 53.386242768608383, 0.0 ], [ -6.265781637470485, 53.385647404542823, 0.0 ], [ -6.266212340637149, 53.385334400719131, 0.0 ], [ -6.266486006346424, 53.383457324737364, 0.0 ], [ -6.266838692580699, 53.382259195759858, 0.0 ], [ -6.268599092859103, 53.382529224670215, 0.0 ], [ -6.269430591825919, 53.379128463107882, 0.0 ], [ -6.269412943073254, 53.379126499444588, 0.0 ], [ -6.26952907653314, 53.377412155001331, 0.0 ], [ -6.270395387812194, 53.377084598962348, 0.0 ], [ -6.270110058206908, 53.376230179187935, 0.0 ], [ -6.27025114017506, 53.376021989833831, 0.0 ], [ -6.270218669100974, 53.376015676878481, 0.0 ], [ -6.270046663953789, 53.375589120079646, 0.0 ], [ -6.270064597897107, 53.374954003502282, 0.0 ], [ -6.270936198293742, 53.374375210094222, 0.0 ], [ -6.27210938932168, 53.374141879786613, 0.0 ], [ -6.273705406386792, 53.374803138981527, 0.0 ], [ -6.274387841804162, 53.374704430678783, 0.0 ], [ -6.273292437957582, 53.374004674689296, 0.0 ], [ -6.273433483253062, 53.373606829948521, 0.0 ], [ -6.272849059710501, 53.373278033878663, 0.0 ], [ -6.273185210066321, 53.373064125192322, 0.0 ], [ -6.272463783308105, 53.372598521582383, 0.0 ], [ -6.272505959548026, 53.372205718132484, 0.0 ], [ -6.273513432110506, 53.371817265796729, 0.0 ], [ -6.273014178408084, 53.371317128741289, 0.0 ], [ -6.270913528868671, 53.371385312578525, 0.0 ], [ -6.271828465948106, 53.370061568428369, 0.0 ], [ -6.272042220325835, 53.369738391452287, 0.0 ], [ -6.272938286917357, 53.369639099742777, 0.0 ], [ -6.27358554613828, 53.368894174176155, 0.0 ], [ -6.272868769597015, 53.368630784518395, 0.0 ], [ -6.273092526478264, 53.368053833370027, 0.0 ], [ -6.272979235351298, 53.367864070552024, 0.0 ], [ -6.272654453802437, 53.36751925583912, 0.0 ], [ -6.271959674448243, 53.367350015870478, 0.0 ], [ -6.271866430701474, 53.366965228237881, 0.0 ], [ -6.271812714551121, 53.366798078421752, 0.0 ], [ -6.271613955631532, 53.366628738068599, 0.0 ], [ -6.271843168870386, 53.366342726858115, 0.0 ], [ -6.271997838550271, 53.366284655658497, 0.0 ], [ -6.271838076071629, 53.366061321832852, 0.0 ], [ -6.272053330261657, 53.365933300740608, 0.0 ], [ -6.272104255486381, 53.365572262268252, 0.0 ], [ -6.272737227201393, 53.365176236732708, 0.0 ], [ -6.273106635590369, 53.364622605670071, 0.0 ], [ -6.275446177491082, 53.365320488093317, 0.0 ], [ -6.277421065627657, 53.365953469072352, 0.0 ], [ -6.282091976073608, 53.367450375275247, 0.0 ], [ -6.286058843237059, 53.3688204098952, 0.0 ], [ -6.289505164928773, 53.370786587637305, 0.0 ], [ -6.291133324253411, 53.371153171380612, 0.0 ], [ -6.295718800299357, 53.372121066213197, 0.0 ], [ -6.299932453040994, 53.372918644216213, 0.0 ], [ -6.299932973640637, 53.372843330746953, 0.0 ], [ -6.303164980552302, 53.373383226737715, 0.0 ], [ -6.303216234279883, 53.373303780990128, 0.0 ], [ -6.303584296847066, 53.373524369797266, 0.0 ], [ -6.304935916537908, 53.373946154349028, 0.0 ], [ -6.307796872931046, 53.374778251262924, 0.0 ], [ -6.308239411372464, 53.374903438439439, 0.0 ], [ -6.308458689241133, 53.374800486246215, 0.0 ], [ -6.310558413445163, 53.374989857288469, 0.0 ], [ -6.310181829560451, 53.37517426588888, 0.0 ], [ -6.309793709196792, 53.375343140190864, 0.0 ], [ -6.309918264320737, 53.375857228926243, 0.0 ], [ -6.309893789593233, 53.376728823202718, 0.0 ], [ -6.309867183930873, 53.377159608165925, 0.0 ], [ -6.31142116348051, 53.378148729052668, 0.0 ], [ -6.314106914805115, 53.378433241386674, 0.0 ], [ -6.315379719573649, 53.377968819677406, 0.0 ], [ -6.315790107164411, 53.378262951145878, 0.0 ], [ -6.315887311352053, 53.378309802786262, 0.0 ], [ -6.317876257964737, 53.378534421734123, 0.0 ], [ -6.319636391761692, 53.379492094395658, 0.0 ], [ -6.320929010373315, 53.379802580094321, 0.0 ], [ -6.32203655808836, 53.379671469528226, 0.0 ], [ -6.324366439403017, 53.379667979649462, 0.0 ], [ -6.323765685009954, 53.381456720676006, 0.0 ], [ -6.322044603656111, 53.384142458524707, 0.0 ], [ -6.321379648381336, 53.385072278229664, 0.0 ], [ -6.321328495851298, 53.387513093224769, 0.0 ], [ -6.32355182965727, 53.389181076798558, 0.0 ], [ -6.323816349530782, 53.390446004177427, 0.0 ], [ -6.323650498712414, 53.390589372528545, 0.0 ], [ -6.324259861953977, 53.390829462426701, 0.0 ], [ -6.323847986935246, 53.391480710891294, 0.0 ], [ -6.334575792130081, 53.395829025981598, 0.0 ], [ -6.346950282360634, 53.391158603744941, 0.0 ], [ -6.348364120086392, 53.398024303757801, 0.0 ], [ -6.34873167293709, 53.398058060336858, 0.0 ], [ -6.351627995256359, 53.398664156207694, 0.0 ], [ -6.35258269208477, 53.399253919150787, 0.0 ], [ -6.353798096001563, 53.400853483215826, 0.0 ], [ -6.357702777335151, 53.403326307484718, 0.0 ], [ -6.355910594011569, 53.403989046870251, 0.0 ], [ -6.354066279235951, 53.405332335600029, 0.0 ], [ -6.353730854084442, 53.406279905450113, 0.0 ], [ -6.351011250400776, 53.407075476738846, 0.0 ], [ -6.350152469565924, 53.407417202600733, 0.0 ], [ -6.350067760830727, 53.406714693762183, 0.0 ], [ -6.347041143061318, 53.406819243938493, 0.0 ], [ -6.346209552914536, 53.407492258557603, 0.0 ], [ -6.346376138350916, 53.406869176516103, 0.0 ], [ -6.345814598996093, 53.407539187441728, 0.0 ], [ -6.346129659328715, 53.409685856785309, 0.0 ], [ -6.345164392337782, 53.411457870042099, 0.0 ], [ -6.345342636777759, 53.41214603936907, 0.0 ], [ -6.34516188554076, 53.412100841013654, 0.0 ], [ -6.342689930115941, 53.417748354613117, 0.0 ], [ -6.341421003127147, 53.418071023041676, 0.0 ], [ -6.339205108801588, 53.421253632221749, 0.0 ], [ -6.340237601862715, 53.422874782120701, 0.0 ], [ -6.346209757384112, 53.423017144633334, 0.0 ], [ -6.349015253872653, 53.423008959306529, 0.0 ], [ -6.348831702879829, 53.424357233494547, 0.0 ], [ -6.347645898594369, 53.426612647009428, 0.0 ], [ -6.345543829411771, 53.428203905235122, 0.0 ], [ -6.348103951009552, 53.428876598266179, 0.0 ], [ -6.349854097000939, 53.427506392088929, 0.0 ], [ -6.352739434721916, 53.428554414941921, 0.0 ], [ -6.354704734421313, 53.427056150769062, 0.0 ], [ -6.355988239604921, 53.427305539052867, 0.0 ], [ -6.358941918720745, 53.426998689167625, 0.0 ], [ -6.361218429734693, 53.428323597181091, 0.0 ], [ -6.36521104382659, 53.429994455186332, 0.0 ], [ -6.367649696717518, 53.429620747244833, 0.0 ], [ -6.368301522759955, 53.430279847444446, 0.0 ], [ -6.366831470191554, 53.431010250731141, 0.0 ], [ -6.366360905984903, 53.43283574929989, 0.0 ], [ -6.367841497963878, 53.433076019880986, 0.0 ], [ -6.369011626899581, 53.432221428647779, 0.0 ], [ -6.369278749321598, 53.432665578309283, 0.0 ], [ -6.368348809287551, 53.434054734542428, 0.0 ], [ -6.367503176653813, 53.434900992606309, 0.0 ], [ -6.36850316227461, 53.435780381422809, 0.0 ], [ -6.368259337720424, 53.436185824302811, 0.0 ], [ -6.368695795180073, 53.43670473160401, 0.0 ], [ -6.367375513421713, 53.437528415964195, 0.0 ], [ -6.368011509073954, 53.438098228816926, 0.0 ], [ -6.367797858527313, 53.43876859963332, 0.0 ], [ -6.37299786567732, 53.440402742071733, 0.0 ], [ -6.375525018120156, 53.440902449478578, 0.0 ], [ -6.375127978444075, 53.441832876850413, 0.0 ], [ -6.375729016197289, 53.442057392813531, 0.0 ], [ -6.376068000079773, 53.443039444706329, 0.0 ], [ -6.374040041510699, 53.443483453431796, 0.0 ], [ -6.374198192106664, 53.444293805127131, 0.0 ], [ -6.375318961228587, 53.444347074925375, 0.0 ], [ -6.37579720183421, 53.44435447809073, 0.0 ], [ -6.377700987315433, 53.444387092729976, 0.0 ], [ -6.379224344102343, 53.44335312587566, 0.0 ], [ -6.380634605460259, 53.442992603054812, 0.0 ], [ -6.381057736786692, 53.442320017213021, 0.0 ], [ -6.388398938170188, 53.452039645971411, 0.0 ], [ -6.389471446182091, 53.457945437124799, 0.0 ], [ -6.392808856875683, 53.461977521357156, 0.0 ], [ -6.393757788020784, 53.463035310150751, 0.0 ], [ -6.39316218715137, 53.463787948596682, 0.0 ], [ -6.392064179975627, 53.463989334575722, 0.0 ], [ -6.391195145245126, 53.464780795678969, 0.0 ], [ -6.392501420279268, 53.464831275516332, 0.0 ], [ -6.39366250204729, 53.465312197777941, 0.0 ], [ -6.396250930159372, 53.466610944339813, 0.0 ], [ -6.3968974292189, 53.467520210298815, 0.0 ], [ -6.400181063000214, 53.468881404724229, 0.0 ], [ -6.401281055647633, 53.46993180586972, 0.0 ], [ -6.401064067586288, 53.470624386141374, 0.0 ], [ -6.406575365915098, 53.471392152931912, 0.0 ], [ -6.406137364403652, 53.472159359509597, 0.0 ], [ -6.404693841865312, 53.472588319945928, 0.0 ], [ -6.404178854663995, 53.47573700273032, 0.0 ], [ -6.4051212252748, 53.476027760915407, 0.0 ], [ -6.405060728414978, 53.476696551270962, 0.0 ], [ -6.409861752086902, 53.477347901099478, 0.0 ], [ -6.410142070433819, 53.478474757232782, 0.0 ], [ -6.408895163185215, 53.478596033457585, 0.0 ], [ -6.408398727922959, 53.479309980287226, 0.0 ], [ -6.408744917138234, 53.480176888603232, 0.0 ], [ -6.407246472078684, 53.4815379117898, 0.0 ], [ -6.405187071884113, 53.48095112649154, 0.0 ], [ -6.404388195598289, 53.481906748613248, 0.0 ], [ -6.407468974139578, 53.482289478074435, 0.0 ], [ -6.407972335441514, 53.48297162485256, 0.0 ], [ -6.406221786619564, 53.483174153910333, 0.0 ], [ -6.404515370650721, 53.482240009851459, 0.0 ], [ -6.403226733180134, 53.482062721974387, 0.0 ], [ -6.402913218142989, 53.48326623407857, 0.0 ], [ -6.400438420744473, 53.483404080201723, 0.0 ], [ -6.399371905074783, 53.484347457920244, 0.0 ], [ -6.397440054615759, 53.484889599046255, 0.0 ], [ -6.396779352997292, 53.486254535084377, 0.0 ], [ -6.396717081278315, 53.487081753669742, 0.0 ], [ -6.385988787087243, 53.483368321278249, 0.0 ], [ -6.380349115747051, 53.485579972596703, 0.0 ], [ -6.381160452511784, 53.486098424420852, 0.0 ], [ -6.379819520757577, 53.485241498631545, 0.0 ], [ -6.36928547436457, 53.48706907511486, 0.0 ], [ -6.358078957099454, 53.472395316234632, 0.0 ], [ -6.351367887564416, 53.46622469294779, 0.0 ], [ -6.351030811136064, 53.466975839611941, 0.0 ], [ -6.347665169384276, 53.465965825703947, 0.0 ], [ -6.346353826187541, 53.467691708985136, 0.0 ], [ -6.346895208277, 53.467992658958963, 0.0 ], [ -6.346255983672075, 53.468888631956034, 0.0 ], [ -6.345706226439927, 53.468783680898291, 0.0 ], [ -6.344176001737885, 53.470565111161626, 0.0 ], [ -6.338306878590597, 53.469080867955654, 0.0 ], [ -6.336978357139038, 53.468212028391704, 0.0 ], [ -6.334255000200305, 53.467692870276501, 0.0 ], [ -6.332706601025207, 53.467733467646227, 0.0 ], [ -6.32947364371306, 53.466558602371755, 0.0 ], [ -6.327035398223634, 53.460955241681056, 0.0 ], [ -6.324000778000679, 53.456985118930298, 0.0 ], [ -6.315935369652004, 53.454193788046794, 0.0 ], [ -6.312506347015669, 53.45015820727231, 0.0 ], [ -6.30889313397985, 53.448262217163133, 0.0 ], [ -6.307457653527325, 53.446754180727204, 0.0 ], [ -6.311209593910689, 53.442641594313962, 0.0 ], [ -6.316241805982208, 53.434825800944253, 0.0 ], [ -6.316219459743224, 53.434825845405982, 0.0 ], [ -6.31616148099579, 53.434741259173904, 0.0 ], [ -6.320351451272466, 53.433248923460077, 0.0 ], [ -6.326732682071946, 53.433160090504053, 0.0 ], [ -6.327974481689193, 53.431987195504107, 0.0 ], [ -6.326756921555848, 53.426147857303803, 0.0 ], [ -6.324526397938055, 53.426103908820117, 0.0 ], [ -6.324424218161746, 53.423776093530975, 0.0 ], [ -6.322355570713158, 53.423589217653706, 0.0 ], [ -6.325415075575867, 53.422178072872185, 0.0 ], [ -6.31784345699198, 53.411602503409306, 0.0 ], [ -6.3176969868862, 53.411434519457622, 0.0 ], [ -6.309172179327146, 53.412381615225975, 0.0 ], [ -6.299309888344383, 53.414919461439581, 0.0 ], [ -6.279889135691035, 53.412379837385636, 0.0 ], [ -6.276080073975411, 53.408593198135762, 0.0 ], [ -6.264709882152801, 53.409152203819694, 0.0 ], [ -6.272332057738399, 53.408777565539765, 0.0 ], [ -6.272107759112796, 53.405462810684945, 0.0 ], [ -6.271885775612756, 53.405461125637601, 0.0 ], [ -6.269946504271679, 53.405075399431034, 0.0 ], [ -6.268995205246688, 53.403931706990384, 0.0 ], [ -6.268533936035853, 53.402222747732722, 0.0 ], [ -6.263779600445851, 53.401395544246988, 0.0 ], [ -6.263775390789878, 53.401188215539065, 0.0 ], [ -6.263753936115299, 53.400390022498314, 0.0 ], [ -6.263751309886251, 53.400286979717627, 0.0 ], [ -6.263808395526272, 53.399576485072572, 0.0 ], [ -6.264063015514163, 53.397819042868804, 0.0 ], [ -6.264143868923599, 53.396804733204746, 0.0 ], [ -6.264171160091754, 53.395671090282669, 0.0 ], [ -6.263633567165573, 53.395398839201036, 0.0 ] ] ] } },
{ "type": "Feature", "properties": { "name": "Dublin 15", "district_code": "D15" }, "geometry": { "type": "Polygon", "coordinates": [ [ [ -6.309793709196792, 53.375343140190864, 0.0 ], [ -6.310181829560451, 53.37517426588888, 0.0 ], [ -6.310558413445163, 53.374989857288469, 0.0 ], [ -6.310855606546617, 53.375016624134943, 0.0 ], [ -6.31493982457226, 53.37551163202896, 0.0 ], [ -6.316470429215889, 53.375470045825061, 0.0 ], [ -6.317482646081522, 53.3754843198275, 0.0 ], [ -6.319308851033017, 53.375510050731009, 0.0 ], [ -6.324533028275718, 53.375497577447007, 0.0 ], [ -6.331043453703162, 53.375424492520864, 0.0 ], [ -6.330475101639882, 53.373551147007852, 0.0 ], [ -6.329989034379963, 53.372056540897731, 0.0 ], [ -6.330757866258718, 53.372317706163187, 0.0 ], [ -6.331035003059217, 53.372942841709346, 0.0 ], [ -6.331821524591073, 53.372764637880856, 0.0 ], [ -6.331833247347914, 53.372090422286092, 0.0 ], [ -6.332464915104962, 53.371700086976176, 0.0 ], [ -6.333794633504353, 53.370830991269962, 0.0 ], [ -6.337566126028164, 53.371178936799922, 0.0 ], [ -6.347120734735159, 53.369920287355015, 0.0 ], [ -6.348648211111707, 53.369716280639381, 0.0 ], [ -6.349289315410524, 53.36964111106343, 0.0 ], [ -6.349797072700947, 53.368805497647159, 0.0 ], [ -6.351082112031391, 53.366713390239276, 0.0 ], [ -6.353358080387963, 53.363027871456978, 0.0 ], [ -6.355092714942931, 53.360218470643801, 0.0 ], [ -6.35892718623669, 53.360642294175655, 0.0 ], [ -6.35998798272673, 53.360137724457658, 0.0 ], [ -6.360681928799988, 53.360147259599692, 0.0 ], [ -6.362516062786709, 53.360977147258218, 0.0 ], [ -6.363288768345507, 53.361195373102987, 0.0 ], [ -6.365069587325447, 53.362284155793581, 0.0 ], [ -6.367819612242887, 53.362996716926204, 0.0 ], [ -6.374319766434589, 53.363241207863716, 0.0 ], [ -6.379292084246237, 53.363724180148211, 0.0 ], [ -6.382025017074969, 53.363951182881742, 0.0 ], [ -6.382479939569899, 53.362518807989169, 0.0 ], [ -6.382295607572682, 53.363099276123769, 0.0 ], [ -6.384003020400308, 53.363087266057207, 0.0 ], [ -6.385725212017422, 53.363448077018901, 0.0 ], [ -6.389158471529619, 53.362170616812328, 0.0 ], [ -6.390585770139973, 53.362293596984294, 0.0 ], [ -6.39140492879852, 53.362434429470902, 0.0 ], [ -6.395374891701517, 53.363033092886312, 0.0 ], [ -6.403880822694479, 53.364185551953518, 0.0 ], [ -6.407475991898495, 53.365531455948727, 0.0 ], [ -6.409042045614714, 53.365706668461058, 0.0 ], [ -6.408974073284422, 53.365615072946568, 0.0 ], [ -6.408120637962821, 53.362873573550281, 0.0 ], [ -6.412197853933899, 53.367800216853389, 0.0 ], [ -6.413947425826855, 53.368209337477744, 0.0 ], [ -6.418794582852805, 53.367350047269284, 0.0 ], [ -6.420136440828454, 53.366710793752233, 0.0 ], [ -6.421370015243474, 53.367701868764641, 0.0 ], [ -6.427130045447665, 53.371567806956868, 0.0 ], [ -6.435789701811055, 53.372148992700858, 0.0 ], [ -6.438867725907826, 53.373435209796654, 0.0 ], [ -6.442759180743597, 53.373849521472074, 0.0 ], [ -6.445177591210793, 53.374192574709006, 0.0 ], [ -6.448933286510704, 53.378342745414528, 0.0 ], [ -6.453802979840656, 53.382922650211398, 0.0 ], [ -6.455445710747219, 53.384492363788034, 0.0 ], [ -6.459185475755647, 53.384888710081675, 0.0 ], [ -6.462332812815319, 53.385865120416845, 0.0 ], [ -6.463434685999094, 53.38405511568326, 0.0 ], [ -6.466610533794915, 53.384998165216594, 0.0 ], [ -6.46697232814066, 53.384197672335837, 0.0 ], [ -6.470419749021554, 53.386874824632287, 0.0 ], [ -6.471792024436686, 53.38766994702204, 0.0 ], [ -6.471410457331883, 53.387560082430021, 0.0 ], [ -6.470458951488919, 53.388351055976251, 0.0 ], [ -6.468348410754279, 53.388844126110932, 0.0 ], [ -6.466584499640401, 53.388251285616597, 0.0 ], [ -6.465241549423757, 53.388214882455422, 0.0 ], [ -6.464646502513225, 53.388920693125101, 0.0 ], [ -6.464141084897389, 53.388741443169501, 0.0 ], [ -6.463573060233701, 53.389229908320367, 0.0 ], [ -6.465127685928113, 53.393971270237614, 0.0 ], [ -6.466584861099611, 53.394509229316149, 0.0 ], [ -6.466294443955843, 53.395336163016893, 0.0 ], [ -6.464039917981794, 53.397643319986827, 0.0 ], [ -6.465141495790083, 53.400824382971948, 0.0 ], [ -6.466482285203007, 53.401452701597869, 0.0 ], [ -6.466517292704474, 53.401655379458397, 0.0 ], [ -6.466036289005815, 53.402251570612414, 0.0 ], [ -6.465141970779514, 53.402392871267594, 0.0 ], [ -6.464263895919285, 53.404135572178063, 0.0 ], [ -6.462632568387777, 53.404982540593792, 0.0 ], [ -6.463679780244071, 53.405536464090666, 0.0 ], [ -6.464177731153231, 53.405294804060738, 0.0 ], [ -6.46590670090809, 53.406267054985058, 0.0 ], [ -6.465770097942139, 53.407177752679267, 0.0 ], [ -6.464816151237404, 53.408148678453578, 0.0 ], [ -6.46337979653392, 53.408511109093325, 0.0 ], [ -6.463096975111826, 53.409236388686061, 0.0 ], [ -6.461798990523698, 53.410276922094262, 0.0 ], [ -6.460515488453223, 53.409949398094632, 0.0 ], [ -6.459366322608902, 53.410065799145301, 0.0 ], [ -6.458801989194534, 53.411451463322855, 0.0 ], [ -6.45871209382383, 53.411707357311847, 0.0 ], [ -6.453825795007567, 53.411052776886372, 0.0 ], [ -6.453303266355145, 53.412634983860862, 0.0 ], [ -6.457057267912227, 53.413418495088813, 0.0 ], [ -6.456340944415805, 53.415492724855426, 0.0 ], [ -6.457920717036274, 53.415780168389347, 0.0 ], [ -6.457649435978762, 53.417584852212208, 0.0 ], [ -6.458010272536347, 53.418198622950939, 0.0 ], [ -6.457459983722837, 53.418286967074522, 0.0 ], [ -6.457201897777324, 53.419143505879894, 0.0 ], [ -6.456087537311743, 53.419398380634213, 0.0 ], [ -6.456405031535496, 53.419875878306705, 0.0 ], [ -6.456047557747231, 53.420255220161707, 0.0 ], [ -6.456572213577346, 53.42054988527471, 0.0 ], [ -6.455946958386596, 53.420904823556242, 0.0 ], [ -6.456551697011909, 53.421030652768486, 0.0 ], [ -6.456194513792311, 53.421271585066869, 0.0 ], [ -6.456430514815217, 53.421635410413096, 0.0 ], [ -6.458110026733507, 53.42310631764029, 0.0 ], [ -6.459292031891735, 53.42299763076781, 0.0 ], [ -6.460647452107995, 53.423581258513877, 0.0 ], [ -6.460971537618861, 53.424015955959469, 0.0 ], [ -6.462034420340617, 53.424330204760395, 0.0 ], [ -6.461899461716589, 53.42524280489733, 0.0 ], [ -6.465134511111215, 53.426975769075746, 0.0 ], [ -6.465271794674592, 53.426599772607993, 0.0 ], [ -6.46607587223065, 53.426841811228506, 0.0 ], [ -6.465618655767554, 53.427616984703945, 0.0 ], [ -6.463240492104736, 53.429042622474839, 0.0 ], [ -6.465250750360687, 53.430260267183421, 0.0 ], [ -6.46310030647594, 53.432054275975183, 0.0 ], [ -6.466385627663823, 53.434020004865815, 0.0 ], [ -6.466378701037867, 53.434015871375827, 0.0 ], [ -6.458354695132608, 53.435646146124625, 0.0 ], [ -6.449216694146757, 53.440288546147663, 0.0 ], [ -6.447436103882411, 53.445383115268598, 0.0 ], [ -6.438972563950929, 53.447306133494209, 0.0 ], [ -6.438076860540872, 53.449900103020909, 0.0 ], [ -6.438118643573292, 53.451201376233719, 0.0 ], [ -6.435287290403259, 53.451225348759635, 0.0 ], [ -6.4336135651929, 53.4509386291029, 0.0 ], [ -6.432250835703777, 53.452626832916359, 0.0 ], [ -6.430084935347818, 53.452444334301909, 0.0 ], [ -6.429256521198279, 53.45267243191909, 0.0 ], [ -6.426826827149592, 53.451580335068059, 0.0 ], [ -6.425678665392147, 53.453828810337498, 0.0 ], [ -6.428750967506349, 53.454475225709039, 0.0 ], [ -6.429641924056114, 53.455151506303658, 0.0 ], [ -6.431404307739891, 53.455398639837263, 0.0 ], [ -6.430878346512581, 53.455924084745085, 0.0 ], [ -6.431058360726471, 53.456609798231455, 0.0 ], [ -6.430379406053238, 53.458672946089962, 0.0 ], [ -6.42945360026737, 53.459941371775251, 0.0 ], [ -6.429338462979262, 53.461320846207045, 0.0 ], [ -6.430614699633798, 53.461193812902671, 0.0 ], [ -6.432455474654926, 53.461899262185788, 0.0 ], [ -6.434941682439359, 53.462055622179626, 0.0 ], [ -6.43735611819227, 53.462894968432266, 0.0 ], [ -6.438194644034561, 53.463535983255902, 0.0 ], [ -6.439907195587753, 53.463875721092151, 0.0 ], [ -6.440808018874759, 53.463174384243779, 0.0 ], [ -6.442890666318991, 53.463536615048135, 0.0 ], [ -6.44547965710133, 53.464728507005212, 0.0 ], [ -6.448518748334372, 53.465644059155977, 0.0 ], [ -6.449085977346312, 53.466014802933529, 0.0 ], [ -6.449030489633929, 53.466487292923141, 0.0 ], [ -6.450677249806343, 53.467376975881159, 0.0 ], [ -6.454446623046699, 53.468381385538422, 0.0 ], [ -6.455621669836473, 53.467028002263277, 0.0 ], [ -6.456341755335793, 53.467173474278788, 0.0 ], [ -6.458306403880032, 53.465439473390475, 0.0 ], [ -6.460143197658472, 53.465689026612417, 0.0 ], [ -6.46004967434826, 53.466083196109288, 0.0 ], [ -6.461338703265007, 53.466637546727014, 0.0 ], [ -6.463178664284624, 53.465302089209047, 0.0 ], [ -6.463977175307392, 53.465663063644705, 0.0 ], [ -6.463888183702685, 53.468127551201597, 0.0 ], [ -6.463215639320632, 53.47321886468022, 0.0 ], [ -6.454693181044237, 53.479228844614539, 0.0 ], [ -6.446535059286831, 53.481891670083741, 0.0 ], [ -6.43098902618142, 53.479502790886677, 0.0 ], [ -6.42612751492601, 53.478855901143163, 0.0 ], [ -6.421684226437939, 53.480108710427018, 0.0 ], [ -6.416687075246327, 53.483102697584172, 0.0 ], [ -6.409588998653259, 53.484081944875655, 0.0 ], [ -6.409774305669847, 53.483430543231684, 0.0 ], [ -6.408979520528924, 53.4830065209254, 0.0 ], [ -6.407972335441514, 53.48297162485256, 0.0 ], [ -6.407468974139578, 53.482289478074435, 0.0 ], [ -6.404388195598289, 53.481906748613248, 0.0 ], [ -6.405187071884113, 53.48095112649154, 0.0 ], [ -6.407246472078684, 53.4815379117898, 0.0 ], [ -6.408744917138234, 53.480176888603232, 0.0 ], [ -6.408398727922959, 53.479309980287226, 0.0 ], [ -6.408895163185215, 53.478596033457585, 0.0 ], [ -6.410142070433819, 53.478474757232782, 0.0 ], [ -6.409861752086902, 53.477347901099478, 0.0 ], [ -6.405060728414978, 53.476696551270962, 0.0 ], [ -6.4051212252748, 53.476027760915407, 0.0 ], [ -6.404178854663995, 53.47573700273032, 0.0 ], [ -6.404693841865312, 53.472588319945928, 0.0 ], [ -6.406137364403652, 53.472159359509597, 0.0 ], [ -6.406575365915098, 53.471392152931912, 0.0 ], [ -6.401064067586288, 53.470624386141374, 0.0 ], [ -6.401281055647633, 53.46993180586972, 0.0 ], [ -6.400181063000214, 53.468881404724229, 0.0 ], [ -6.3968974292189, 53.467520210298815, 0.0 ], [ -6.396250930159372, 53.466610944339813, 0.0 ], [ -6.39366250204729, 53.465312197777941, 0.0 ], [ -6.392501420279268, 53.464831275516332, 0.0 ], [ -6.391195145245126, 53.464780795678969, 0.0 ], [ -6.392064179975627, 53.463989334575722, 0.0 ], [ -6.39316218715137, 53.463787948596682, 0.0 ], [ -6.393757788020784, 53.463035310150751, 0.0 ], [ -6.392808856875683, 53.461977521357156, 0.0 ], [ -6.389471446182091, 53.457945437124799, 0.0 ], [ -6.388398938170188, 53.452039645971411, 0.0 ], [ -6.381057736786692, 53.442320017213021, 0.0 ], [ -6.380634605460259, 53.442992603054812, 0.0 ], [ -6.379224344102343, 53.44335312587566, 0.0 ], [ -6.377700987315433, 53.444387092729976, 0.0 ], [ -6.37579720183421, 53.44435447809073, 0.0 ], [ -6.375318961228587, 53.444347074925375, 0.0 ], [ -6.374198192106664, 53.444293805127131, 0.0 ], [ -6.374040041510699, 53.443483453431796, 0.0 ], [ -6.376068000079773, 53.443039444706329, 0.0 ], [ -6.375729016197289, 53.442057392813531, 0.0 ], [ -6.375127978444075, 53.441832876850413, 0.0 ], [ -6.375525018120156, 53.440902449478578, 0.0 ], [ -6.37299786567732, 53.440402742071733, 0.0 ], [ -6.367797858527313, 53.43876859963332, 0.0 ], [ -6.368011509073954, 53.438098228816926, 0.0 ], [ -6.367375513421713, 53.437528415964195, 0.0 ], [ -6.368695795180073, 53.43670473160401, 0.0 ], [ -6.368259337720424, 53.436185824302811, 0.0 ], [ -6.36850316227461, 53.435780381422809, 0.0 ], [ -6.367503176653813, 53.434900992606309, 0.0 ], [ -6.368348809287551, 53.434054734542428, 0.0 ], [ -6.369278749321598, 53.432665578309283, 0.0 ], [ -6.369011626899581, 53.432221428647779, 0.0 ], [ -6.367841497963878, 53.433076019880986, 0.0 ], [ -6.366360905984903, 53.43283574929989, 0.0 ], [ -6.366831470191554, 53.431010250731141, 0.0 ], [ -6.368301522759955, 53.430279847444446, 0.0 ], [ -6.367649696717518, 53.429620747244833, 0.0 ], [ -6.36521104382659, 53.429994455186332, 0.0 ], [ -6.361218429734693, 53.428323597181091, 0.0 ], [ -6.358941918720745, 53.426998689167625, 0.0 ], [ -6.355988239604921, 53.427305539052867, 0.0 ], [ -6.354704734421313, 53.427056150769062, 0.0 ], [ -6.352739434721916, 53.428554414941921, 0.0 ], [ -6.349854097000939, 53.427506392088929, 0.0 ], [ -6.348103951009552, 53.428876598266179, 0.0 ], [ -6.345543829411771, 53.428203905235122, 0.0 ], [ -6.347645898594369, 53.426612647009428, 0.0 ], [ -6.348831702879829, 53.424357233494547, 0.0 ], [ -6.349015253872653, 53.423008959306529, 0.0 ], [ -6.346209757384112, 53.423017144633334, 0.0 ], [ -6.340237601862715, 53.422874782120701, 0.0 ], [ -6.339205108801588, 53.421253632221749, 0.0 ], [ -6.341421003127147, 53.418071023041676, 0.0 ], [ -6.342689930115941, 53.417748354613117, 0.0 ], [ -6.34516188554076, 53.412100841013654, 0.0 ], [ -6.345342636777759, 53.41214603936907, 0.0 ], [ -6.345164392337782, 53.411457870042099, 0.0 ], [ -6.346129659328715, 53.409685856785309, 0.0 ], [ -6.345814598996093, 53.407539187441728, 0.0 ], [ -6.346376138350916, 53.406869176516103, 0.0 ], [ -6.346209552914536, 53.407492258557603, 0.0 ], [ -6.347041143061318, 53.406819243938493, 0.0 ], [ -6.350067760830727, 53.406714693762183, 0.0 ], [ -6.350152469565924, 53.407417202600733, 0.0 ], [ -6.351011250400776, 53.407075476738846, 0.0 ], [ -6.353730854084442, 53.406279905450113, 0.0 ], [ -6.354066279235951, 53.405332335600029, 0.0 ], [ -6.355910594011569, 53.403989046870251, 0.0 ], [ -6.357702777335151, 53.403326307484718, 0.0 ], [ -6.353798096001563, 53.400853483215826, 0.0 ], [ -6.35258269208477, 53.399253919150787, 0.0 ], [ -6.351627995256359, 53.398664156207694, 0.0 ], [ -6.34873167293709, 53.398058060336858, 0.0 ], [ -6.348364120086392, 53.398024303757801, 0.0 ], [ -6.346950282360634, 53.391158603744941, 0.0 ], [ -6.334575792130081, 53.395829025981598, 0.0 ], [ -6.323847986935246, 53.391480710891294, 0.0 ], [ -6.324259861953977, 53.390829462426701, 0.0 ], [ -6.323650498712414, 53.390589372528545, 0.0 ], [ -6.323816349530782, 53.390446004177427, 0.0 ], [ -6.32355182965727, 53.389181076798558, 0.0 ], [ -6.321328495851298, 53.387513093224769, 0.0 ], [ -6.321379648381336, 53.385072278229664, 0.0 ], [ -6.322044603656111, 53.384142458524707, 0.0 ], [ -6.323765685009954, 53.381456720676006, 0.0 ], [ -6.324366439403017, 53.379667979649462, 0.0 ], [ -6.32203655808836, 53.379671469528226, 0.0 ], [ -6.320929010373315, 53.379802580094321, 0.0 ], [ -6.319636391761692, 53.379492094395658, 0.0 ], [ -6.317876257964737, 53.378534421734123, 0.0 ], [ -6.315887311352053, 53.378309802786262, 0.0 ], [ -6.315790107164411, 53.378262951145878, 0.0 ], [ -6.315379719573649, 53.377968819677406, 0.0 ], [ -6.314106914805115, 53.378433241386674, 0.0 ], [ -6.31142116348051, 53.378148729052668, 0.0 ], [ -6.309867183930873, 53.377159608165925, 0.0 ], [ -6.309893789593233, 53.376728823202718, 0.0 ], [ -6.309918264320737, 53.375857228926243, 0.0 ], [ -6.309793709196792, 53.375343140190864, 0.0 ] ] ] } },
{ "type": "Feature", "properties": { "name": "Balbriggan", "district_code": "K32" }, "geometry": { "type": "Polygon", "coordinates": [ [ [ -6.14210826126426, 53.581123838761791, 0.0 ], [ -6.143247504557801, 53.579852005528622, 0.0 ], [ -6.145735336842892, 53.579116994706609, 0.0 ], [ -6.147834063132483, 53.579020534537776, 0.0 ], [ -6.149552053005601, 53.581024239645267, 0.0 ], [ -6.152137526563858, 53.581365133605402, 0.0 ], [ -6.154963723697342, 53.581150895279137, 0.0 ], [ -6.154183666589373, 53.579161658534481, 0.0 ], [ -6.158233076191856, 53.57905214146394, 0.0 ], [ -6.160160535982727, 53.581249014006637, 0.0 ], [ -6.162629994977844, 53.581145052996447, 0.0 ], [ -6.165485347555152, 53.582346905908771, 0.0 ], [ -6.167446436898804, 53.58271330207571, 0.0 ], [ -6.167580393392351, 53.583570389557252, 0.0 ], [ -6.169567248077336, 53.583541220714721, 0.0 ], [ -6.170292454442426, 53.584958589302602, 0.0 ], [ -6.173025073951091, 53.584418831558359, 0.0 ], [ -6.171979378403859, 53.580377909192798, 0.0 ], [ -6.170760421290878, 53.580478005199573, 0.0 ], [ -6.16883481623152, 53.578154333766889, 0.0 ], [ -6.162537516960233, 53.578932204512135, 0.0 ], [ -6.162345490528919, 53.578658353401039, 0.0 ], [ -6.160938690950013, 53.578500920224315, 0.0 ], [ -6.160591836996267, 53.576311121216492, 0.0 ], [ -6.160956167448039, 53.575851770031754, 0.0 ], [ -6.161403422732723, 53.575326821200512, 0.0 ], [ -6.165680448645426, 53.574553817319085, 0.0 ], [ -6.164909746108155, 53.572719210095862, 0.0 ], [ -6.165967697700672, 53.572366208120464, 0.0 ], [ -6.166291628630229, 53.571828115010938, 0.0 ], [ -6.168451318847048, 53.571763778567863, 0.0 ], [ -6.16834201424123, 53.572143109474069, 0.0 ], [ -6.172520717564248, 53.573460243011468, 0.0 ], [ -6.172804665567084, 53.57323241947784, 0.0 ], [ -6.175736039436585, 53.574404363045481, 0.0 ], [ -6.175746257933138, 53.574407125450946, 0.0 ], [ -6.178758141706697, 53.566987716088235, 0.0 ], [ -6.180822331950435, 53.562634930419861, 0.0 ], [ -6.188802777916042, 53.561724507069322, 0.0 ], [ -6.190936802377696, 53.557180894323103, 0.0 ], [ -6.191153079881236, 53.556981844677729, 0.0 ], [ -6.193766220554614, 53.556725368348637, 0.0 ], [ -6.19356142388976, 53.556339742442745, 0.0 ], [ -6.19589476034987, 53.555562807903613, 0.0 ], [ -6.19673798061497, 53.556372678662747, 0.0 ], [ -6.199505376015218, 53.557348419489045, 0.0 ], [ -6.200568774659588, 53.557220617618853, 0.0 ], [ -6.203269995721358, 53.558453860629818, 0.0 ], [ -6.204625224177693, 53.557814852526633, 0.0 ], [ -6.207508856290074, 53.558265181960188, 0.0 ], [ -6.207721496575312, 53.559855478238987, 0.0 ], [ -6.208319682607064, 53.560012924833138, 0.0 ], [ -6.209778292571491, 53.56195182917628, 0.0 ], [ -6.210632003973065, 53.564460134526662, 0.0 ], [ -6.21018864684808, 53.564789202852083, 0.0 ], [ -6.210587677003299, 53.565282954831247, 0.0 ], [ -6.210233422500225, 53.565843090664394, 0.0 ], [ -6.210382845338988, 53.568647524932167, 0.0 ], [ -6.211584684432855, 53.569246489582312, 0.0 ], [ -6.212033362587198, 53.570716538505614, 0.0 ], [ -6.210354202863825, 53.574432777321739, 0.0 ], [ -6.214630217604328, 53.574493090245518, 0.0 ], [ -6.214569824346071, 53.574161789286485, 0.0 ], [ -6.215847816908579, 53.57330048492895, 0.0 ], [ -6.218150142308043, 53.572701872735117, 0.0 ], [ -6.219505808377505, 53.571782366223275, 0.0 ], [ -6.221917096137163, 53.570931393161715, 0.0 ], [ -6.224183545998339, 53.570660644235232, 0.0 ], [ -6.228532921292721, 53.567503487659295, 0.0 ], [ -6.233206717739124, 53.569568411886763, 0.0 ], [ -6.240034148596707, 53.570825653536716, 0.0 ], [ -6.240846812883135, 53.569831045717571, 0.0 ], [ -6.240595733751676, 53.569534613652387, 0.0 ], [ -6.241349767707317, 53.569555770695764, 0.0 ], [ -6.243483884158595, 53.567103844659925, 0.0 ], [ -6.244172853317949, 53.56709544673874, 0.0 ], [ -6.245450220065456, 53.566118056104301, 0.0 ], [ -6.246917135743969, 53.565731514402444, 0.0 ], [ -6.248602034371213, 53.564715753264885, 0.0 ], [ -6.250395903202783, 53.562487916330319, 0.0 ], [ -6.25005369557902, 53.562072967392787, 0.0 ], [ -6.252275142075187, 53.55929608147364, 0.0 ], [ -6.259344682535443, 53.559763657917273, 0.0 ], [ -6.267294920908218, 53.559535328105483, 0.0 ], [ -6.27330910975417, 53.557215256087787, 0.0 ], [ -6.278496382122926, 53.557461985115879, 0.0 ], [ -6.276455741013899, 53.547289051748798, 0.0 ], [ -6.276498500096963, 53.545238344800389, 0.0 ], [ -6.276498503747055, 53.545238254973349, 0.0 ], [ -6.278370368414372, 53.542377659021732, 0.0 ], [ -6.279269269083591, 53.541003486378848, 0.0 ], [ -6.280420820797453, 53.539243312709715, 0.0 ], [ -6.285344525768133, 53.541025246408395, 0.0 ], [ -6.286096007881952, 53.540034762639017, 0.0 ], [ -6.291238272876758, 53.542417282750982, 0.0 ], [ -6.292691115522394, 53.542599730960632, 0.0 ], [ -6.29327934299881, 53.543176437095667, 0.0 ], [ -6.293893184312376, 53.543122911447313, 0.0 ], [ -6.294131811448524, 53.543579668255489, 0.0 ], [ -6.295089619259047, 53.543920131538052, 0.0 ], [ -6.298583759740932, 53.544688310700487, 0.0 ], [ -6.302859725075375, 53.546135379764024, 0.0 ], [ -6.305568686297834, 53.54664198121089, 0.0 ], [ -6.305877493627452, 53.546993740282183, 0.0 ], [ -6.307422248621028, 53.547386009660464, 0.0 ], [ -6.312087096012892, 53.550184817479227, 0.0 ], [ -6.313576459526208, 53.548872386059806, 0.0 ], [ -6.315866640777807, 53.554383960565396, 0.0 ], [ -6.322752842430426, 53.559122721246652, 0.0 ], [ -6.332292724248252, 53.563316592324227, 0.0 ], [ -6.330566645491395, 53.564374918278553, 0.0 ], [ -6.329037486082192, 53.564260987255068, 0.0 ], [ -6.328271692602927, 53.563554533919948, 0.0 ], [ -6.323663993907252, 53.56541478875836, 0.0 ], [ -6.325939897261264, 53.566282720196597, 0.0 ], [ -6.325249893217552, 53.567985248826844, 0.0 ], [ -6.327092666103812, 53.569842227212533, 0.0 ], [ -6.326590532088952, 53.57348517311717, 0.0 ], [ -6.328517532723495, 53.573337664544646, 0.0 ], [ -6.330124142757958, 53.572199324934239, 0.0 ], [ -6.332574526764553, 53.571953090919649, 0.0 ], [ -6.33327685823112, 53.576032488760276, 0.0 ], [ -6.332876498457525, 53.578863652795739, 0.0 ], [ -6.323786378268554, 53.58226101675502, 0.0 ], [ -6.316015167808488, 53.585160548745421, 0.0 ], [ -6.311910267309801, 53.587798059190341, 0.0 ], [ -6.315962342456412, 53.591504869801128, 0.0 ], [ -6.31779991075902, 53.592532509220646, 0.0 ], [ -6.318788591958437, 53.590860018624774, 0.0 ], [ -6.320444031281005, 53.590505783133963, 0.0 ], [ -6.322953564228594, 53.593525762218057, 0.0 ], [ -6.321211730515931, 53.594189799742239, 0.0 ], [ -6.322770980608747, 53.595731783219748, 0.0 ], [ -6.32475539937912, 53.595447171019913, 0.0 ], [ -6.327892391758236, 53.595736785318167, 0.0 ], [ -6.331360091990517, 53.59964421322691, 0.0 ], [ -6.333614227689447, 53.59928565013832, 0.0 ], [ -6.337777359164884, 53.599516489808295, 0.0 ], [ -6.342197406859868, 53.599358247259246, 0.0 ], [ -6.34251815706716, 53.59930454033416, 0.0 ], [ -6.34171425994653, 53.595245022888271, 0.0 ], [ -6.341403944279319, 53.594842291452593, 0.0 ], [ -6.339783777292622, 53.59524422268511, 0.0 ], [ -6.33925488457759, 53.594454942034162, 0.0 ], [ -6.340951081605435, 53.594172621721846, 0.0 ], [ -6.346752825046495, 53.594647863844465, 0.0 ], [ -6.350431546063651, 53.592945215429623, 0.0 ], [ -6.353053415802505, 53.590729985889666, 0.0 ], [ -6.354207010071868, 53.591319912903643, 0.0 ], [ -6.358077241159006, 53.592172020173841, 0.0 ], [ -6.358260823659753, 53.592392403771065, 0.0 ], [ -6.356321857591142, 53.594086850860897, 0.0 ], [ -6.353882806473085, 53.595653231659249, 0.0 ], [ -6.354287056723313, 53.596482793984848, 0.0 ], [ -6.35278572597027, 53.597172437188824, 0.0 ], [ -6.350922630318234, 53.597470870257922, 0.0 ], [ -6.352010799120379, 53.601784364698119, 0.0 ], [ -6.353762608045808, 53.603743191978424, 0.0 ], [ -6.356447702319129, 53.605214825986302, 0.0 ], [ -6.355733133991203, 53.605405075875822, 0.0 ], [ -6.356707438749647, 53.606617610289291, 0.0 ], [ -6.354630332949923, 53.607031173116624, 0.0 ], [ -6.353953362523285, 53.606365933771599, 0.0 ], [ -6.351980351624361, 53.607479502743637, 0.0 ], [ -6.349115308356584, 53.607569879326192, 0.0 ], [ -6.346741859468972, 53.608463748084773, 0.0 ], [ -6.345701457265833, 53.609761314699341, 0.0 ], [ -6.345725503060862, 53.610402476066014, 0.0 ], [ -6.346582083388819, 53.613254723654592, 0.0 ], [ -6.353481478836694, 53.614646885575738, 0.0 ], [ -6.363919771602157, 53.61281743048886, 0.0 ], [ -6.373520893380582, 53.615011368623968, 0.0 ], [ -6.373237607187208, 53.618617891617674, 0.0 ], [ -6.364270120239532, 53.622449895582704, 0.0 ], [ -6.36214468751283, 53.624122204271458, 0.0 ], [ -6.36517445480862, 53.623866227990042, 0.0 ], [ -6.370162979682928, 53.623896613668862, 0.0 ], [ -6.372668418230224, 53.624297049527243, 0.0 ], [ -6.370629750001688, 53.630015252828528, 0.0 ], [ -6.369936096860447, 53.63124530383223, 0.0 ], [ -6.369185898671878, 53.631143408933156, 0.0 ], [ -6.369187666137551, 53.630674004262879, 0.0 ], [ -6.36843587166985, 53.630532986225937, 0.0 ], [ -6.362383987569965, 53.630677898620121, 0.0 ], [ -6.359864083285616, 53.631440423720662, 0.0 ], [ -6.358994065661249, 53.630085100631071, 0.0 ], [ -6.358254126003688, 53.626839006351915, 0.0 ], [ -6.353549693624736, 53.626686835702934, 0.0 ], [ -6.348447554814723, 53.627733980356098, 0.0 ], [ -6.34423593551139, 53.628191592191449, 0.0 ], [ -6.337725241374637, 53.628273272723156, 0.0 ], [ -6.339375190294186, 53.630445153395428, 0.0 ], [ -6.339323582703016, 53.634289760751798, 0.0 ], [ -6.336754902160711, 53.633673032458852, 0.0 ], [ -6.330540667090498, 53.632330379957295, 0.0 ], [ -6.327442717521693, 53.631360036381288, 0.0 ], [ -6.324496897037433, 53.631337795461114, 0.0 ], [ -6.322795347376732, 53.632792811571058, 0.0 ], [ -6.303694443593294, 53.633039236971157, 0.0 ], [ -6.299344846625631, 53.629710886385972, 0.0 ], [ -6.29526858808177, 53.627577871818637, 0.0 ], [ -6.293323992907894, 53.627877492146936, 0.0 ], [ -6.293321536072403, 53.628408008667193, 0.0 ], [ -6.28819447267243, 53.62956251957992, 0.0 ], [ -6.287054956312313, 53.629865732336263, 0.0 ], [ -6.289865187293548, 53.63316068546861, 0.0 ], [ -6.28813988070027, 53.63391418594663, 0.0 ], [ -6.288783329600524, 53.634486924573913, 0.0 ], [ -6.290721753504121, 53.633978141345025, 0.0 ], [ -6.291503497201276, 53.63541953583195, 0.0 ], [ -6.2931358326246, 53.636727814989221, 0.0 ], [ -6.291199565266392, 53.63811576711624, 0.0 ], [ -6.291518877839503, 53.638517047884037, 0.0 ], [ -6.290726017327945, 53.639048861364614, 0.0 ], [ -6.292891987636741, 53.640770741461097, 0.0 ], [ -6.290121005954699, 53.641636979639216, 0.0 ], [ -6.291572332341033, 53.643354333382575, 0.0 ], [ -6.289732059353277, 53.643588249525685, 0.0 ], [ -6.289724538276693, 53.644208750511311, 0.0 ], [ -6.288321013590097, 53.64462954002822, 0.0 ], [ -6.286573949807553, 53.644479613012017, 0.0 ], [ -6.288882522200271, 53.64806489017144, 0.0 ], [ -6.28619855168478, 53.648789827203089, 0.0 ], [ -6.283775653385772, 53.651240332978247, 0.0 ], [ -6.283191986931305, 53.651525505269717, 0.0 ], [ -6.279515953245034, 53.651623092772482, 0.0 ], [ -6.28017073845597, 53.653588430151949, 0.0 ], [ -6.278958190764783, 53.653645332479186, 0.0 ], [ -6.278280394758095, 53.651486688700814, 0.0 ], [ -6.279072279559578, 53.649184251923813, 0.0 ], [ -6.27661916991292, 53.649195605357626, 0.0 ], [ -6.27607529376248, 53.646315444184367, 0.0 ], [ -6.274550410725934, 53.644447911064795, 0.0 ], [ -6.272722426675188, 53.644505761827084, 0.0 ], [ -6.272616505940046, 53.64339495450502, 0.0 ], [ -6.270377057371295, 53.643720060608288, 0.0 ], [ -6.270394840038091, 53.643276408154804, 0.0 ], [ -6.269893405143981, 53.643272037270464, 0.0 ], [ -6.2668464782593, 53.643666113772099, 0.0 ], [ -6.267134378715318, 53.644877529378647, 0.0 ], [ -6.266152101888903, 53.652441580682229, 0.0 ], [ -6.262596357371833, 53.652951585054396, 0.0 ], [ -6.251559507953331, 53.653908346010269, 0.0 ], [ -6.245380522555735, 53.654250520825677, 0.0 ], [ -6.236737472522607, 53.65694247668084, 0.0 ], [ -6.228271909830253, 53.660627624641656, 0.0 ], [ -6.224470902260681, 53.65507198244476, 0.0 ], [ -6.223582947865186, 53.654537600819246, 0.0 ], [ -6.220973649580022, 53.654290870648197, 0.0 ], [ -6.22147668189295, 53.653952131820127, 0.0 ], [ -6.221167799564349, 53.651680345012508, 0.0 ], [ -6.220035821288812, 53.648310580575902, 0.0 ], [ -6.218329569614154, 53.645164593089383, 0.0 ], [ -6.213297374202473, 53.636800646894741, 0.0 ], [ -6.212640336827358, 53.63395586225603, 0.0 ], [ -6.214902190669631, 53.633406034669918, 0.0 ], [ -6.212707572227627, 53.633707810684655, 0.0 ], [ -6.210455245106254, 53.632799895744618, 0.0 ], [ -6.209635048737693, 53.633148494187431, 0.0 ], [ -6.206739583138458, 53.633109546953818, 0.0 ], [ -6.205101859837228, 53.632546168188654, 0.0 ], [ -6.205029882953388, 53.632052998450035, 0.0 ], [ -6.204570033709354, 53.632167977015783, 0.0 ], [ -6.204456970426231, 53.631514744200025, 0.0 ], [ -6.203632377392809, 53.631123796940749, 0.0 ], [ -6.202182669727574, 53.631065895651624, 0.0 ], [ -6.201836853654721, 53.631432082366118, 0.0 ], [ -6.201764181510686, 53.631076415577063, 0.0 ], [ -6.201125092411773, 53.63123893015775, 0.0 ], [ -6.200831512309549, 53.630646974102525, 0.0 ], [ -6.198916063399666, 53.630936515332401, 0.0 ], [ -6.195323536906101, 53.629745056546469, 0.0 ], [ -6.191184730199963, 53.630661630420363, 0.0 ], [ -6.189558932379815, 53.630726655990003, 0.0 ], [ -6.189473247957499, 53.630429745232775, 0.0 ], [ -6.188660562482688, 53.630576714221135, 0.0 ], [ -6.187981478434475, 53.630117484356624, 0.0 ], [ -6.187496556965625, 53.630252330694006, 0.0 ], [ -6.187647931990285, 53.629735028286248, 0.0 ], [ -6.186925508157259, 53.62946693931233, 0.0 ], [ -6.18686589646242, 53.628911477796137, 0.0 ], [ -6.189749849144988, 53.628204552221362, 0.0 ], [ -6.189424959934054, 53.626929635817113, 0.0 ], [ -6.188250010737579, 53.626504877217165, 0.0 ], [ -6.188106063419458, 53.626051860602765, 0.0 ], [ -6.18883728821549, 53.621271255764157, 0.0 ], [ -6.188606755389698, 53.620429636285209, 0.0 ], [ -6.186583903973093, 53.61912674689404, 0.0 ], [ -6.186614467516712, 53.61785253267432, 0.0 ], [ -6.185155871567174, 53.616394226352348, 0.0 ], [ -6.182896839895982, 53.616045810432276, 0.0 ], [ -6.182166058751728, 53.614852607758245, 0.0 ], [ -6.182950417444766, 53.613425541995355, 0.0 ], [ -6.181619465209094, 53.61227831562335, 0.0 ], [ -6.179211279384625, 53.611667717733873, 0.0 ], [ -6.178562340205128, 53.61253291358156, 0.0 ], [ -6.178921311220678, 53.611847648838179, 0.0 ], [ -6.178521860098254, 53.611727150926249, 0.0 ], [ -6.180534682673938, 53.610944900770662, 0.0 ], [ -6.179996423498653, 53.610600023183338, 0.0 ], [ -6.178540443527154, 53.61137366552326, 0.0 ], [ -6.177737651247752, 53.612268152531669, 0.0 ], [ -6.178743550581758, 53.612878564801484, 0.0 ], [ -6.178422538240639, 53.612997532850876, 0.0 ], [ -6.177596684057673, 53.612264747164211, 0.0 ], [ -6.178414080424503, 53.611149827617368, 0.0 ], [ -6.176006715447647, 53.609484612224115, 0.0 ], [ -6.173623137929526, 53.608554840563279, 0.0 ], [ -6.171989502388461, 53.608410530496414, 0.0 ], [ -6.170337265590057, 53.608875392034669, 0.0 ], [ -6.170097919488871, 53.6087144409857, 0.0 ], [ -6.16844427189984, 53.608877077284738, 0.0 ], [ -6.167197259507527, 53.608350965710514, 0.0 ], [ -6.165650100782034, 53.607776647394026, 0.0 ], [ -6.165778276735228, 53.607260991281777, 0.0 ], [ -6.165165217656393, 53.607170338950034, 0.0 ], [ -6.164877707519553, 53.607537225296177, 0.0 ], [ -6.16418156259091, 53.606790244894754, 0.0 ], [ -6.165222138998217, 53.605843138720779, 0.0 ], [ -6.164731895932676, 53.604271789357441, 0.0 ], [ -6.164012912752427, 53.602693601610362, 0.0 ], [ -6.160910992382634, 53.599343026369226, 0.0 ], [ -6.16062916954209, 53.59832331241816, 0.0 ], [ -6.157662396924272, 53.595170484716903, 0.0 ], [ -6.155486907466435, 53.591256538515559, 0.0 ], [ -6.165400666094201, 53.586985070055285, 0.0 ], [ -6.165403569491817, 53.586823149584227, 0.0 ], [ -6.160929863328992, 53.584892659457665, 0.0 ], [ -6.158056827302644, 53.583661035158478, 0.0 ], [ -6.154744241255774, 53.585219563450536, 0.0 ], [ -6.152859280502969, 53.585898101409299, 0.0 ], [ -6.14897369013206, 53.582691660833397, 0.0 ], [ -6.144805853456011, 53.582197186475177, 0.0 ], [ -6.14210826126426, 53.581123838761791, 0.0 ] ] ] } },
{ "type": "Feature", "properties": { "name": "Malahide", "district_code": "K36" }, "geometry": { "type": "MultiPolygon", "coordinates": [ [ [ [ -6.096216403887339, 53.490193821931513, 0.0 ], [ -6.096318189275241, 53.489464424890308, 0.0 ], [ -6.098115926376878, 53.489086962187386, 0.0 ], [ -6.098859850282753, 53.487803317271045, 0.0 ], [ -6.099423569871874, 53.488160941745512, 0.0 ], [ -6.09983741173675, 53.488070629978935, 0.0 ], [ -6.10019619698476, 53.486656543184736, 0.0 ], [ -6.101324851157822, 53.486960671418835, 0.0 ], [ -6.101715103498464, 53.486493728142655, 0.0 ], [ -6.101212685606761, 53.485960288704341, 0.0 ], [ -6.101680678459345, 53.485647651738653, 0.0 ], [ -6.102661781199825, 53.485840484903925, 0.0 ], [ -6.103192077551237, 53.485585277976867, 0.0 ], [ -6.103069219846733, 53.48520788620614, 0.0 ], [ -6.104659732560974, 53.483811268632159, 0.0 ], [ -6.108790682046818, 53.482941946038686, 0.0 ], [ -6.110424535692588, 53.482990897161891, 0.0 ], [ -6.112141974052982, 53.481988977445617, 0.0 ], [ -6.113113033595671, 53.480912060392889, 0.0 ], [ -6.113097548621456, 53.47936538026002, 0.0 ], [ -6.114667619926844, 53.478728269300412, 0.0 ], [ -6.115030961030645, 53.477828971433176, 0.0 ], [ -6.115718174214666, 53.478027487591838, 0.0 ], [ -6.116944678295726, 53.477853577365217, 0.0 ], [ -6.118263146887799, 53.476836923157713, 0.0 ], [ -6.120009356691339, 53.474598197685403, 0.0 ], [ -6.126320571595643, 53.465054804413889, 0.0 ], [ -6.128886614574457, 53.459465838307104, 0.0 ], [ -6.130900020321506, 53.456371231736419, 0.0 ], [ -6.133601343673393, 53.453430976374584, 0.0 ], [ -6.135131097105871, 53.452364051290758, 0.0 ], [ -6.139432684937753, 53.452977714831071, 0.0 ], [ -6.140642086096657, 53.45354015966609, 0.0 ], [ -6.140756972179401, 53.453960712313595, 0.0 ], [ -6.139074058566569, 53.453982141835056, 0.0 ], [ -6.140614857629556, 53.454063842758863, 0.0 ], [ -6.140394184357527, 53.45421680343302, 0.0 ], [ -6.138174607917041, 53.454993328983285, 0.0 ], [ -6.139771922448118, 53.455109807293972, 0.0 ], [ -6.143009918807506, 53.45415889814263, 0.0 ], [ -6.143850401977265, 53.454456711136068, 0.0 ], [ -6.145404736541665, 53.454068832968233, 0.0 ], [ -6.146010025458551, 53.454485938159308, 0.0 ], [ -6.14607764164551, 53.454923728058162, 0.0 ], [ -6.141622978355061, 53.45575252142136, 0.0 ], [ -6.143823601825008, 53.455637714144295, 0.0 ], [ -6.141739363628395, 53.45632679580735, 0.0 ], [ -6.142412277508593, 53.456244593636754, 0.0 ], [ -6.142080985954339, 53.45636509711634, 0.0 ], [ -6.140247065175508, 53.456355432354073, 0.0 ], [ -6.140734039443983, 53.45656345227323, 0.0 ], [ -6.140506741673489, 53.456728444250224, 0.0 ], [ -6.139903278469128, 53.456801380794751, 0.0 ], [ -6.139444834972652, 53.45664818102378, 0.0 ], [ -6.139125942817696, 53.456672335343896, 0.0 ], [ -6.137268262212263, 53.457729973307842, 0.0 ], [ -6.138491371911263, 53.45735975857535, 0.0 ], [ -6.139076495795171, 53.456786255489163, 0.0 ], [ -6.13956657262822, 53.456806832904626, 0.0 ], [ -6.139398989724201, 53.456688273705915, 0.0 ], [ -6.140049839935518, 53.456920690528797, 0.0 ], [ -6.14051344671112, 53.456850699389044, 0.0 ], [ -6.140386083779562, 53.456940037516659, 0.0 ], [ -6.140805497851457, 53.456721679739232, 0.0 ], [ -6.140827857203597, 53.456474310713425, 0.0 ], [ -6.142590601303195, 53.456458681241138, 0.0 ], [ -6.14518249374942, 53.455640128254814, 0.0 ], [ -6.146496849300661, 53.455555818007177, 0.0 ], [ -6.147130042144631, 53.455158832802134, 0.0 ], [ -6.147324038205039, 53.455506901871608, 0.0 ], [ -6.146879333029762, 53.455716710561411, 0.0 ], [ -6.147486458505541, 53.455884232050231, 0.0 ], [ -6.144890583786757, 53.456954354805063, 0.0 ], [ -6.143973106787615, 53.457771157932399, 0.0 ], [ -6.142474842871727, 53.462495833915973, 0.0 ], [ -6.141463386036239, 53.463051575490162, 0.0 ], [ -6.140009569950259, 53.463285652197257, 0.0 ], [ -6.138507770830564, 53.465172266883265, 0.0 ], [ -6.135969302262347, 53.466184131189962, 0.0 ], [ -6.134773495269337, 53.467285225122055, 0.0 ], [ -6.132541090269425, 53.467846360109107, 0.0 ], [ -6.132245067663503, 53.468473698021, 0.0 ], [ -6.133017385531773, 53.469796980560005, 0.0 ], [ -6.134643028558455, 53.470279878733272, 0.0 ], [ -6.134848264964665, 53.470101699915858, 0.0 ], [ -6.136595708939776, 53.471171339523302, 0.0 ], [ -6.138991232430173, 53.471632567811149, 0.0 ], [ -6.144933170508104, 53.474917611101695, 0.0 ], [ -6.148376452237825, 53.47506567389896, 0.0 ], [ -6.15009766110664, 53.475885280990269, 0.0 ], [ -6.150785989144779, 53.475666826995649, 0.0 ], [ -6.152669978741839, 53.476050469674504, 0.0 ], [ -6.15294879822053, 53.472498044118936, 0.0 ], [ -6.153691859657055, 53.472496856827604, 0.0 ], [ -6.153577852614418, 53.473179549394587, 0.0 ], [ -6.155581376537555, 53.473652809361404, 0.0 ], [ -6.156391035824546, 53.474583544837969, 0.0 ], [ -6.155785781654244, 53.473615338108068, 0.0 ], [ -6.157260474780642, 53.473579400676471, 0.0 ], [ -6.155347369236634, 53.473229805183387, 0.0 ], [ -6.154260389734103, 53.472534853737265, 0.0 ], [ -6.151003370141273, 53.471570653467246, 0.0 ], [ -6.148859491322902, 53.472213009353837, 0.0 ], [ -6.148482068763603, 53.471375837238384, 0.0 ], [ -6.148926638455021, 53.470641825106732, 0.0 ], [ -6.150399396000227, 53.470411077832573, 0.0 ], [ -6.153691535728683, 53.469029996273349, 0.0 ], [ -6.155211634448976, 53.45934437194154, 0.0 ], [ -6.155532462456251, 53.459390402770524, 0.0 ], [ -6.15408464817965, 53.468657396502017, 0.0 ], [ -6.154753468055912, 53.468939803463236, 0.0 ], [ -6.157287909358367, 53.468553331403086, 0.0 ], [ -6.159752259779695, 53.468700346546697, 0.0 ], [ -6.160441625922875, 53.468330491891933, 0.0 ], [ -6.168619169194622, 53.469714667940337, 0.0 ], [ -6.172549781905985, 53.46955249161514, 0.0 ], [ -6.175892741295081, 53.468923175152185, 0.0 ], [ -6.179594515671194, 53.466926734335559, 0.0 ], [ -6.182487944827763, 53.466024063385632, 0.0 ], [ -6.184089755211794, 53.465980562566671, 0.0 ], [ -6.18415216370315, 53.466631358490375, 0.0 ], [ -6.186787360597279, 53.467042239006304, 0.0 ], [ -6.186709823678611, 53.466564687434627, 0.0 ], [ -6.187558680550183, 53.465955675727322, 0.0 ], [ -6.189312107650299, 53.464997159431469, 0.0 ], [ -6.195175432848038, 53.467990332773091, 0.0 ], [ -6.20540047581124, 53.47149705195767, 0.0 ], [ -6.204866961686283, 53.473896067553383, 0.0 ], [ -6.199626970263301, 53.478545264092332, 0.0 ], [ -6.196728367255246, 53.485722642275476, 0.0 ], [ -6.198452143843644, 53.486894635336732, 0.0 ], [ -6.196110622253363, 53.490139806031422, 0.0 ], [ -6.203494376124423, 53.491384272180568, 0.0 ], [ -6.201488297922892, 53.49445815050435, 0.0 ], [ -6.200401800676163, 53.497687051243631, 0.0 ], [ -6.200147654154206, 53.502823448850421, 0.0 ], [ -6.201893589681991, 53.507314673064904, 0.0 ], [ -6.203206850381853, 53.509351628227847, 0.0 ], [ -6.203206726104923, 53.509351626359475, 0.0 ], [ -6.197199057504526, 53.508596483712445, 0.0 ], [ -6.19682859262587, 53.507129424856537, 0.0 ], [ -6.197348563969394, 53.505074043197453, 0.0 ], [ -6.196075421946696, 53.501100591140158, 0.0 ], [ -6.193857708661068, 53.499003865204493, 0.0 ], [ -6.178866556964472, 53.497258875247631, 0.0 ], [ -6.178713588522648, 53.497979372632884, 0.0 ], [ -6.177687075020224, 53.500338217957697, 0.0 ], [ -6.175235903789484, 53.498711525668469, 0.0 ], [ -6.171633160780336, 53.498992705339326, 0.0 ], [ -6.169737752506575, 53.501446944843707, 0.0 ], [ -6.167876927516494, 53.500594753779509, 0.0 ], [ -6.162866603977011, 53.499301641884749, 0.0 ], [ -6.159671501134275, 53.499233064880222, 0.0 ], [ -6.158203877238097, 53.49945825876862, 0.0 ], [ -6.154223285999907, 53.499017179918887, 0.0 ], [ -6.152155664810074, 53.500473672852458, 0.0 ], [ -6.149567755258459, 53.500544093197107, 0.0 ], [ -6.149137806257549, 53.50175147227506, 0.0 ], [ -6.148993330797349, 53.500336108215976, 0.0 ], [ -6.148382347983836, 53.50015119297246, 0.0 ], [ -6.146326596944644, 53.500152938164319, 0.0 ], [ -6.14445976853571, 53.501186462809251, 0.0 ], [ -6.142198914104387, 53.500225010519216, 0.0 ], [ -6.139425209154492, 53.499952837290735, 0.0 ], [ -6.138723378076311, 53.500111515804349, 0.0 ], [ -6.127895464284673, 53.498423990708574, 0.0 ], [ -6.125218482625628, 53.498742450668388, 0.0 ], [ -6.12182567210157, 53.498482353576932, 0.0 ], [ -6.121033198432749, 53.498943846091464, 0.0 ], [ -6.12007655305894, 53.498636412167393, 0.0 ], [ -6.121181669386083, 53.499826040662434, 0.0 ], [ -6.122972196503086, 53.500905354447752, 0.0 ], [ -6.124466522289493, 53.501010250364246, 0.0 ], [ -6.126194278340685, 53.502162592650841, 0.0 ], [ -6.127367909405335, 53.505134884159212, 0.0 ], [ -6.130092569996695, 53.509546366506569, 0.0 ], [ -6.129870076426014, 53.510396766609027, 0.0 ], [ -6.124083598789164, 53.5091463282441, 0.0 ], [ -6.12197400836778, 53.509615908504642, 0.0 ], [ -6.12007212034588, 53.508797288600647, 0.0 ], [ -6.118954240550366, 53.509730385405909, 0.0 ], [ -6.115651691135523, 53.506514585442225, 0.0 ], [ -6.113694561380413, 53.503935719091871, 0.0 ], [ -6.112792624677571, 53.503638169165292, 0.0 ], [ -6.110727945211265, 53.497389709277179, 0.0 ], [ -6.108438424385063, 53.493787210107186, 0.0 ], [ -6.108279143889797, 53.493486457409126, 0.0 ], [ -6.107397210922816, 53.49331492718283, 0.0 ], [ -6.105746968928658, 53.49339331137876, 0.0 ], [ -6.104337153205897, 53.493089620154898, 0.0 ], [ -6.103800405929233, 53.493295204663902, 0.0 ], [ -6.101121208777663, 53.492956853432574, 0.0 ], [ -6.098945296473712, 53.493281696804104, 0.0 ], [ -6.096957945665976, 53.491577159661595, 0.0 ], [ -6.096663922407997, 53.490351325781013, 0.0 ], [ -6.096216403887339, 53.490193821931513, 0.0 ] ] ], [ [ [ -6.122038105817789, 53.441484281848133, 0.0 ], [ -6.122761787498008, 53.440916451662055, 0.0 ], [ -6.122695778393924, 53.440822564584906, 0.0 ], [ -6.12586167805607, 53.440441479162132, 0.0 ], [ -6.125595933336817, 53.43930612747257, 0.0 ], [ -6.125612696721836, 53.439303244669098, 0.0 ], [ -6.125637620953958, 53.438297122815307, 0.0 ], [ -6.126175481227959, 53.438214332046982, 0.0 ], [ -6.12640433283914, 53.437496699229712, 0.0 ], [ -6.129239299298679, 53.437724236075198, 0.0 ], [ -6.129263544823516, 53.438198120821447, 0.0 ], [ -6.130690507627855, 53.438362391435319, 0.0 ], [ -6.131291213760699, 53.438109064232762, 0.0 ], [ -6.132366900673262, 53.438368127097426, 0.0 ], [ -6.134353438094839, 53.438704960704399, 0.0 ], [ -6.134781475798275, 53.44004056918461, 0.0 ], [ -6.135352130756281, 53.440093523368382, 0.0 ], [ -6.135236427824529, 53.441451109028115, 0.0 ], [ -6.135127918528108, 53.44222762258179, 0.0 ], [ -6.136748416300902, 53.442591955096809, 0.0 ], [ -6.13741488785041, 53.442760096072028, 0.0 ], [ -6.136885488477945, 53.440492537206246, 0.0 ], [ -6.13778218042812, 53.440423560922596, 0.0 ], [ -6.137835205908405, 53.439534814812404, 0.0 ], [ -6.143528743809665, 53.439500678495243, 0.0 ], [ -6.142980898143773, 53.438329793448077, 0.0 ], [ -6.145841847988093, 53.438311598902672, 0.0 ], [ -6.145510472528817, 53.437322953591789, 0.0 ], [ -6.144972038991818, 53.436277340832405, 0.0 ], [ -6.141995800191818, 53.436195297917536, 0.0 ], [ -6.141287442536105, 53.434514336494068, 0.0 ], [ -6.140495825352885, 53.434579401733693, 0.0 ], [ -6.139913353479582, 53.433073416428797, 0.0 ], [ -6.138440934026121, 53.430283237965334, 0.0 ], [ -6.136646802588376, 53.429154274901457, 0.0 ], [ -6.136678959939587, 53.429154057638868, 0.0 ], [ -6.137414977974532, 53.42574008928063, 0.0 ], [ -6.137846853159456, 53.424182226782783, 0.0 ], [ -6.138216390619208, 53.422848817942736, 0.0 ], [ -6.140038577208594, 53.422380701446563, 0.0 ], [ -6.141323755353658, 53.422074258269014, 0.0 ], [ -6.141510934366871, 53.42148744767249, 0.0 ], [ -6.142844693424858, 53.420603705164055, 0.0 ], [ -6.145241755381859, 53.419768738507457, 0.0 ], [ -6.146609146207852, 53.420502296710609, 0.0 ], [ -6.149182099189502, 53.420658516998436, 0.0 ], [ -6.150979674102112, 53.420071926573293, 0.0 ], [ -6.151752340888494, 53.419716177704856, 0.0 ], [ -6.151915033099389, 53.420477130067852, 0.0 ], [ -6.15289069181206, 53.424993932863337, 0.0 ], [ -6.155482749241186, 53.423597760915854, 0.0 ], [ -6.155491862627708, 53.423613721114783, 0.0 ], [ -6.158226560147834, 53.424216265355113, 0.0 ], [ -6.158224286179377, 53.424202837712073, 0.0 ], [ -6.159494406030679, 53.424108091072021, 0.0 ], [ -6.160380844739398, 53.424376839327842, 0.0 ], [ -6.161013619852832, 53.423863467736346, 0.0 ], [ -6.162242489380738, 53.422673282193983, 0.0 ], [ -6.164325100894102, 53.423072939364438, 0.0 ], [ -6.166843379766501, 53.422710750594682, 0.0 ], [ -6.169318198137295, 53.423047041431388, 0.0 ], [ -6.174050599273397, 53.424004310683436, 0.0 ], [ -6.176366678144315, 53.424587271668024, 0.0 ], [ -6.182475566534372, 53.424848944074675, 0.0 ], [ -6.182194370695127, 53.426354691864226, 0.0 ], [ -6.184028503156881, 53.426323187309471, 0.0 ], [ -6.185355560605115, 53.426709903177525, 0.0 ], [ -6.186190380741919, 53.426385797010283, 0.0 ], [ -6.187478840219195, 53.426516276848126, 0.0 ], [ -6.187755081062441, 53.427829968316956, 0.0 ], [ -6.186531329127399, 53.428009490680111, 0.0 ], [ -6.186615188412656, 53.430366225671861, 0.0 ], [ -6.183152780326045, 53.430742785140431, 0.0 ], [ -6.182763764392207, 53.43165052187387, 0.0 ], [ -6.182524494912784, 53.431649307287948, 0.0 ], [ -6.185008910847727, 53.43418411960986, 0.0 ], [ -6.18870104377856, 53.43641245606446, 0.0 ], [ -6.189854442225325, 53.437951832777507, 0.0 ], [ -6.187631549170139, 53.437873806676713, 0.0 ], [ -6.185841896029418, 53.436788537418131, 0.0 ], [ -6.185741641058636, 53.43662702364233, 0.0 ], [ -6.185427377723659, 53.437225539819096, 0.0 ], [ -6.186027874553763, 53.438335722253626, 0.0 ], [ -6.190719694667969, 53.439329268652429, 0.0 ], [ -6.193633403610538, 53.441129046124878, 0.0 ], [ -6.193518348571775, 53.442872100095997, 0.0 ], [ -6.191939786437107, 53.445511243544509, 0.0 ], [ -6.189913200274699, 53.445467783085284, 0.0 ], [ -6.189527604999194, 53.44599736709435, 0.0 ], [ -6.186669581704324, 53.446005600884611, 0.0 ], [ -6.186926310027671, 53.446170208003565, 0.0 ], [ -6.189613003321623, 53.446555751786761, 0.0 ], [ -6.191178994674565, 53.447562700474435, 0.0 ], [ -6.193296394140605, 53.447721662881698, 0.0 ], [ -6.196584187716397, 53.447883165468966, 0.0 ], [ -6.197768157081829, 53.447250919544338, 0.0 ], [ -6.198630547681693, 53.44719813588047, 0.0 ], [ -6.1987414815847, 53.447182371851319, 0.0 ], [ -6.198659703249134, 53.45032071973349, 0.0 ], [ -6.200310741345962, 53.450437737803341, 0.0 ], [ -6.203073528918656, 53.450694872014481, 0.0 ], [ -6.202964905433152, 53.451743958231965, 0.0 ], [ -6.202951057680417, 53.452071908999557, 0.0 ], [ -6.202898816091425, 53.4533090673795, 0.0 ], [ -6.202860870783028, 53.454210551782204, 0.0 ], [ -6.20400498072584, 53.460401118391445, 0.0 ], [ -6.203785055591904, 53.464183274598909, 0.0 ], [ -6.203785051799088, 53.464183364423675, 0.0 ], [ -6.20367434773512, 53.46485752101492, 0.0 ], [ -6.201409794553432, 53.464074012036733, 0.0 ], [ -6.201292917682693, 53.463679917996757, 0.0 ], [ -6.200472157247348, 53.463354498107655, 0.0 ], [ -6.196572287606641, 53.463112685711984, 0.0 ], [ -6.195465858406622, 53.46275820040961, 0.0 ], [ -6.194975615388209, 53.462309023806213, 0.0 ], [ -6.191016699098068, 53.460990249026821, 0.0 ], [ -6.189098295835984, 53.460027935919555, 0.0 ], [ -6.18565464377493, 53.459821082561554, 0.0 ], [ -6.181824759164734, 53.458674645089751, 0.0 ], [ -6.179500717441013, 53.457071791080665, 0.0 ], [ -6.178061948869589, 53.457054258256818, 0.0 ], [ -6.177135641766014, 53.456685989372843, 0.0 ], [ -6.177118636764534, 53.456253755569406, 0.0 ], [ -6.175114647637004, 53.456647669730138, 0.0 ], [ -6.172873399187425, 53.456179455131746, 0.0 ], [ -6.172952292158748, 53.455559844454264, 0.0 ], [ -6.173594025542894, 53.455322662086751, 0.0 ], [ -6.173054564963489, 53.455387845950426, 0.0 ], [ -6.173599524551613, 53.455020921207648, 0.0 ], [ -6.173054016141333, 53.45505059891552, 0.0 ], [ -6.172619903077809, 53.455661809606816, 0.0 ], [ -6.172335962801685, 53.4554511852348, 0.0 ], [ -6.171437167564259, 53.455736557633792, 0.0 ], [ -6.171198595459107, 53.456221685532704, 0.0 ], [ -6.170388864954941, 53.456304021230352, 0.0 ], [ -6.168234295691423, 53.455834799670804, 0.0 ], [ -6.168176670035423, 53.455834724870968, 0.0 ], [ -6.167644051116919, 53.455821432060617, 0.0 ], [ -6.167388966725827, 53.45579783438248, 0.0 ], [ -6.163496409314044, 53.454666918515059, 0.0 ], [ -6.158562537031511, 53.452606797102362, 0.0 ], [ -6.156674369040799, 53.452634747324673, 0.0 ], [ -6.155581281494126, 53.45775996760095, 0.0 ], [ -6.154316526317097, 53.457467098357128, 0.0 ], [ -6.153822117624265, 53.457025055027152, 0.0 ], [ -6.153855067321539, 53.454502199064123, 0.0 ], [ -6.15334194536088, 53.453768194760393, 0.0 ], [ -6.152865076754775, 53.453240849715257, 0.0 ], [ -6.152477323587304, 53.452640638017364, 0.0 ], [ -6.151527637023436, 53.45230317544749, 0.0 ], [ -6.151483993235571, 53.4522758048303, 0.0 ], [ -6.149895070153923, 53.451679548854237, 0.0 ], [ -6.146486396375079, 53.451327659712447, 0.0 ], [ -6.144758261230307, 53.451277908807377, 0.0 ], [ -6.140136979388365, 53.451107884328678, 0.0 ], [ -6.138870286966763, 53.450496992837984, 0.0 ], [ -6.13958316334367, 53.451245768249677, 0.0 ], [ -6.13774779865256, 53.451259949911346, 0.0 ], [ -6.133936477129444, 53.446949266083372, 0.0 ], [ -6.133049702881407, 53.446446263716162, 0.0 ], [ -6.130379206846702, 53.445847393036409, 0.0 ], [ -6.128918669595072, 53.445559904151501, 0.0 ], [ -6.128184137766926, 53.444880742013382, 0.0 ], [ -6.126901361289674, 53.444713940741984, 0.0 ], [ -6.124503888690342, 53.44370557622404, 0.0 ], [ -6.122938152843386, 53.441745790608579, 0.0 ], [ -6.122038105817789, 53.441484281848133, 0.0 ] ] ] ] } },
{ "type": "Feature", "properties": { "name": "Rush", "district_code": "K56" }, "geometry": { "type": "MultiPolygon", "coordinates": [ [ [ [ -6.136159455224773, 53.516154803779401, 0.0 ], [ -6.136462648402728, 53.519012028510453, 0.0 ], [ -6.136838413472904, 53.520307334104658, 0.0 ], [ -6.129824663731388, 53.522346969786234, 0.0 ], [ -6.123214574537946, 53.525480110671083, 0.0 ], [ -6.123524338218491, 53.525618089344626, 0.0 ], [ -6.12295146589164, 53.526239438282396, 0.0 ], [ -6.126313240853716, 53.526940051454034, 0.0 ], [ -6.127214700191808, 53.528369641017356, 0.0 ], [ -6.125809933784229, 53.528665806701866, 0.0 ], [ -6.123376148875247, 53.527981999898202, 0.0 ], [ -6.12064096876155, 53.52754040083699, 0.0 ], [ -6.120360190167159, 53.527719795063234, 0.0 ], [ -6.117277098557349, 53.532202235699458, 0.0 ], [ -6.115899924329554, 53.535972036343722, 0.0 ], [ -6.116497124688805, 53.536198332560247, 0.0 ], [ -6.115128740733695, 53.54190818657014, 0.0 ], [ -6.114399048265624, 53.541779923247653, 0.0 ], [ -6.110825838973115, 53.541152132205127, 0.0 ], [ -6.107628218509288, 53.541316109050705, 0.0 ], [ -6.10622786500412, 53.540800931021742, 0.0 ], [ -6.101760846045367, 53.540183602800958, 0.0 ], [ -6.099818400708963, 53.53952914109982, 0.0 ], [ -6.098818654576401, 53.539280720839749, 0.0 ], [ -6.095045955164905, 53.538809542210785, 0.0 ], [ -6.094628615151296, 53.540335116536568, 0.0 ], [ -6.095482521069572, 53.541132047705453, 0.0 ], [ -6.095394401122024, 53.541636681558373, 0.0 ], [ -6.094308335251728, 53.540655295906625, 0.0 ], [ -6.09393816305848, 53.540864303418871, 0.0 ], [ -6.091120179472014, 53.54094832292413, 0.0 ], [ -6.087693809040027, 53.540119856173625, 0.0 ], [ -6.08296292883306, 53.538565968757531, 0.0 ], [ -6.083662354384302, 53.538093794023922, 0.0 ], [ -6.083941926265111, 53.536722801982151, 0.0 ], [ -6.083410103821763, 53.53514106135998, 0.0 ], [ -6.085448783609481, 53.534722968121933, 0.0 ], [ -6.086020870554157, 53.534012529011804, 0.0 ], [ -6.083323995240653, 53.532992564205053, 0.0 ], [ -6.086858582594868, 53.532330932571867, 0.0 ], [ -6.087063569175921, 53.531863228164909, 0.0 ], [ -6.08598908525124, 53.527123144219438, 0.0 ], [ -6.084497536771034, 53.524782703880661, 0.0 ], [ -6.083089724564417, 53.523781401364189, 0.0 ], [ -6.081909560549059, 53.523590882634458, 0.0 ], [ -6.081149342298416, 53.522625203847042, 0.0 ], [ -6.079552149164299, 53.522538431916686, 0.0 ], [ -6.078944793439949, 53.522726414217878, 0.0 ], [ -6.079588414065583, 53.523056649928243, 0.0 ], [ -6.078788761334561, 53.523150490406692, 0.0 ], [ -6.078703750144485, 53.522747527322821, 0.0 ], [ -6.076857165239874, 53.522706864985153, 0.0 ], [ -6.075272929247477, 53.521917449688225, 0.0 ], [ -6.075003056079574, 53.521309809317103, 0.0 ], [ -6.075634297200325, 53.520984530937241, 0.0 ], [ -6.076131169173161, 53.519742887150379, 0.0 ], [ -6.07769629005139, 53.519112553281005, 0.0 ], [ -6.080713624746786, 53.517550881534326, 0.0 ], [ -6.083930649335845, 53.516848201040993, 0.0 ], [ -6.0858299131739, 53.517229446573197, 0.0 ], [ -6.087382116913216, 53.517148323932787, 0.0 ], [ -6.090062161239151, 53.518270763062702, 0.0 ], [ -6.091771575391299, 53.518237575946529, 0.0 ], [ -6.096525730802784, 53.516399602289496, 0.0 ], [ -6.103536964165313, 53.512047218181038, 0.0 ], [ -6.105858400839789, 53.510086661089822, 0.0 ], [ -6.108418966328378, 53.509411211344954, 0.0 ], [ -6.112597342942214, 53.509487968232101, 0.0 ], [ -6.115189023210075, 53.510341317421727, 0.0 ], [ -6.120087797775001, 53.510878762410137, 0.0 ], [ -6.119170153645036, 53.511599832320535, 0.0 ], [ -6.119738891940328, 53.511663969146511, 0.0 ], [ -6.120737438132259, 53.512765004196169, 0.0 ], [ -6.122401622209249, 53.513546441376121, 0.0 ], [ -6.121999091640456, 53.514200392558358, 0.0 ], [ -6.122302692861604, 53.514233925045204, 0.0 ], [ -6.124403557423689, 53.514048678215794, 0.0 ], [ -6.12682723776984, 53.513424346192281, 0.0 ], [ -6.133564099938136, 53.512331702600662, 0.0 ], [ -6.135983889385417, 53.516145055028836, 0.0 ], [ -6.136159455224773, 53.516154803779401, 0.0 ] ] ], [ [ [ -5.996287001039132, 53.494211200481686, 0.0 ], [ -5.998294409002638, 53.493109155796596, 0.0 ], [ -6.000616040749154, 53.493701625610704, 0.0 ], [ -6.000497375823569, 53.492929060190278, 0.0 ], [ -6.00367876105622, 53.492998075994571, 0.0 ], [ -6.006049902106641, 53.492452161804884, 0.0 ], [ -6.007471512435528, 53.490448085045259, 0.0 ], [ -6.010864484496352, 53.488239623089171, 0.0 ], [ -6.009105870670234, 53.488036225910186, 0.0 ], [ -6.008030968581147, 53.486932505703969, 0.0 ], [ -6.00805171654757, 53.486158317253896, 0.0 ], [ -6.007668042083824, 53.486160638682641, 0.0 ], [ -6.00805875064781, 53.485782807351214, 0.0 ], [ -6.007385675601448, 53.485831356894508, 0.0 ], [ -6.011137527567703, 53.48396144584035, 0.0 ], [ -6.011964651160223, 53.482579576324333, 0.0 ], [ -6.012564632367092, 53.483165448190178, 0.0 ], [ -6.013593728274554, 53.483212674108408, 0.0 ], [ -6.014669026703282, 53.482752362639907, 0.0 ], [ -6.014355694593688, 53.482593093552815, 0.0 ], [ -6.014797378869191, 53.482135641339411, 0.0 ], [ -6.015933014621688, 53.482503886895174, 0.0 ], [ -6.015473879724021, 53.482680434292966, 0.0 ], [ -6.016914479277702, 53.482540855414889, 0.0 ], [ -6.018686251677044, 53.482785794095278, 0.0 ], [ -6.018581108704273, 53.4833510407666, 0.0 ], [ -6.019480720421563, 53.483531434133077, 0.0 ], [ -6.019656274063295, 53.484138276840291, 0.0 ], [ -6.02159839264356, 53.483670426361833, 0.0 ], [ -6.022932769093807, 53.483979156138751, 0.0 ], [ -6.023013173231447, 53.48337008264788, 0.0 ], [ -6.023928155044689, 53.483861875952307, 0.0 ], [ -6.024159612424328, 53.48325143506824, 0.0 ], [ -6.024218213434306, 53.483758092934664, 0.0 ], [ -6.024925812580025, 53.483976436478159, 0.0 ], [ -6.025230630161118, 53.484574171656448, 0.0 ], [ -6.02486100579503, 53.485667974742938, 0.0 ], [ -6.025416633031515, 53.486734376665964, 0.0 ], [ -6.0279103501855, 53.486849178814943, 0.0 ], [ -6.02812068885855, 53.486577874643984, 0.0 ], [ -6.029710356361937, 53.488155230133003, 0.0 ], [ -6.030574330384376, 53.488305828561643, 0.0 ], [ -6.03131153133231, 53.489312275239257, 0.0 ], [ -6.03223262277893, 53.489169522194096, 0.0 ], [ -6.032396368611238, 53.488776639194128, 0.0 ], [ -6.034429226890913, 53.488920296672966, 0.0 ], [ -6.035449635155028, 53.489285289512566, 0.0 ], [ -6.032365274598793, 53.491144930779754, 0.0 ], [ -6.0313039124455, 53.491363033810174, 0.0 ], [ -6.030646388004938, 53.493056938606188, 0.0 ], [ -6.032691685258798, 53.493443695612186, 0.0 ], [ -6.030752545189265, 53.493223355730855, 0.0 ], [ -6.030961207026591, 53.494158172487111, 0.0 ], [ -6.032554165364735, 53.49380141663687, 0.0 ], [ -6.031996721600919, 53.494185658791309, 0.0 ], [ -6.030438278685718, 53.494457137045359, 0.0 ], [ -6.02842583320984, 53.496402565108248, 0.0 ], [ -6.028362125483057, 53.498088816233121, 0.0 ], [ -6.027086679374785, 53.49886206933224, 0.0 ], [ -6.026609454481116, 53.498426880553225, 0.0 ], [ -6.025619597053423, 53.498228064687289, 0.0 ], [ -6.027348895128324, 53.496695789638999, 0.0 ], [ -6.024416030302416, 53.496914381029875, 0.0 ], [ -6.024540242880064, 53.496585211854523, 0.0 ], [ -6.023234812470388, 53.496960281318131, 0.0 ], [ -6.023793959720554, 53.495932537529676, 0.0 ], [ -6.022400989111996, 53.495958388396453, 0.0 ], [ -6.022925093488029, 53.495301829152062, 0.0 ], [ -6.02195878138529, 53.494943647676621, 0.0 ], [ -6.018159387141686, 53.495290113449556, 0.0 ], [ -6.016610996946766, 53.496938604747911, 0.0 ], [ -6.016058289821359, 53.496767457929934, 0.0 ], [ -6.015623621267974, 53.497234019782034, 0.0 ], [ -6.01411877940636, 53.497303577699114, 0.0 ], [ -6.012594450875508, 53.498594858610296, 0.0 ], [ -6.01075663168368, 53.498849660259836, 0.0 ], [ -6.009105368166026, 53.498259034580208, 0.0 ], [ -6.007540305370853, 53.498848116472573, 0.0 ], [ -6.006500101249325, 53.497797636794907, 0.0 ], [ -6.007891397890864, 53.496292447046308, 0.0 ], [ -6.006610117654843, 53.496783060092135, 0.0 ], [ -6.005540437023083, 53.496330259917023, 0.0 ], [ -6.005426529089142, 53.495843612146722, 0.0 ], [ -6.004796803400285, 53.496119829921625, 0.0 ], [ -6.002787487008034, 53.495411769158395, 0.0 ], [ -6.000076463080364, 53.495781330933688, 0.0 ], [ -5.999505884242245, 53.494964347314529, 0.0 ], [ -5.997994817130692, 53.494494290416192, 0.0 ], [ -5.996492291200396, 53.494479173098036, 0.0 ], [ -5.996287001039132, 53.494211200481686, 0.0 ] ] ] ] } },
{ "type": "Feature", "properties": { "name": "Swords", "district_code": "K67" }, "geometry": { "type": "Polygon", "coordinates": [ [ [ -6.182194370695127, 53.426354691864226, 0.0 ], [ -6.182475566534372, 53.424848944074675, 0.0 ], [ -6.182733760350421, 53.423465894699525, 0.0 ], [ -6.189850725635801, 53.423044860176823, 0.0 ], [ -6.191174137060769, 53.42327658899314, 0.0 ], [ -6.194690049852739, 53.407131156745088, 0.0 ], [ -6.194881500549824, 53.407115805500325, 0.0 ], [ -6.196256887937809, 53.406970131098547, 0.0 ], [ -6.198865542238249, 53.407328779365976, 0.0 ], [ -6.202811289384552, 53.408150806937599, 0.0 ], [ -6.211333884870417, 53.409439360957244, 0.0 ], [ -6.216445821177087, 53.410610425978867, 0.0 ], [ -6.22295312364989, 53.410462262217628, 0.0 ], [ -6.225695038555179, 53.410991822197495, 0.0 ], [ -6.233084458839856, 53.411661196316714, 0.0 ], [ -6.234990912865344, 53.411400694166112, 0.0 ], [ -6.23617539856127, 53.41123888433161, 0.0 ], [ -6.238889186964165, 53.411499336445083, 0.0 ], [ -6.238614706110615, 53.410227321398906, 0.0 ], [ -6.252560368913677, 53.409723441721788, 0.0 ], [ -6.252548266572473, 53.409582869116377, 0.0 ], [ -6.253901274863987, 53.409741082885418, 0.0 ], [ -6.260987755878574, 53.409368410028023, 0.0 ], [ -6.265185819382916, 53.409779304148763, 0.0 ], [ -6.264709882152801, 53.409152203819694, 0.0 ], [ -6.276080073975411, 53.408593198135762, 0.0 ], [ -6.279889135691035, 53.412379837385636, 0.0 ], [ -6.299309888344383, 53.414919461439581, 0.0 ], [ -6.309172179327146, 53.412381615225975, 0.0 ], [ -6.3176969868862, 53.411434519457622, 0.0 ], [ -6.31784345699198, 53.411602503409306, 0.0 ], [ -6.325415075575867, 53.422178072872185, 0.0 ], [ -6.322355570713158, 53.423589217653706, 0.0 ], [ -6.324424218161746, 53.423776093530975, 0.0 ], [ -6.324526397938055, 53.426103908820117, 0.0 ], [ -6.326756921555848, 53.426147857303803, 0.0 ], [ -6.327974481689193, 53.431987195504107, 0.0 ], [ -6.326732682071946, 53.433160090504053, 0.0 ], [ -6.320351451272466, 53.433248923460077, 0.0 ], [ -6.31616148099579, 53.434741259173904, 0.0 ], [ -6.316219459743224, 53.434825845405982, 0.0 ], [ -6.316241805982208, 53.434825800944253, 0.0 ], [ -6.311209593910689, 53.442641594313962, 0.0 ], [ -6.307457653527325, 53.446754180727204, 0.0 ], [ -6.30889313397985, 53.448262217163133, 0.0 ], [ -6.312506347015669, 53.45015820727231, 0.0 ], [ -6.315935369652004, 53.454193788046794, 0.0 ], [ -6.324000778000679, 53.456985118930298, 0.0 ], [ -6.327035398223634, 53.460955241681056, 0.0 ], [ -6.32947364371306, 53.466558602371755, 0.0 ], [ -6.332706601025207, 53.467733467646227, 0.0 ], [ -6.334255000200305, 53.467692870276501, 0.0 ], [ -6.336978357139038, 53.468212028391704, 0.0 ], [ -6.338306878590597, 53.469080867955654, 0.0 ], [ -6.344176001737885, 53.470565111161626, 0.0 ], [ -6.345706226439927, 53.468783680898291, 0.0 ], [ -6.346255983672075, 53.468888631956034, 0.0 ], [ -6.346895208277, 53.467992658958963, 0.0 ], [ -6.346353826187541, 53.467691708985136, 0.0 ], [ -6.347665169384276, 53.465965825703947, 0.0 ], [ -6.351030811136064, 53.466975839611941, 0.0 ], [ -6.351367887564416, 53.46622469294779, 0.0 ], [ -6.358078957099454, 53.472395316234632, 0.0 ], [ -6.364571998666185, 53.480898615588501, 0.0 ], [ -6.35840676580954, 53.486687511040735, 0.0 ], [ -6.356817722256442, 53.489871397642666, 0.0 ], [ -6.35691544455772, 53.493661334524077, 0.0 ], [ -6.349088892139114, 53.493844945703856, 0.0 ], [ -6.34119968690632, 53.493790971558937, 0.0 ], [ -6.341936953539558, 53.494925236143168, 0.0 ], [ -6.336713499107804, 53.497682504760988, 0.0 ], [ -6.318724244571843, 53.500525423333798, 0.0 ], [ -6.313148880252769, 53.499329292331872, 0.0 ], [ -6.309860409520067, 53.498046982007359, 0.0 ], [ -6.309473650630902, 53.499712288137424, 0.0 ], [ -6.309772754666469, 53.499950386167498, 0.0 ], [ -6.308589370376755, 53.502224950049232, 0.0 ], [ -6.304675817532448, 53.501319414178489, 0.0 ], [ -6.303774516091237, 53.50237889225545, 0.0 ], [ -6.302656877664512, 53.504087369885717, 0.0 ], [ -6.302574162590318, 53.505195851976829, 0.0 ], [ -6.293868279692022, 53.504544651302965, 0.0 ], [ -6.293850980270327, 53.503446070786815, 0.0 ], [ -6.29099132868803, 53.503103664508643, 0.0 ], [ -6.286595005556619, 53.503123405728282, 0.0 ], [ -6.286049359329763, 53.504822854203375, 0.0 ], [ -6.285103538652809, 53.504714013399763, 0.0 ], [ -6.284847759511286, 53.504353968287795, 0.0 ], [ -6.280068360372098, 53.503832555693265, 0.0 ], [ -6.278058670219773, 53.50345551050718, 0.0 ], [ -6.278260717430198, 53.50054729047595, 0.0 ], [ -6.27592236285729, 53.500460998904316, 0.0 ], [ -6.276044955069934, 53.49993696771849, 0.0 ], [ -6.276744526422918, 53.496663729754459, 0.0 ], [ -6.276760213484692, 53.493882878154963, 0.0 ], [ -6.270539019069132, 53.492401742898728, 0.0 ], [ -6.268961318094874, 53.492206957113957, 0.0 ], [ -6.266607153703959, 53.493376241414047, 0.0 ], [ -6.264333567381117, 53.492569547976544, 0.0 ], [ -6.259962537872278, 53.490184991627103, 0.0 ], [ -6.256656394635534, 53.489964860515855, 0.0 ], [ -6.25257340404714, 53.491108635014882, 0.0 ], [ -6.24902022700598, 53.493377703184528, 0.0 ], [ -6.245537741725878, 53.493928375634816, 0.0 ], [ -6.245710797774712, 53.494418789293654, 0.0 ], [ -6.24573307132746, 53.494445361470568, 0.0 ], [ -6.245723597871686, 53.494455019403212, 0.0 ], [ -6.246658542469061, 53.497103236119479, 0.0 ], [ -6.246701509089586, 53.497122471838679, 0.0 ], [ -6.247149393521674, 53.496779855597438, 0.0 ], [ -6.249066232044961, 53.498089745328834, 0.0 ], [ -6.244053763266884, 53.505388304507008, 0.0 ], [ -6.241415810293459, 53.504472370976089, 0.0 ], [ -6.238660926523116, 53.504154159724685, 0.0 ], [ -6.234393156969013, 53.502773172554654, 0.0 ], [ -6.232618315496162, 53.502822617614299, 0.0 ], [ -6.230079615697752, 53.501649850412626, 0.0 ], [ -6.228634109965641, 53.500165171556091, 0.0 ], [ -6.223367394677264, 53.507595106791591, 0.0 ], [ -6.222641037791965, 53.507298575408491, 0.0 ], [ -6.222252487808831, 53.507463929727486, 0.0 ], [ -6.221875289923289, 53.507007565376668, 0.0 ], [ -6.220008634490653, 53.5069911035187, 0.0 ], [ -6.219304782775408, 53.506102211448351, 0.0 ], [ -6.218888499901905, 53.506303183939785, 0.0 ], [ -6.217899827443138, 53.506051069660614, 0.0 ], [ -6.217691038576397, 53.505352007258203, 0.0 ], [ -6.21510138874916, 53.505025020208315, 0.0 ], [ -6.21395574140411, 53.504225399434411, 0.0 ], [ -6.216651848914978, 53.497308953297178, 0.0 ], [ -6.218682683066733, 53.494359952267843, 0.0 ], [ -6.216245712817002, 53.494658137692475, 0.0 ], [ -6.215156002001742, 53.494503898693281, 0.0 ], [ -6.214144804133958, 53.496220442521093, 0.0 ], [ -6.214564436322625, 53.496500041753158, 0.0 ], [ -6.212338092459107, 53.499145846718406, 0.0 ], [ -6.210140771317494, 53.503223763111443, 0.0 ], [ -6.209261226461527, 53.502583216232971, 0.0 ], [ -6.207872716261137, 53.502537235395629, 0.0 ], [ -6.208012998171042, 53.502059013746738, 0.0 ], [ -6.203587203773229, 53.501070654679125, 0.0 ], [ -6.206194568178939, 53.496179561820682, 0.0 ], [ -6.205460170685535, 53.495913002764716, 0.0 ], [ -6.207016563387916, 53.492337606261891, 0.0 ], [ -6.203494376124423, 53.491384272180568, 0.0 ], [ -6.196110622253363, 53.490139806031422, 0.0 ], [ -6.198452143843644, 53.486894635336732, 0.0 ], [ -6.196728367255246, 53.485722642275476, 0.0 ], [ -6.199626970263301, 53.478545264092332, 0.0 ], [ -6.204866961686283, 53.473896067553383, 0.0 ], [ -6.20540047581124, 53.47149705195767, 0.0 ], [ -6.195175432848038, 53.467990332773091, 0.0 ], [ -6.189312107650299, 53.464997159431469, 0.0 ], [ -6.190154194851454, 53.4645368715654, 0.0 ], [ -6.192194592220767, 53.463885023969851, 0.0 ], [ -6.193039925999897, 53.464200985784302, 0.0 ], [ -6.191846856855348, 53.46462524204108, 0.0 ], [ -6.192048034891278, 53.465068169303159, 0.0 ], [ -6.197039556833063, 53.465060019761886, 0.0 ], [ -6.198540882834062, 53.46580981385037, 0.0 ], [ -6.200046270518564, 53.466259354641792, 0.0 ], [ -6.200570899046725, 53.466265101149851, 0.0 ], [ -6.200375181803119, 53.465887615323155, 0.0 ], [ -6.202937111489605, 53.466332628161737, 0.0 ], [ -6.205971526116775, 53.467864970721607, 0.0 ], [ -6.206126195962046, 53.467770760422376, 0.0 ], [ -6.205630353559015, 53.467447379399864, 0.0 ], [ -6.205167888994315, 53.467186965549381, 0.0 ], [ -6.204470453908525, 53.465029569104182, 0.0 ], [ -6.20367434773512, 53.46485752101492, 0.0 ], [ -6.203785051799088, 53.464183364423675, 0.0 ], [ -6.203785055591904, 53.464183274598909, 0.0 ], [ -6.20400498072584, 53.460401118391445, 0.0 ], [ -6.202860870783028, 53.454210551782204, 0.0 ], [ -6.202898816091425, 53.4533090673795, 0.0 ], [ -6.202951057680417, 53.452071908999557, 0.0 ], [ -6.202964905433152, 53.451743958231965, 0.0 ], [ -6.203073528918656, 53.450694872014481, 0.0 ], [ -6.200310741345962, 53.450437737803341, 0.0 ], [ -6.198659703249134, 53.45032071973349, 0.0 ], [ -6.1987414815847, 53.447182371851319, 0.0 ], [ -6.198630547681693, 53.44719813588047, 0.0 ], [ -6.197768157081829, 53.447250919544338, 0.0 ], [ -6.196584187716397, 53.447883165468966, 0.0 ], [ -6.193296394140605, 53.447721662881698, 0.0 ], [ -6.191178994674565, 53.447562700474435, 0.0 ], [ -6.189613003321623, 53.446555751786761, 0.0 ], [ -6.186926310027671, 53.446170208003565, 0.0 ], [ -6.186669581704324, 53.446005600884611, 0.0 ], [ -6.189527604999194, 53.44599736709435, 0.0 ], [ -6.189913200274699, 53.445467783085284, 0.0 ], [ -6.191939786437107, 53.445511243544509, 0.0 ], [ -6.193518348571775, 53.442872100095997, 0.0 ], [ -6.193633403610538, 53.441129046124878, 0.0 ], [ -6.190719694667969, 53.439329268652429, 0.0 ], [ -6.186027874553763, 53.438335722253626, 0.0 ], [ -6.185427377723659, 53.437225539819096, 0.0 ], [ -6.185741641058636, 53.43662702364233, 0.0 ], [ -6.185841896029418, 53.436788537418131, 0.0 ], [ -6.187631549170139, 53.437873806676713, 0.0 ], [ -6.189854442225325, 53.437951832777507, 0.0 ], [ -6.18870104377856, 53.43641245606446, 0.0 ], [ -6.185008910847727, 53.43418411960986, 0.0 ], [ -6.182524494912784, 53.431649307287948, 0.0 ], [ -6.182763764392207, 53.43165052187387, 0.0 ], [ -6.183152780326045, 53.430742785140431, 0.0 ], [ -6.186615188412656, 53.430366225671861, 0.0 ], [ -6.186531329127399, 53.428009490680111, 0.0 ], [ -6.187755081062441, 53.427829968316956, 0.0 ], [ -6.187478840219195, 53.426516276848126, 0.0 ], [ -6.186190380741919, 53.426385797010283, 0.0 ], [ -6.185355560605115, 53.426709903177525, 0.0 ], [ -6.184028503156881, 53.426323187309471, 0.0 ], [ -6.182194370695127, 53.426354691864226, 0.0 ] ] ] } },
{ "type": "Feature", "properties": { "name": "Skerries", "district_code": "K34" }, "geometry": { "type": "Polygon", "coordinates": [ [ [ -6.076792354498887, 53.54106132256878, 0.0 ], [ -6.077687439045314, 53.539289390694968, 0.0 ], [ -6.078861273970831, 53.539134247175994, 0.0 ], [ -6.079452020111716, 53.538713650593635, 0.0 ], [ -6.080817939391141, 53.538881106427148, 0.0 ], [ -6.082865251162308, 53.538631814322116, 0.0 ], [ -6.08296292883306, 53.538565968757531, 0.0 ], [ -6.087693809040027, 53.540119856173625, 0.0 ], [ -6.091120179472014, 53.54094832292413, 0.0 ], [ -6.09393816305848, 53.540864303418871, 0.0 ], [ -6.094308335251728, 53.540655295906625, 0.0 ], [ -6.095394401122024, 53.541636681558373, 0.0 ], [ -6.095482521069572, 53.541132047705453, 0.0 ], [ -6.094628615151296, 53.540335116536568, 0.0 ], [ -6.095045955164905, 53.538809542210785, 0.0 ], [ -6.098818654576401, 53.539280720839749, 0.0 ], [ -6.099818400708963, 53.53952914109982, 0.0 ], [ -6.101760846045367, 53.540183602800958, 0.0 ], [ -6.10622786500412, 53.540800931021742, 0.0 ], [ -6.107628218509288, 53.541316109050705, 0.0 ], [ -6.110825838973115, 53.541152132205127, 0.0 ], [ -6.114399048265624, 53.541779923247653, 0.0 ], [ -6.114183207427683, 53.543205643520039, 0.0 ], [ -6.114374233736727, 53.545400789397661, 0.0 ], [ -6.114538413299138, 53.548197360474475, 0.0 ], [ -6.11400252706747, 53.550509930517144, 0.0 ], [ -6.120996725562666, 53.552296437620534, 0.0 ], [ -6.127884983556676, 53.55485448376988, 0.0 ], [ -6.130105844335222, 53.553599702917147, 0.0 ], [ -6.135226152071197, 53.554711508174776, 0.0 ], [ -6.145911499674741, 53.552394879435163, 0.0 ], [ -6.156335443835172, 53.546217272568079, 0.0 ], [ -6.159607727065578, 53.546923461501692, 0.0 ], [ -6.171453705542986, 53.550238292996838, 0.0 ], [ -6.186825564822604, 53.554115347978971, 0.0 ], [ -6.187272057225317, 53.555307285977719, 0.0 ], [ -6.186838794166647, 53.555293526507278, 0.0 ], [ -6.1884572222723, 53.555344930961482, 0.0 ], [ -6.18846877061588, 53.556985969223923, 0.0 ], [ -6.190731010760192, 53.557370485006409, 0.0 ], [ -6.190936802377696, 53.557180894323103, 0.0 ], [ -6.188802777916042, 53.561724507069322, 0.0 ], [ -6.180822331950435, 53.562634930419861, 0.0 ], [ -6.178758141706697, 53.566987716088235, 0.0 ], [ -6.175746257933138, 53.574407125450946, 0.0 ], [ -6.175736039436585, 53.574404363045481, 0.0 ], [ -6.172804665567084, 53.57323241947784, 0.0 ], [ -6.172520717564248, 53.573460243011468, 0.0 ], [ -6.16834201424123, 53.572143109474069, 0.0 ], [ -6.168451318847048, 53.571763778567863, 0.0 ], [ -6.166291628630229, 53.571828115010938, 0.0 ], [ -6.165967697700672, 53.572366208120464, 0.0 ], [ -6.164909746108155, 53.572719210095862, 0.0 ], [ -6.165680448645426, 53.574553817319085, 0.0 ], [ -6.161403422732723, 53.575326821200512, 0.0 ], [ -6.160956167448039, 53.575851770031754, 0.0 ], [ -6.160591836996267, 53.576311121216492, 0.0 ], [ -6.160938690950013, 53.578500920224315, 0.0 ], [ -6.162345490528919, 53.578658353401039, 0.0 ], [ -6.162537516960233, 53.578932204512135, 0.0 ], [ -6.16883481623152, 53.578154333766889, 0.0 ], [ -6.170760421290878, 53.580478005199573, 0.0 ], [ -6.171979378403859, 53.580377909192798, 0.0 ], [ -6.173025073951091, 53.584418831558359, 0.0 ], [ -6.170292454442426, 53.584958589302602, 0.0 ], [ -6.169567248077336, 53.583541220714721, 0.0 ], [ -6.167580393392351, 53.583570389557252, 0.0 ], [ -6.167446436898804, 53.58271330207571, 0.0 ], [ -6.165485347555152, 53.582346905908771, 0.0 ], [ -6.162629994977844, 53.581145052996447, 0.0 ], [ -6.160160535982727, 53.581249014006637, 0.0 ], [ -6.158233076191856, 53.57905214146394, 0.0 ], [ -6.154183666589373, 53.579161658534481, 0.0 ], [ -6.154963723697342, 53.581150895279137, 0.0 ], [ -6.152137526563858, 53.581365133605402, 0.0 ], [ -6.149552053005601, 53.581024239645267, 0.0 ], [ -6.147834063132483, 53.579020534537776, 0.0 ], [ -6.145735336842892, 53.579116994706609, 0.0 ], [ -6.143247504557801, 53.579852005528622, 0.0 ], [ -6.14210826126426, 53.581123838761791, 0.0 ], [ -6.144805853456011, 53.582197186475177, 0.0 ], [ -6.14897369013206, 53.582691660833397, 0.0 ], [ -6.152859280502969, 53.585898101409299, 0.0 ], [ -6.154744241255774, 53.585219563450536, 0.0 ], [ -6.158056827302644, 53.583661035158478, 0.0 ], [ -6.160929863328992, 53.584892659457665, 0.0 ], [ -6.165403569491817, 53.586823149584227, 0.0 ], [ -6.165400666094201, 53.586985070055285, 0.0 ], [ -6.155486907466435, 53.591256538515559, 0.0 ], [ -6.155249362410883, 53.590828997589831, 0.0 ], [ -6.150054951472212, 53.586907537241267, 0.0 ], [ -6.147283529463627, 53.585962866462239, 0.0 ], [ -6.145723815357714, 53.585782394224488, 0.0 ], [ -6.143832922564887, 53.586029539805516, 0.0 ], [ -6.143606128893747, 53.586911797606334, 0.0 ], [ -6.142805424739231, 53.587153192020196, 0.0 ], [ -6.140477810551536, 53.586670410319677, 0.0 ], [ -6.138941040337758, 53.587039469606744, 0.0 ], [ -6.138158123946408, 53.586668749955685, 0.0 ], [ -6.134800564928439, 53.586640708253363, 0.0 ], [ -6.132063991192582, 53.585764085851856, 0.0 ], [ -6.129892548964897, 53.585910367138332, 0.0 ], [ -6.124766499051029, 53.583777402233956, 0.0 ], [ -6.122726352713079, 53.583537683266663, 0.0 ], [ -6.121089948974404, 53.582666743560324, 0.0 ], [ -6.120602301397104, 53.582553201754045, 0.0 ], [ -6.119811247791421, 53.58277248348967, 0.0 ], [ -6.119725743622625, 53.582470485961466, 0.0 ], [ -6.118941782720839, 53.582417802334049, 0.0 ], [ -6.118232748254005, 53.582756377915274, 0.0 ], [ -6.115163464271004, 53.581752519210212, 0.0 ], [ -6.110973244616972, 53.581532895031309, 0.0 ], [ -6.106949674834141, 53.582150851771104, 0.0 ], [ -6.105396191213869, 53.583024171628807, 0.0 ], [ -6.105008388836862, 53.584563902425053, 0.0 ], [ -6.105561782237301, 53.585293249653603, 0.0 ], [ -6.108109704886668, 53.585092605403901, 0.0 ], [ -6.106098891612056, 53.585375907806743, 0.0 ], [ -6.10579141411508, 53.586089192805069, 0.0 ], [ -6.104602331163815, 53.585773207347032, 0.0 ], [ -6.102711344791849, 53.585958403531336, 0.0 ], [ -6.099527765520318, 53.585436163098493, 0.0 ], [ -6.099583749186586, 53.584263557005805, 0.0 ], [ -6.100351297497032, 53.583946423346397, 0.0 ], [ -6.102832174303595, 53.584262365728051, 0.0 ], [ -6.104282202819497, 53.58267449761675, 0.0 ], [ -6.104854443964405, 53.580815824983574, 0.0 ], [ -6.104043370699251, 53.57815559457147, 0.0 ], [ -6.10238302751123, 53.575824514030039, 0.0 ], [ -6.100368870370352, 53.571230225991954, 0.0 ], [ -6.100302273070163, 53.56867948826973, 0.0 ], [ -6.09868089316381, 53.565659033731599, 0.0 ], [ -6.097278698403853, 53.564731259902004, 0.0 ], [ -6.093685766399815, 53.564379943072588, 0.0 ], [ -6.090868039163196, 53.563621866126226, 0.0 ], [ -6.088928437627692, 53.561696886994838, 0.0 ], [ -6.086732387440284, 53.560737690749619, 0.0 ], [ -6.085625000760482, 53.560693631517552, 0.0 ], [ -6.082956694733523, 53.559874929206401, 0.0 ], [ -6.083285562988018, 53.559270889092737, 0.0 ], [ -6.08243054968414, 53.558231353641141, 0.0 ], [ -6.082860315577633, 53.557259875760202, 0.0 ], [ -6.081619633914601, 53.555263553531063, 0.0 ], [ -6.080705010734262, 53.554660685265404, 0.0 ], [ -6.080346971304557, 53.553530688216959, 0.0 ], [ -6.079266975516669, 53.553210529964701, 0.0 ], [ -6.080647798499013, 53.551868288373861, 0.0 ], [ -6.080212297638942, 53.551275712353892, 0.0 ], [ -6.079325319357191, 53.551122868437979, 0.0 ], [ -6.079724733630631, 53.550945204677646, 0.0 ], [ -6.079257981568704, 53.54988059946799, 0.0 ], [ -6.08050131242391, 53.549021516232386, 0.0 ], [ -6.080417908763908, 53.54789421918597, 0.0 ], [ -6.080248623610941, 53.547344386287101, 0.0 ], [ -6.078403725904296, 53.547023079717313, 0.0 ], [ -6.079371440532824, 53.546814911740221, 0.0 ], [ -6.079450844910572, 53.545493026421987, 0.0 ], [ -6.079490853386349, 53.54678087696459, 0.0 ], [ -6.081470909458389, 53.547011666859156, 0.0 ], [ -6.08332326713465, 53.546243040768701, 0.0 ], [ -6.083702182532399, 53.5458041964635, 0.0 ], [ -6.083279127071084, 53.545030267778799, 0.0 ], [ -6.084702222472544, 53.543941947137519, 0.0 ], [ -6.084726715232169, 53.542834537751148, 0.0 ], [ -6.084563248540984, 53.542295589922986, 0.0 ], [ -6.083164907142656, 53.541848662656669, 0.0 ], [ -6.078346012985668, 53.541769953375983, 0.0 ], [ -6.077622641365832, 53.542040105836882, 0.0 ], [ -6.077635886029164, 53.541786310509551, 0.0 ], [ -6.077072777725766, 53.541862193598043, 0.0 ], [ -6.077428622892179, 53.541542990950795, 0.0 ], [ -6.076792354498887, 53.54106132256878, 0.0 ] ] ] } },
{ "type": "Feature", "properties": { "name": "Lusk", "district_code": "K45" }, "geometry": { "type": "Polygon", "coordinates": [ [ [ -6.254107397483952, 53.557005385573071, 0.0 ], [ -6.252275142075187, 53.55929608147364, 0.0 ], [ -6.25005369557902, 53.562072967392787, 0.0 ], [ -6.250395903202783, 53.562487916330319, 0.0 ], [ -6.248602034371213, 53.564715753264885, 0.0 ], [ -6.246917135743969, 53.565731514402444, 0.0 ], [ -6.245450220065456, 53.566118056104301, 0.0 ], [ -6.244172853317949, 53.56709544673874, 0.0 ], [ -6.243483884158595, 53.567103844659925, 0.0 ], [ -6.241349767707317, 53.569555770695764, 0.0 ], [ -6.240595733751676, 53.569534613652387, 0.0 ], [ -6.240846812883135, 53.569831045717571, 0.0 ], [ -6.240034148596707, 53.570825653536716, 0.0 ], [ -6.233206717739124, 53.569568411886763, 0.0 ], [ -6.228532921292721, 53.567503487659295, 0.0 ], [ -6.224183545998339, 53.570660644235232, 0.0 ], [ -6.221917096137163, 53.570931393161715, 0.0 ], [ -6.219505808377505, 53.571782366223275, 0.0 ], [ -6.218150142308043, 53.572701872735117, 0.0 ], [ -6.215847816908579, 53.57330048492895, 0.0 ], [ -6.214569824346071, 53.574161789286485, 0.0 ], [ -6.214630217604328, 53.574493090245518, 0.0 ], [ -6.210354202863825, 53.574432777321739, 0.0 ], [ -6.212033362587198, 53.570716538505614, 0.0 ], [ -6.211584684432855, 53.569246489582312, 0.0 ], [ -6.210382845338988, 53.568647524932167, 0.0 ], [ -6.210233422500225, 53.565843090664394, 0.0 ], [ -6.210587677003299, 53.565282954831247, 0.0 ], [ -6.21018864684808, 53.564789202852083, 0.0 ], [ -6.210632003973065, 53.564460134526662, 0.0 ], [ -6.209778292571491, 53.56195182917628, 0.0 ], [ -6.208319682607064, 53.560012924833138, 0.0 ], [ -6.207721496575312, 53.559855478238987, 0.0 ], [ -6.207508856290074, 53.558265181960188, 0.0 ], [ -6.204625224177693, 53.557814852526633, 0.0 ], [ -6.203269995721358, 53.558453860629818, 0.0 ], [ -6.200568774659588, 53.557220617618853, 0.0 ], [ -6.199505376015218, 53.557348419489045, 0.0 ], [ -6.19673798061497, 53.556372678662747, 0.0 ], [ -6.19589476034987, 53.555562807903613, 0.0 ], [ -6.19356142388976, 53.556339742442745, 0.0 ], [ -6.193766220554614, 53.556725368348637, 0.0 ], [ -6.191153079881236, 53.556981844677729, 0.0 ], [ -6.190936802377696, 53.557180894323103, 0.0 ], [ -6.190731010760192, 53.557370485006409, 0.0 ], [ -6.18846877061588, 53.556985969223923, 0.0 ], [ -6.1884572222723, 53.555344930961482, 0.0 ], [ -6.187272057225317, 53.555307285977719, 0.0 ], [ -6.186825564822604, 53.554115347978971, 0.0 ], [ -6.171453705542986, 53.550238292996838, 0.0 ], [ -6.159607727065578, 53.546923461501692, 0.0 ], [ -6.156335443835172, 53.546217272568079, 0.0 ], [ -6.145911499674741, 53.552394879435163, 0.0 ], [ -6.135226027666117, 53.554711506234618, 0.0 ], [ -6.130105844335222, 53.553599702917147, 0.0 ], [ -6.127884983556676, 53.55485448376988, 0.0 ], [ -6.120996725562666, 53.552296437620534, 0.0 ], [ -6.11400252706747, 53.550509930517144, 0.0 ], [ -6.114538413299138, 53.548197360474475, 0.0 ], [ -6.114374233736727, 53.545400789397661, 0.0 ], [ -6.114183207427683, 53.543205643520039, 0.0 ], [ -6.114399048265624, 53.541779923247653, 0.0 ], [ -6.115128740733695, 53.54190818657014, 0.0 ], [ -6.116497124688805, 53.536198332560247, 0.0 ], [ -6.115899924329554, 53.535972036343722, 0.0 ], [ -6.117277098557349, 53.532202235699458, 0.0 ], [ -6.120360190167159, 53.527719795063234, 0.0 ], [ -6.12064096876155, 53.52754040083699, 0.0 ], [ -6.123376148875247, 53.527981999898202, 0.0 ], [ -6.125809933784229, 53.528665806701866, 0.0 ], [ -6.127214700191808, 53.528369641017356, 0.0 ], [ -6.126313240853716, 53.526940051454034, 0.0 ], [ -6.12295146589164, 53.526239438282396, 0.0 ], [ -6.123524338218491, 53.525618089344626, 0.0 ], [ -6.123214574537946, 53.525480110671083, 0.0 ], [ -6.129824663731388, 53.522346969786234, 0.0 ], [ -6.136838413472904, 53.520307334104658, 0.0 ], [ -6.136462648402728, 53.519012028510453, 0.0 ], [ -6.136159455224773, 53.516154803779401, 0.0 ], [ -6.135983889385417, 53.516145055028836, 0.0 ], [ -6.133564099938136, 53.512331702600662, 0.0 ], [ -6.133583513485239, 53.512328590250696, 0.0 ], [ -6.136526095479859, 53.510660364424318, 0.0 ], [ -6.141214531772085, 53.509011953144928, 0.0 ], [ -6.145460696545872, 53.509706284117236, 0.0 ], [ -6.147366442971926, 53.509436444293911, 0.0 ], [ -6.14817336986407, 53.509573976039199, 0.0 ], [ -6.150595240993371, 53.509256893480739, 0.0 ], [ -6.154547883021937, 53.507197229547387, 0.0 ], [ -6.156974080947344, 53.50693662136738, 0.0 ], [ -6.157823179836033, 53.506310742379654, 0.0 ], [ -6.159346815646329, 53.50630213093536, 0.0 ], [ -6.16011546619107, 53.505476987082218, 0.0 ], [ -6.161065360384928, 53.505875762414149, 0.0 ], [ -6.16131802549168, 53.505439318818659, 0.0 ], [ -6.162800485714948, 53.505525214899187, 0.0 ], [ -6.161491521839168, 53.503151797985865, 0.0 ], [ -6.164686533307541, 53.500777423914272, 0.0 ], [ -6.167652863975857, 53.501408074515645, 0.0 ], [ -6.169366544963771, 53.502605587648468, 0.0 ], [ -6.169494631274602, 53.503052374552162, 0.0 ], [ -6.171064816070319, 53.503617413457718, 0.0 ], [ -6.171035318010203, 53.503222471053448, 0.0 ], [ -6.170349209650706, 53.503104290266471, 0.0 ], [ -6.170187573562252, 53.502988744230819, 0.0 ], [ -6.169745993664887, 53.502811116910593, 0.0 ], [ -6.169737736128261, 53.50225246511436, 0.0 ], [ -6.171650954486418, 53.501696351684508, 0.0 ], [ -6.171465112545098, 53.501571269060641, 0.0 ], [ -6.171451966890106, 53.501475164079011, 0.0 ], [ -6.17094791108966, 53.501683256481314, 0.0 ], [ -6.170972151426095, 53.500984527079687, 0.0 ], [ -6.172212137163806, 53.499521798067555, 0.0 ], [ -6.175194457027613, 53.499250992147985, 0.0 ], [ -6.176886031989967, 53.500439250965051, 0.0 ], [ -6.179817840899928, 53.501127584723115, 0.0 ], [ -6.181080971362869, 53.500653366893815, 0.0 ], [ -6.180458692907091, 53.500673734462588, 0.0 ], [ -6.179495950216494, 53.500825712534741, 0.0 ], [ -6.177687075020224, 53.500338217957697, 0.0 ], [ -6.178713588522648, 53.497979372632884, 0.0 ], [ -6.178866556964472, 53.497258875247631, 0.0 ], [ -6.193857708661068, 53.499003865204493, 0.0 ], [ -6.196075421946696, 53.501100591140158, 0.0 ], [ -6.197348563969394, 53.505074043197453, 0.0 ], [ -6.19682859262587, 53.507129424856537, 0.0 ], [ -6.197199057504526, 53.508596483712445, 0.0 ], [ -6.203206726104923, 53.509351626359475, 0.0 ], [ -6.203206850381853, 53.509351628227847, 0.0 ], [ -6.203410136282256, 53.509667021387017, 0.0 ], [ -6.206899090314125, 53.513528309050841, 0.0 ], [ -6.207732526166335, 53.515153725322534, 0.0 ], [ -6.208382373424115, 53.517564819426461, 0.0 ], [ -6.208224884978697, 53.519198113068931, 0.0 ], [ -6.212367167803485, 53.519956712881545, 0.0 ], [ -6.216244836310555, 53.520358526980289, 0.0 ], [ -6.219910182149384, 53.522390366584617, 0.0 ], [ -6.220060004409319, 53.530730831721201, 0.0 ], [ -6.220062721065783, 53.530731321574059, 0.0 ], [ -6.220867093571314, 53.531134725738255, 0.0 ], [ -6.223122977536983, 53.526299263771264, 0.0 ], [ -6.225479599630024, 53.526897013315356, 0.0 ], [ -6.226427475122242, 53.526813200506062, 0.0 ], [ -6.226811325039546, 53.527455069968958, 0.0 ], [ -6.227600194877086, 53.527246651468211, 0.0 ], [ -6.228418988463936, 53.527307683884636, 0.0 ], [ -6.228772050921006, 53.527704345690189, 0.0 ], [ -6.229152539436901, 53.527440880359109, 0.0 ], [ -6.22922031558767, 53.527784419226855, 0.0 ], [ -6.230823909988448, 53.527734730527904, 0.0 ], [ -6.232068455421003, 53.52841376498943, 0.0 ], [ -6.230335829546988, 53.53352632716819, 0.0 ], [ -6.232275459460848, 53.534289167229225, 0.0 ], [ -6.231931024165692, 53.535654210999475, 0.0 ], [ -6.23498809914489, 53.536213140154892, 0.0 ], [ -6.234187413800623, 53.538672577121325, 0.0 ], [ -6.235895218639294, 53.539089217905762, 0.0 ], [ -6.238359304874644, 53.539101193973252, 0.0 ], [ -6.239562370869844, 53.539803982409673, 0.0 ], [ -6.239786734743839, 53.539342335332961, 0.0 ], [ -6.240643774828784, 53.539477367337568, 0.0 ], [ -6.24242155772359, 53.539952377386101, 0.0 ], [ -6.242795416285072, 53.541039311432321, 0.0 ], [ -6.238566279474944, 53.542094649729783, 0.0 ], [ -6.239360366798643, 53.54382557498446, 0.0 ], [ -6.243372372344441, 53.548010894151062, 0.0 ], [ -6.25126693728618, 53.550123210515487, 0.0 ], [ -6.251336107232916, 53.551730017118025, 0.0 ], [ -6.24807449058582, 53.553420462180661, 0.0 ], [ -6.246609206271854, 53.55310687484895, 0.0 ], [ -6.245864369583098, 53.55472700239384, 0.0 ], [ -6.248956246681832, 53.555532703255942, 0.0 ], [ -6.250231382307539, 53.556275261710823, 0.0 ], [ -6.251044067574864, 53.555979581943376, 0.0 ], [ -6.252050896260279, 53.556636315504313, 0.0 ], [ -6.252922437675697, 53.556534545243942, 0.0 ], [ -6.254107397483952, 53.557005385573071, 0.0 ] ] ] } },
{ "type": "Feature", "properties": { "name": "Garristown", "district_code": "A42" }, "geometry": { "type": "Polygon", "coordinates": [ [ [ -6.445318333107169, 53.600142774625795, 0.0 ], [ -6.434584328096544, 53.601757386244884, 0.0 ], [ -6.428158317519527, 53.609447570768602, 0.0 ], [ -6.422126751198837, 53.611221355166684, 0.0 ], [ -6.422204757865246, 53.611222024283627, 0.0 ], [ -6.42255865422739, 53.611887104993762, 0.0 ], [ -6.421933767346154, 53.612207994343265, 0.0 ], [ -6.423028521024711, 53.613805606527194, 0.0 ], [ -6.420500668745253, 53.615125181100758, 0.0 ], [ -6.413390891186875, 53.619672901862906, 0.0 ], [ -6.41043393624792, 53.623903258601239, 0.0 ], [ -6.405198771939713, 53.623462955176414, 0.0 ], [ -6.402964515730362, 53.625390857693162, 0.0 ], [ -6.402943211730078, 53.627107400972427, 0.0 ], [ -6.401300919680295, 53.627200156552064, 0.0 ], [ -6.400374842259939, 53.626717276540653, 0.0 ], [ -6.400340968809268, 53.625235922304988, 0.0 ], [ -6.39897043898767, 53.624617486657854, 0.0 ], [ -6.397916804246596, 53.624656862898263, 0.0 ], [ -6.396266910819774, 53.624169650860765, 0.0 ], [ -6.394489369811924, 53.62456284600124, 0.0 ], [ -6.393283832065531, 53.624573360112088, 0.0 ], [ -6.391313767180463, 53.624103171104501, 0.0 ], [ -6.385220993314524, 53.6243529404247, 0.0 ], [ -6.380818521683543, 53.625268712372218, 0.0 ], [ -6.380923318591388, 53.625615797740714, 0.0 ], [ -6.372668418230224, 53.624297049527243, 0.0 ], [ -6.370162979682928, 53.623896613668862, 0.0 ], [ -6.36517445480862, 53.623866227990042, 0.0 ], [ -6.36214468751283, 53.624122204271458, 0.0 ], [ -6.364270120239532, 53.622449895582704, 0.0 ], [ -6.373237607187208, 53.618617891617674, 0.0 ], [ -6.373520893380582, 53.615011368623968, 0.0 ], [ -6.363919771602157, 53.61281743048886, 0.0 ], [ -6.353481478836694, 53.614646885575738, 0.0 ], [ -6.346582083388819, 53.613254723654592, 0.0 ], [ -6.345725503060862, 53.610402476066014, 0.0 ], [ -6.345701457265833, 53.609761314699341, 0.0 ], [ -6.346741859468972, 53.608463748084773, 0.0 ], [ -6.349115308356584, 53.607569879326192, 0.0 ], [ -6.351980351624361, 53.607479502743637, 0.0 ], [ -6.353953362523285, 53.606365933771599, 0.0 ], [ -6.354630332949923, 53.607031173116624, 0.0 ], [ -6.356707438749647, 53.606617610289291, 0.0 ], [ -6.355733133991203, 53.605405075875822, 0.0 ], [ -6.356447702319129, 53.605214825986302, 0.0 ], [ -6.353762608045808, 53.603743191978424, 0.0 ], [ -6.352010799120379, 53.601784364698119, 0.0 ], [ -6.350922630318234, 53.597470870257922, 0.0 ], [ -6.35278572597027, 53.597172437188824, 0.0 ], [ -6.354287056723313, 53.596482793984848, 0.0 ], [ -6.353882806473085, 53.595653231659249, 0.0 ], [ -6.356321857591142, 53.594086850860897, 0.0 ], [ -6.358260823659753, 53.592392403771065, 0.0 ], [ -6.358077241159006, 53.592172020173841, 0.0 ], [ -6.354207010071868, 53.591319912903643, 0.0 ], [ -6.353053415802505, 53.590729985889666, 0.0 ], [ -6.350431546063651, 53.592945215429623, 0.0 ], [ -6.346752825046495, 53.594647863844465, 0.0 ], [ -6.340951081605435, 53.594172621721846, 0.0 ], [ -6.33925488457759, 53.594454942034162, 0.0 ], [ -6.339783777292622, 53.59524422268511, 0.0 ], [ -6.341403944279319, 53.594842291452593, 0.0 ], [ -6.34171425994653, 53.595245022888271, 0.0 ], [ -6.34251815706716, 53.59930454033416, 0.0 ], [ -6.342197406859868, 53.599358247259246, 0.0 ], [ -6.337777359164884, 53.599516489808295, 0.0 ], [ -6.333614227689447, 53.59928565013832, 0.0 ], [ -6.331360091990517, 53.59964421322691, 0.0 ], [ -6.327892391758236, 53.595736785318167, 0.0 ], [ -6.32475539937912, 53.595447171019913, 0.0 ], [ -6.322770980608747, 53.595731783219748, 0.0 ], [ -6.321211730515931, 53.594189799742239, 0.0 ], [ -6.322953564228594, 53.593525762218057, 0.0 ], [ -6.320444031281005, 53.590505783133963, 0.0 ], [ -6.318788591958437, 53.590860018624774, 0.0 ], [ -6.31779991075902, 53.592532509220646, 0.0 ], [ -6.315962342456412, 53.591504869801128, 0.0 ], [ -6.311910267309801, 53.587798059190341, 0.0 ], [ -6.316015167808488, 53.585160548745421, 0.0 ], [ -6.323786378268554, 53.58226101675502, 0.0 ], [ -6.332876498457525, 53.578863652795739, 0.0 ], [ -6.33327685823112, 53.576032488760276, 0.0 ], [ -6.332574526764553, 53.571953090919649, 0.0 ], [ -6.330124142757958, 53.572199324934239, 0.0 ], [ -6.328517532723495, 53.573337664544646, 0.0 ], [ -6.326590532088952, 53.57348517311717, 0.0 ], [ -6.327092666103812, 53.569842227212533, 0.0 ], [ -6.325249893217552, 53.567985248826844, 0.0 ], [ -6.325939897261264, 53.566282720196597, 0.0 ], [ -6.323663993907252, 53.56541478875836, 0.0 ], [ -6.328271692602927, 53.563554533919948, 0.0 ], [ -6.329037486082192, 53.564260987255068, 0.0 ], [ -6.330566645491395, 53.564374918278553, 0.0 ], [ -6.332292724248252, 53.563316592324227, 0.0 ], [ -6.322752842430426, 53.559122721246652, 0.0 ], [ -6.315866640777807, 53.554383960565396, 0.0 ], [ -6.313576459526208, 53.548872386059806, 0.0 ], [ -6.314141943746872, 53.54837407129228, 0.0 ], [ -6.321680306258719, 53.550511024740146, 0.0 ], [ -6.330973165590897, 53.550641186773426, 0.0 ], [ -6.345066171608582, 53.546902717754293, 0.0 ], [ -6.35156311530801, 53.544255389297824, 0.0 ], [ -6.352245612756821, 53.544563373668403, 0.0 ], [ -6.353665506151761, 53.543986947579135, 0.0 ], [ -6.355383389762335, 53.542127452114023, 0.0 ], [ -6.359163405246495, 53.541760732401279, 0.0 ], [ -6.361045050459254, 53.540830052591943, 0.0 ], [ -6.360902046620847, 53.539052540482153, 0.0 ], [ -6.362186871448878, 53.537799084535536, 0.0 ], [ -6.361685227045046, 53.537145984235245, 0.0 ], [ -6.363122444778461, 53.534984944909596, 0.0 ], [ -6.364122198508117, 53.534921063520066, 0.0 ], [ -6.364814730268003, 53.534466673905008, 0.0 ], [ -6.363189441925775, 53.532512671210341, 0.0 ], [ -6.36436032541207, 53.531729315476156, 0.0 ], [ -6.364396428069902, 53.532551929533192, 0.0 ], [ -6.368631529810829, 53.532336654319842, 0.0 ], [ -6.368837692600468, 53.531621337315769, 0.0 ], [ -6.368307213083654, 53.531406748253744, 0.0 ], [ -6.369320996349004, 53.530194995822512, 0.0 ], [ -6.370568807003814, 53.531094168236379, 0.0 ], [ -6.373679727016005, 53.531392592560294, 0.0 ], [ -6.374219952943543, 53.532230328168303, 0.0 ], [ -6.376378417635383, 53.533832714908648, 0.0 ], [ -6.37667446493952, 53.534732553785439, 0.0 ], [ -6.378776024656207, 53.534807807155055, 0.0 ], [ -6.380015333536424, 53.537140952549812, 0.0 ], [ -6.381932675689881, 53.538258489261487, 0.0 ], [ -6.383429625233354, 53.538396479489577, 0.0 ], [ -6.383158374688036, 53.53961380861125, 0.0 ], [ -6.381833940308958, 53.539548704734194, 0.0 ], [ -6.382851853155814, 53.541236909836826, 0.0 ], [ -6.382665005317702, 53.541721432974008, 0.0 ], [ -6.377377592588773, 53.542879958749225, 0.0 ], [ -6.376273537217824, 53.543863159518864, 0.0 ], [ -6.3805359081048, 53.545442156548297, 0.0 ], [ -6.384180045743273, 53.544903204773426, 0.0 ], [ -6.385380341530602, 53.544101257827457, 0.0 ], [ -6.387681142319609, 53.543491923111837, 0.0 ], [ -6.388975468693038, 53.543583159627346, 0.0 ], [ -6.39056304161093, 53.5440016214352, 0.0 ], [ -6.391348420372592, 53.54512200566321, 0.0 ], [ -6.391973978491546, 53.545383696655712, 0.0 ], [ -6.396907253871567, 53.546335148619946, 0.0 ], [ -6.402757604131065, 53.549605096871559, 0.0 ], [ -6.400114444316094, 53.551390958100825, 0.0 ], [ -6.398723465766568, 53.553100871925011, 0.0 ], [ -6.399035138532637, 53.553085092184475, 0.0 ], [ -6.399349964028095, 53.554651115090522, 0.0 ], [ -6.402265440819232, 53.555122596535035, 0.0 ], [ -6.401989451538308, 53.556126798918733, 0.0 ], [ -6.401055484843628, 53.5572438094568, 0.0 ], [ -6.398770858788741, 53.556988276174124, 0.0 ], [ -6.398030404277067, 53.558852492532431, 0.0 ], [ -6.402146876009402, 53.557545377059085, 0.0 ], [ -6.406950826305109, 53.55649192868033, 0.0 ], [ -6.417295093880044, 53.557832743811993, 0.0 ], [ -6.423967369048602, 53.560066150175189, 0.0 ], [ -6.423509794629735, 53.560408574185836, 0.0 ], [ -6.424708451564426, 53.560751523430909, 0.0 ], [ -6.424866449327572, 53.561575713812935, 0.0 ], [ -6.423854670312083, 53.565756065548499, 0.0 ], [ -6.41985954079462, 53.568631465545401, 0.0 ], [ -6.419143768070057, 53.569993446569768, 0.0 ], [ -6.418745054911346, 53.571140674089705, 0.0 ], [ -6.417201529763181, 53.571072263023311, 0.0 ], [ -6.417663837445163, 53.571421352418881, 0.0 ], [ -6.417268602190999, 53.571983878607689, 0.0 ], [ -6.423902786387201, 53.574252807055593, 0.0 ], [ -6.429289578644367, 53.576988437895096, 0.0 ], [ -6.441027454966614, 53.57593854600961, 0.0 ], [ -6.446010821987312, 53.577894585295773, 0.0 ], [ -6.44805665452819, 53.581187723585614, 0.0 ], [ -6.44696343299126, 53.5873626363828, 0.0 ], [ -6.445318333107169, 53.600142774625795, 0.0 ] ] ] } },
{ "type": "Feature", "properties": { "name": "Ashbourne", "district_code": "A84" }, "geometry": { "type": "Polygon", "coordinates": [ [ [ -6.462833877575322, 53.579573177905289, 0.0 ], [ -6.458764512308921, 53.57896933016508, 0.0 ], [ -6.446459971194773, 53.578617727732023, 0.0 ], [ -6.446010821987312, 53.577894585295773, 0.0 ], [ -6.441027454966614, 53.57593854600961, 0.0 ], [ -6.429289578644367, 53.576988437895096, 0.0 ], [ -6.423902786387201, 53.574252807055593, 0.0 ], [ -6.417268602190999, 53.571983878607689, 0.0 ], [ -6.417663837445163, 53.571421352418881, 0.0 ], [ -6.417201529763181, 53.571072263023311, 0.0 ], [ -6.418745054911346, 53.571140674089705, 0.0 ], [ -6.419143768070057, 53.569993446569768, 0.0 ], [ -6.41985954079462, 53.568631465545401, 0.0 ], [ -6.423854670312083, 53.565756065548499, 0.0 ], [ -6.424866449327572, 53.561575713812935, 0.0 ], [ -6.424708451564426, 53.560751523430909, 0.0 ], [ -6.423509794629735, 53.560408574185836, 0.0 ], [ -6.423967369048602, 53.560066150175189, 0.0 ], [ -6.417295093880044, 53.557832743811993, 0.0 ], [ -6.406950826305109, 53.55649192868033, 0.0 ], [ -6.402146876009402, 53.557545377059085, 0.0 ], [ -6.398030404277067, 53.558852492532431, 0.0 ], [ -6.398770858788741, 53.556988276174124, 0.0 ], [ -6.401055484843628, 53.5572438094568, 0.0 ], [ -6.401989451538308, 53.556126798918733, 0.0 ], [ -6.402265440819232, 53.555122596535035, 0.0 ], [ -6.399349964028095, 53.554651115090522, 0.0 ], [ -6.399035138532637, 53.553085092184475, 0.0 ], [ -6.398723465766568, 53.553100871925011, 0.0 ], [ -6.400114444316094, 53.551390958100825, 0.0 ], [ -6.402757604131065, 53.549605096871559, 0.0 ], [ -6.396907253871567, 53.546335148619946, 0.0 ], [ -6.391973978491546, 53.545383696655712, 0.0 ], [ -6.391348420372592, 53.54512200566321, 0.0 ], [ -6.39056304161093, 53.5440016214352, 0.0 ], [ -6.388975468693038, 53.543583159627346, 0.0 ], [ -6.387681142319609, 53.543491923111837, 0.0 ], [ -6.385380341530602, 53.544101257827457, 0.0 ], [ -6.384180045743273, 53.544903204773426, 0.0 ], [ -6.3805359081048, 53.545442156548297, 0.0 ], [ -6.376273537217824, 53.543863159518864, 0.0 ], [ -6.377377592588773, 53.542879958749225, 0.0 ], [ -6.382665005317702, 53.541721432974008, 0.0 ], [ -6.382851853155814, 53.541236909836826, 0.0 ], [ -6.381833940308958, 53.539548704734194, 0.0 ], [ -6.383158374688036, 53.53961380861125, 0.0 ], [ -6.383429625233354, 53.538396479489577, 0.0 ], [ -6.381932675689881, 53.538258489261487, 0.0 ], [ -6.380015333536424, 53.537140952549812, 0.0 ], [ -6.378776024656207, 53.534807807155055, 0.0 ], [ -6.37667446493952, 53.534732553785439, 0.0 ], [ -6.376378417635383, 53.533832714908648, 0.0 ], [ -6.374219952943543, 53.532230328168303, 0.0 ], [ -6.373679727016005, 53.531392592560294, 0.0 ], [ -6.371274139758553, 53.531161841178175, 0.0 ], [ -6.370752839107253, 53.527875516681355, 0.0 ], [ -6.366274670148294, 53.52617573289259, 0.0 ], [ -6.366216693160702, 53.52565553139452, 0.0 ], [ -6.366866777316602, 53.525643472522205, 0.0 ], [ -6.364406050005614, 53.518701026374757, 0.0 ], [ -6.3670276449974, 53.518700198564474, 0.0 ], [ -6.367477803896718, 53.51652894302012, 0.0 ], [ -6.367560758784238, 53.516105218684281, 0.0 ], [ -6.366511466521472, 53.51511812487346, 0.0 ], [ -6.366646198174129, 53.509866094601051, 0.0 ], [ -6.367483157682417, 53.506370632167162, 0.0 ], [ -6.359809009357289, 53.504164729244529, 0.0 ], [ -6.359678943586013, 53.504982821402642, 0.0 ], [ -6.358677130783614, 53.504902467206371, 0.0 ], [ -6.355125349352461, 53.50412561619811, 0.0 ], [ -6.353769885883658, 53.503491820131181, 0.0 ], [ -6.353385447497745, 53.503703312750702, 0.0 ], [ -6.351453566901707, 53.503435804174941, 0.0 ], [ -6.346471428316478, 53.501899338501111, 0.0 ], [ -6.341936953539558, 53.494925236143168, 0.0 ], [ -6.34119968690632, 53.493790971558937, 0.0 ], [ -6.349088892139114, 53.493844945703856, 0.0 ], [ -6.35691544455772, 53.493661334524077, 0.0 ], [ -6.356817722256442, 53.489871397642666, 0.0 ], [ -6.35840676580954, 53.486687511040735, 0.0 ], [ -6.364571998666185, 53.480898615588501, 0.0 ], [ -6.36928547436457, 53.48706907511486, 0.0 ], [ -6.379819520757577, 53.485241498631545, 0.0 ], [ -6.381160452511784, 53.486098424420852, 0.0 ], [ -6.380349115747051, 53.485579972596703, 0.0 ], [ -6.385988787087243, 53.483368321278249, 0.0 ], [ -6.396717081278315, 53.487081753669742, 0.0 ], [ -6.396779352997292, 53.486254535084377, 0.0 ], [ -6.397440054615759, 53.484889599046255, 0.0 ], [ -6.399371905074783, 53.484347457920244, 0.0 ], [ -6.400438420744473, 53.483404080201723, 0.0 ], [ -6.402913218142989, 53.48326623407857, 0.0 ], [ -6.403226733180134, 53.482062721974387, 0.0 ], [ -6.404515370650721, 53.482240009851459, 0.0 ], [ -6.406221786619564, 53.483174153910333, 0.0 ], [ -6.407972335441514, 53.48297162485256, 0.0 ], [ -6.408979520528924, 53.4830065209254, 0.0 ], [ -6.409774305669847, 53.483430543231684, 0.0 ], [ -6.409278727994407, 53.485173256954624, 0.0 ], [ -6.407509701425829, 53.487920296083672, 0.0 ], [ -6.409672939321196, 53.488100191451935, 0.0 ], [ -6.425698551797665, 53.492054843546931, 0.0 ], [ -6.424449642576221, 53.494889507617827, 0.0 ], [ -6.424169226321833, 53.495167039856646, 0.0 ], [ -6.426097947609565, 53.495712852635421, 0.0 ], [ -6.435590484384642, 53.500221572056027, 0.0 ], [ -6.442463369736513, 53.501514807295536, 0.0 ], [ -6.443678605304024, 53.50338014904203, 0.0 ], [ -6.438731052600405, 53.502603426677574, 0.0 ], [ -6.438731049298939, 53.502603516512579, 0.0 ], [ -6.439180557480426, 53.504652946125837, 0.0 ], [ -6.440291364730303, 53.50432519150025, 0.0 ], [ -6.443520245608905, 53.504386877997767, 0.0 ], [ -6.443390604057199, 53.505115268891089, 0.0 ], [ -6.443542733823686, 53.505334125792785, 0.0 ], [ -6.444066984786219, 53.505194001186837, 0.0 ], [ -6.443947516383678, 53.505770451390255, 0.0 ], [ -6.446257698301363, 53.505850657545608, 0.0 ], [ -6.449897852633888, 53.505654623737101, 0.0 ], [ -6.450947924532961, 53.506448647867174, 0.0 ], [ -6.450104023610301, 53.507232048626769, 0.0 ], [ -6.449593735652708, 53.507023564610805, 0.0 ], [ -6.4487209811442, 53.509113496244787, 0.0 ], [ -6.443629968147274, 53.507303859819991, 0.0 ], [ -6.442082593963188, 53.51253868617831, 0.0 ], [ -6.44244012736812, 53.513695041444201, 0.0 ], [ -6.443007314953839, 53.513855493002183, 0.0 ], [ -6.442482851889209, 53.51556829424073, 0.0 ], [ -6.44210665722996, 53.516815121199635, 0.0 ], [ -6.432493612122742, 53.517717202492072, 0.0 ], [ -6.43166025661823, 53.519320929581681, 0.0 ], [ -6.433702254115674, 53.519397495675079, 0.0 ], [ -6.438064489118411, 53.520048217744183, 0.0 ], [ -6.437498400252441, 53.521410828263882, 0.0 ], [ -6.434706887482475, 53.521414753074502, 0.0 ], [ -6.433947254169245, 53.522052104549061, 0.0 ], [ -6.432563438127891, 53.521657648891328, 0.0 ], [ -6.431448241666453, 53.523605146188956, 0.0 ], [ -6.432131782685631, 53.527511937203627, 0.0 ], [ -6.446632841610853, 53.529420597651033, 0.0 ], [ -6.452187946817613, 53.53138376171232, 0.0 ], [ -6.453090453526383, 53.531530708371861, 0.0 ], [ -6.452971726457718, 53.531719352974534, 0.0 ], [ -6.45612993064728, 53.532793050415982, 0.0 ], [ -6.45751534335134, 53.534073351515687, 0.0 ], [ -6.455416054858041, 53.535871660095857, 0.0 ], [ -6.457664133828968, 53.536576290262367, 0.0 ], [ -6.45807529285911, 53.537417543212094, 0.0 ], [ -6.456536974553607, 53.540090960442285, 0.0 ], [ -6.464331521241131, 53.538295274385796, 0.0 ], [ -6.465670539286851, 53.538341046196287, 0.0 ], [ -6.465637857525119, 53.538632278585787, 0.0 ], [ -6.472682051315528, 53.538937994680488, 0.0 ], [ -6.470427174508626, 53.541124642654275, 0.0 ], [ -6.474173870128798, 53.541455267346194, 0.0 ], [ -6.472494526042791, 53.545947005099102, 0.0 ], [ -6.478051843313448, 53.548468455077078, 0.0 ], [ -6.482670363621128, 53.55014601249286, 0.0 ], [ -6.480312368715709, 53.554697005075283, 0.0 ], [ -6.475751971463098, 53.552568738858071, 0.0 ], [ -6.474301524441353, 53.554901513279816, 0.0 ], [ -6.47825129117564, 53.558137795719212, 0.0 ], [ -6.473058134288357, 53.561383924255814, 0.0 ], [ -6.470757952001149, 53.563640462622509, 0.0 ], [ -6.461268234718652, 53.568113972709234, 0.0 ], [ -6.46391776774277, 53.570813149676056, 0.0 ], [ -6.469125102673011, 53.574827660423303, 0.0 ], [ -6.46872914062351, 53.575125117018139, 0.0 ], [ -6.470061735588748, 53.576284772157834, 0.0 ], [ -6.468284353525656, 53.577393123321251, 0.0 ], [ -6.46465579428153, 53.57855193982693, 0.0 ], [ -6.462833877575322, 53.579573177905289, 0.0 ] ] ] } },
{ "type": "Feature", "properties": { "name": "Blackrock", "district_code": "A94" }, "geometry": { "type": "Polygon", "coordinates": [ [ [ -6.195754952094999, 53.274540541187562, 0.0 ], [ -6.19669331164111, 53.274051655262191, 0.0 ], [ -6.198626956153271, 53.27351551524648, 0.0 ], [ -6.198396029236073, 53.273187003362445, 0.0 ], [ -6.200923053439673, 53.272999285875024, 0.0 ], [ -6.202817686621936, 53.273543889275544, 0.0 ], [ -6.202434940615516, 53.273873657300605, 0.0 ], [ -6.202835039559099, 53.274344751359358, 0.0 ], [ -6.203481374071904, 53.274400244116087, 0.0 ], [ -6.203751311567024, 53.274937955231266, 0.0 ], [ -6.203838128507652, 53.274970453152562, 0.0 ], [ -6.203511232888188, 53.275419264004384, 0.0 ], [ -6.203509139479093, 53.276058939601953, 0.0 ], [ -6.203209639754287, 53.276099098646064, 0.0 ], [ -6.201710898607352, 53.275734221339562, 0.0 ], [ -6.200906081118934, 53.276524656677687, 0.0 ], [ -6.205654510692872, 53.277997066085263, 0.0 ], [ -6.20634959135115, 53.278230798018996, 0.0 ], [ -6.21074987063187, 53.279672865359387, 0.0 ], [ -6.214132910054015, 53.280780805930554, 0.0 ], [ -6.216391934003581, 53.279015231601797, 0.0 ], [ -6.216293258813206, 53.278978970185378, 0.0 ], [ -6.217946536733703, 53.278061078556107, 0.0 ], [ -6.218055915280417, 53.27780438638311, 0.0 ], [ -6.218103066620458, 53.277821539919749, 0.0 ], [ -6.21944181783113, 53.277273743404209, 0.0 ], [ -6.221616819817612, 53.276497339916141, 0.0 ], [ -6.222290097743899, 53.278205471539749, 0.0 ], [ -6.221883310321276, 53.278664106025268, 0.0 ], [ -6.221127813931584, 53.27880779616811, 0.0 ], [ -6.220798615771589, 53.279887335458994, 0.0 ], [ -6.221306300961205, 53.280731461679324, 0.0 ], [ -6.220174272162549, 53.281225828488289, 0.0 ], [ -6.21975660128872, 53.282617469758755, 0.0 ], [ -6.219662937489231, 53.283013808148141, 0.0 ], [ -6.219693715929997, 53.283457665767664, 0.0 ], [ -6.222331852228757, 53.284354072813983, 0.0 ], [ -6.221055641089717, 53.285398905386728, 0.0 ], [ -6.221650419649146, 53.285622061509585, 0.0 ], [ -6.221438203493217, 53.285980948825085, 0.0 ], [ -6.220647458223284, 53.2857253853823, 0.0 ], [ -6.219665449596081, 53.287142488732506, 0.0 ], [ -6.21961983489203, 53.287608754994324, 0.0 ], [ -6.218055187595944, 53.287578011200992, 0.0 ], [ -6.218032374753251, 53.287828896083958, 0.0 ], [ -6.220409682440025, 53.287886602820208, 0.0 ], [ -6.220323643585326, 53.288950533615498, 0.0 ], [ -6.220248793893322, 53.288947618728514, 0.0 ], [ -6.220210047820686, 53.289338035633506, 0.0 ], [ -6.218673598210895, 53.289240577943239, 0.0 ], [ -6.218698975656682, 53.288889330909413, 0.0 ], [ -6.216478434719045, 53.288812003731884, 0.0 ], [ -6.216996067090021, 53.290302921298078, 0.0 ], [ -6.217946701468128, 53.291319788459326, 0.0 ], [ -6.217035764081529, 53.292067847563487, 0.0 ], [ -6.217487251284656, 53.294144265506269, 0.0 ], [ -6.219089065748081, 53.295187752894684, 0.0 ], [ -6.21896409730966, 53.295458324508949, 0.0 ], [ -6.219250615115756, 53.296631273876237, 0.0 ], [ -6.21890205282644, 53.296851227228352, 0.0 ], [ -6.219083655603075, 53.296837400946991, 0.0 ], [ -6.219265136544686, 53.29731424861405, 0.0 ], [ -6.21824241774621, 53.299080290190766, 0.0 ], [ -6.219221848337102, 53.299312259528705, 0.0 ], [ -6.221019785706221, 53.29955499605564, 0.0 ], [ -6.219558036385526, 53.300963681450746, 0.0 ], [ -6.216707561466473, 53.302104949187687, 0.0 ], [ -6.215251190138504, 53.300957905640367, 0.0 ], [ -6.21394833592534, 53.301498106467292, 0.0 ], [ -6.208650852014091, 53.30357837845699, 0.0 ], [ -6.210329604983729, 53.304747356354881, 0.0 ], [ -6.208618489567796, 53.305660952048122, 0.0 ], [ -6.209942729653632, 53.305986891097731, 0.0 ], [ -6.210154343857337, 53.306354276715744, 0.0 ], [ -6.210604733442162, 53.306055160651994, 0.0 ], [ -6.211631225151147, 53.306644556549863, 0.0 ], [ -6.211753342826531, 53.307767778477235, 0.0 ], [ -6.212174946890014, 53.307772571514683, 0.0 ], [ -6.214241841569922, 53.309419379388913, 0.0 ], [ -6.216019245041386, 53.308739314070003, 0.0 ], [ -6.216959144380101, 53.309440710980603, 0.0 ], [ -6.213487451968297, 53.311197487204097, 0.0 ], [ -6.210846540314285, 53.310702457027318, 0.0 ], [ -6.211181729080343, 53.311060638414283, 0.0 ], [ -6.209014033293398, 53.311535769375951, 0.0 ], [ -6.208566537383331, 53.312254770398653, 0.0 ], [ -6.2060305996451, 53.312753977502389, 0.0 ], [ -6.206008138006326, 53.312752381261141, 0.0 ], [ -6.205550470098931, 53.312175003309434, 0.0 ], [ -6.205232588823565, 53.312254890636794, 0.0 ], [ -6.202775419118395, 53.311782850136645, 0.0 ], [ -6.20101869655697, 53.311804092882333, 0.0 ], [ -6.200737387055275, 53.311808927530109, 0.0 ], [ -6.199232226907747, 53.312699521243758, 0.0 ], [ -6.199159618543402, 53.312742378157893, 0.0 ], [ -6.198271423041978, 53.312193974220925, 0.0 ], [ -6.194802926609427, 53.309888492017926, 0.0 ], [ -6.19050560224455, 53.307687092163775, 0.0 ], [ -6.179170278080105, 53.30320371059392, 0.0 ], [ -6.178762874143245, 53.303439188361807, 0.0 ], [ -6.178079162012858, 53.303159091541687, 0.0 ], [ -6.178160018007791, 53.302797643406059, 0.0 ], [ -6.174212790016681, 53.30160976456888, 0.0 ], [ -6.17149097227472, 53.300952801391688, 0.0 ], [ -6.171768608664886, 53.30121197062784, 0.0 ], [ -6.169746175626117, 53.30098859424259, 0.0 ], [ -6.169546585290606, 53.300551298600283, 0.0 ], [ -6.168288932384633, 53.300181077767697, 0.0 ], [ -6.165515486631384, 53.299393210588171, 0.0 ], [ -6.160681151679242, 53.298200396037451, 0.0 ], [ -6.160170400550104, 53.298440868128999, 0.0 ], [ -6.159599543704853, 53.297635860339497, 0.0 ], [ -6.15928515206158, 53.297186258069317, 0.0 ], [ -6.156218564992455, 53.296110958630628, 0.0 ], [ -6.153554652556659, 53.295634695487202, 0.0 ], [ -6.150702175651705, 53.29566940972375, 0.0 ], [ -6.150637966938366, 53.295394265066292, 0.0 ], [ -6.150098778775858, 53.295436146958366, 0.0 ], [ -6.148565498114114, 53.295555446518314, 0.0 ], [ -6.148689059125731, 53.294938687232566, 0.0 ], [ -6.147734303096073, 53.294550567886873, 0.0 ], [ -6.147742510027377, 53.294189357990348, 0.0 ], [ -6.147540752675106, 53.293484941490703, 0.0 ], [ -6.147272817265969, 53.292242883092207, 0.0 ], [ -6.147438002866954, 53.29008695202608, 0.0 ], [ -6.149057247289448, 53.290252679633404, 0.0 ], [ -6.148712034438977, 53.289295078822747, 0.0 ], [ -6.148930959276812, 53.289330656609899, 0.0 ], [ -6.148185907538956, 53.287803986047741, 0.0 ], [ -6.148862143643161, 53.287563078623442, 0.0 ], [ -6.148470570133749, 53.287174627725491, 0.0 ], [ -6.150119020519007, 53.286710611605834, 0.0 ], [ -6.153057794823097, 53.286582962894833, 0.0 ], [ -6.153736805632328, 53.286993826764707, 0.0 ], [ -6.154616518257915, 53.286253041538707, 0.0 ], [ -6.154113509302733, 53.285725360602378, 0.0 ], [ -6.153601370735132, 53.285888751347841, 0.0 ], [ -6.153983380278177, 53.285535755997607, 0.0 ], [ -6.154164828362328, 53.285613888809088, 0.0 ], [ -6.15729678819233, 53.287097706841763, 0.0 ], [ -6.158936637438076, 53.28641133099849, 0.0 ], [ -6.157243784779347, 53.285584214796962, 0.0 ], [ -6.157679145863244, 53.285315894995371, 0.0 ], [ -6.158186726721561, 53.285191786044336, 0.0 ], [ -6.158902575691725, 53.284174019706718, 0.0 ], [ -6.159671028887865, 53.284003776857482, 0.0 ], [ -6.159442937952539, 53.283583279901556, 0.0 ], [ -6.159237897359875, 53.283118735190421, 0.0 ], [ -6.15656405546426, 53.282968662130294, 0.0 ], [ -6.156654325269612, 53.282331425244053, 0.0 ], [ -6.158672835784889, 53.282040109442761, 0.0 ], [ -6.157942988341129, 53.28083624176449, 0.0 ], [ -6.158078538333797, 53.280819370282678, 0.0 ], [ -6.157655618108802, 53.279681183889664, 0.0 ], [ -6.159013910399317, 53.278623636328902, 0.0 ], [ -6.160496820837015, 53.277182749479074, 0.0 ], [ -6.159568662840429, 53.27604701950002, 0.0 ], [ -6.157476198712969, 53.273924062087353, 0.0 ], [ -6.15566610317238, 53.272434001294386, 0.0 ], [ -6.154949604216317, 53.271192836250577, 0.0 ], [ -6.153381152916225, 53.270484614454389, 0.0 ], [ -6.153958644959477, 53.270017077473987, 0.0 ], [ -6.152759614021609, 53.269475371784999, 0.0 ], [ -6.151615311934188, 53.269055937313219, 0.0 ], [ -6.151583592926972, 53.268716308582704, 0.0 ], [ -6.152293492086552, 53.268083016912598, 0.0 ], [ -6.151828644291256, 53.267665125267513, 0.0 ], [ -6.152774089413845, 53.267372911581958, 0.0 ], [ -6.154025356830259, 53.266017770214077, 0.0 ], [ -6.156756094890425, 53.266099576132248, 0.0 ], [ -6.157224113514408, 53.265501435495537, 0.0 ], [ -6.156408864966495, 53.265111491693069, 0.0 ], [ -6.157110671623964, 53.264418902259315, 0.0 ], [ -6.158001634920871, 53.264540176063043, 0.0 ], [ -6.158482368883888, 53.264612051393961, 0.0 ], [ -6.158848468159809, 53.264854104550153, 0.0 ], [ -6.159365959051826, 53.264905151336464, 0.0 ], [ -6.159577461712789, 53.265001448129986, 0.0 ], [ -6.158450331570352, 53.266117043023577, 0.0 ], [ -6.160872603307541, 53.267828729103655, 0.0 ], [ -6.159286346115436, 53.268367375899942, 0.0 ], [ -6.159441295248819, 53.268698208583075, 0.0 ], [ -6.160318421733777, 53.268904911180108, 0.0 ], [ -6.162438946749292, 53.273358162932297, 0.0 ], [ -6.164489240324389, 53.278046057772848, 0.0 ], [ -6.163755551949285, 53.278423871387275, 0.0 ], [ -6.164348310182297, 53.278754338167026, 0.0 ], [ -6.164748871508906, 53.278594038167114, 0.0 ], [ -6.165983867465513, 53.279905407600452, 0.0 ], [ -6.168497014058075, 53.278010259050845, 0.0 ], [ -6.17026982245152, 53.277511114949547, 0.0 ], [ -6.173924177925898, 53.278795240082296, 0.0 ], [ -6.17333402950773, 53.279106548770876, 0.0 ], [ -6.173908616560332, 53.279403881051643, 0.0 ], [ -6.174632434645855, 53.279636081859891, 0.0 ], [ -6.17476417823451, 53.279560258687731, 0.0 ], [ -6.175359690271774, 53.279886487534426, 0.0 ], [ -6.175604603920082, 53.279964660112803, 0.0 ], [ -6.176664738417459, 53.279549341573166, 0.0 ], [ -6.176758136642407, 53.279104492348651, 0.0 ], [ -6.175849581665103, 53.278714247085652, 0.0 ], [ -6.175873540421755, 53.278683154010466, 0.0 ], [ -6.175134225318669, 53.278161743975907, 0.0 ], [ -6.175769965676612, 53.2779670754528, 0.0 ], [ -6.17636073366077, 53.277573609700028, 0.0 ], [ -6.178762335473874, 53.279247481350588, 0.0 ], [ -6.179965688192969, 53.278336450250407, 0.0 ], [ -6.179566741991133, 53.278038234001919, 0.0 ], [ -6.179894144088352, 53.277851688555167, 0.0 ], [ -6.178306098399691, 53.277492972619726, 0.0 ], [ -6.17875539231057, 53.277147848537751, 0.0 ], [ -6.178080583782985, 53.276880467641547, 0.0 ], [ -6.178571027273707, 53.276608779727646, 0.0 ], [ -6.178910612297636, 53.27679877042555, 0.0 ], [ -6.179246421698121, 53.276457933254989, 0.0 ], [ -6.180510226348918, 53.277420387969059, 0.0 ], [ -6.181025782407826, 53.277119231582347, 0.0 ], [ -6.181465693610858, 53.277405214342771, 0.0 ], [ -6.181064802783106, 53.277674055831298, 0.0 ], [ -6.183150547022293, 53.279068600632137, 0.0 ], [ -6.184116674307916, 53.278420690400679, 0.0 ], [ -6.184572505833871, 53.278862943568008, 0.0 ], [ -6.185115716407753, 53.278445969941494, 0.0 ], [ -6.187664360886246, 53.279524524906805, 0.0 ], [ -6.189668040410781, 53.27747180251653, 0.0 ], [ -6.190575103299183, 53.277873334523683, 0.0 ], [ -6.191448237462017, 53.277514640828336, 0.0 ], [ -6.191937717320597, 53.277720979598769, 0.0 ], [ -6.193395685660015, 53.277037758124088, 0.0 ], [ -6.192157129162816, 53.275420746211395, 0.0 ], [ -6.193905832512489, 53.27464808780551, 0.0 ], [ -6.193587757319499, 53.274366244498353, 0.0 ], [ -6.193435590368628, 53.274279447237681, 0.0 ], [ -6.194138074163889, 53.274094052215936, 0.0 ], [ -6.195754952094999, 53.274540541187562, 0.0 ] ] ] } },
{ "type": "Feature", "properties": { "name": "Glenageary", "district_code": "A96" }, "geometry": { "type": "Polygon", "coordinates": [ [ [ -6.160496820837015, 53.277182749479074, 0.0 ], [ -6.159013910399317, 53.278623636328902, 0.0 ], [ -6.157655618108802, 53.279681183889664, 0.0 ], [ -6.158078538333797, 53.280819370282678, 0.0 ], [ -6.157942988341129, 53.28083624176449, 0.0 ], [ -6.158672835784889, 53.282040109442761, 0.0 ], [ -6.156654325269612, 53.282331425244053, 0.0 ], [ -6.15656405546426, 53.282968662130294, 0.0 ], [ -6.159237897359875, 53.283118735190421, 0.0 ], [ -6.159442937952539, 53.283583279901556, 0.0 ], [ -6.159671028887865, 53.284003776857482, 0.0 ], [ -6.158902575691725, 53.284174019706718, 0.0 ], [ -6.158186726721561, 53.285191786044336, 0.0 ], [ -6.157679145863244, 53.285315894995371, 0.0 ], [ -6.157243784779347, 53.285584214796962, 0.0 ], [ -6.158936637438076, 53.28641133099849, 0.0 ], [ -6.15729678819233, 53.287097706841763, 0.0 ], [ -6.154164828362328, 53.285613888809088, 0.0 ], [ -6.153983380278177, 53.285535755997607, 0.0 ], [ -6.153601370735132, 53.285888751347841, 0.0 ], [ -6.154113509302733, 53.285725360602378, 0.0 ], [ -6.154616518257915, 53.286253041538707, 0.0 ], [ -6.153736805632328, 53.286993826764707, 0.0 ], [ -6.153057794823097, 53.286582962894833, 0.0 ], [ -6.150119020519007, 53.286710611605834, 0.0 ], [ -6.148470570133749, 53.287174627725491, 0.0 ], [ -6.148862143643161, 53.287563078623442, 0.0 ], [ -6.148185907538956, 53.287803986047741, 0.0 ], [ -6.148930959276812, 53.289330656609899, 0.0 ], [ -6.148712034438977, 53.289295078822747, 0.0 ], [ -6.149057247289448, 53.290252679633404, 0.0 ], [ -6.147438002866954, 53.29008695202608, 0.0 ], [ -6.147272817265969, 53.292242883092207, 0.0 ], [ -6.147540752675106, 53.293484941490703, 0.0 ], [ -6.147742510027377, 53.294189357990348, 0.0 ], [ -6.147734303096073, 53.294550567886873, 0.0 ], [ -6.148689059125731, 53.294938687232566, 0.0 ], [ -6.148565498114114, 53.295555446518314, 0.0 ], [ -6.150098778775858, 53.295436146958366, 0.0 ], [ -6.150637966938366, 53.295394265066292, 0.0 ], [ -6.150702175651705, 53.29566940972375, 0.0 ], [ -6.150827897394059, 53.29645398688276, 0.0 ], [ -6.150596445025624, 53.296217775359558, 0.0 ], [ -6.149322616674008, 53.297275641511263, 0.0 ], [ -6.148208785092332, 53.297436950639018, 0.0 ], [ -6.147981951639704, 53.297754766227811, 0.0 ], [ -6.147035220488406, 53.297139986891153, 0.0 ], [ -6.145304748641487, 53.298098851598844, 0.0 ], [ -6.13965730569289, 53.302786556142394, 0.0 ], [ -6.135120459372033, 53.304165537762067, 0.0 ], [ -6.131583153944097, 53.303828198577293, 0.0 ], [ -6.130637398218594, 53.303360535856996, 0.0 ], [ -6.130893561656849, 53.303054897222296, 0.0 ], [ -6.13184338666012, 53.303517138721396, 0.0 ], [ -6.135093210398344, 53.30389060292255, 0.0 ], [ -6.137604812410411, 53.303087991862469, 0.0 ], [ -6.137668943523412, 53.303067510916527, 0.0 ], [ -6.13925033239678, 53.302585965153554, 0.0 ], [ -6.144970723784342, 53.297851505820418, 0.0 ], [ -6.146573620749119, 53.297006884250237, 0.0 ], [ -6.146815358834997, 53.296336414761548, 0.0 ], [ -6.146476188662941, 53.295950840018243, 0.0 ], [ -6.146093471958822, 53.295970867074459, 0.0 ], [ -6.145324046789525, 53.296057325930448, 0.0 ], [ -6.143217610288947, 53.296287187707719, 0.0 ], [ -6.144123893612064, 53.29737650020575, 0.0 ], [ -6.143157601901746, 53.296906010045305, 0.0 ], [ -6.14183810221467, 53.297252545683932, 0.0 ], [ -6.141186629942802, 53.297876081046539, 0.0 ], [ -6.140317720477437, 53.297280797346502, 0.0 ], [ -6.139988401874995, 53.297546664159704, 0.0 ], [ -6.139450593171845, 53.297302595462732, 0.0 ], [ -6.139663259858467, 53.297129918695163, 0.0 ], [ -6.138328302302448, 53.296863787909906, 0.0 ], [ -6.138551244223944, 53.296662600198829, 0.0 ], [ -6.135392523855895, 53.296146924680528, 0.0 ], [ -6.133702726227122, 53.297041900918273, 0.0 ], [ -6.133062368719831, 53.297061898365804, 0.0 ], [ -6.132048487931094, 53.296734927628776, 0.0 ], [ -6.132670427168764, 53.295548747387464, 0.0 ], [ -6.131596086788688, 53.294974989752923, 0.0 ], [ -6.131575932063036, 53.294651536825533, 0.0 ], [ -6.132115422738928, 53.294481027873807, 0.0 ], [ -6.131116982748311, 53.294085348569723, 0.0 ], [ -6.130820929963996, 53.293441354758635, 0.0 ], [ -6.130387587669445, 53.293609477414336, 0.0 ], [ -6.129798416517566, 53.293135890993589, 0.0 ], [ -6.124703900997357, 53.297922891995512, 0.0 ], [ -6.124231683638636, 53.300238367843114, 0.0 ], [ -6.126220182121477, 53.302171960049137, 0.0 ], [ -6.127331630061787, 53.302366852575872, 0.0 ], [ -6.127125431563782, 53.30258509118449, 0.0 ], [ -6.126175364912749, 53.302528459308576, 0.0 ], [ -6.123737807079726, 53.300342684827065, 0.0 ], [ -6.124119045498492, 53.297757472194149, 0.0 ], [ -6.129409668369653, 53.292657266404831, 0.0 ], [ -6.128697369735469, 53.292029027594587, 0.0 ], [ -6.128299929262374, 53.291509185175158, 0.0 ], [ -6.12711316823686, 53.291554548272785, 0.0 ], [ -6.127504248754266, 53.291396380301691, 0.0 ], [ -6.126713160736093, 53.291068456900597, 0.0 ], [ -6.127095706765255, 53.290737666361238, 0.0 ], [ -6.126486414326996, 53.290714251807607, 0.0 ], [ -6.124367329956286, 53.28933310551534, 0.0 ], [ -6.122327909136096, 53.288510913645176, 0.0 ], [ -6.120596436447594, 53.287873041931668, 0.0 ], [ -6.11863422110925, 53.287763266131954, 0.0 ], [ -6.117527648984651, 53.287517580849055, 0.0 ], [ -6.114982553031229, 53.287803384654197, 0.0 ], [ -6.114960740916514, 53.288512326153672, 0.0 ], [ -6.114517250427951, 53.288312239696815, 0.0 ], [ -6.11428887684061, 53.288806503741, 0.0 ], [ -6.114851645203696, 53.288742236174144, 0.0 ], [ -6.114997702840425, 53.289066515154822, 0.0 ], [ -6.113576723224101, 53.289680700403188, 0.0 ], [ -6.113911561040789, 53.289190818440574, 0.0 ], [ -6.111861219220218, 53.288023382463841, 0.0 ], [ -6.110437723136249, 53.287609559447688, 0.0 ], [ -6.110807971668284, 53.286648437791293, 0.0 ], [ -6.108879072641977, 53.285542467022587, 0.0 ], [ -6.107146423387861, 53.284706090978503, 0.0 ], [ -6.107383671962816, 53.285590826481965, 0.0 ], [ -6.108178280275461, 53.285500338742949, 0.0 ], [ -6.107448961414274, 53.285787364117503, 0.0 ], [ -6.106010338223112, 53.285771260795279, 0.0 ], [ -6.105007995051053, 53.285314354650431, 0.0 ], [ -6.10455521071701, 53.28452676970133, 0.0 ], [ -6.102905589700464, 53.284231504582834, 0.0 ], [ -6.102396304218032, 53.283857474986412, 0.0 ], [ -6.102540218115722, 53.28344602146889, 0.0 ], [ -6.101150899445621, 53.282704816110147, 0.0 ], [ -6.100490343465664, 53.282180686334904, 0.0 ], [ -6.100661738681359, 53.281771829997936, 0.0 ], [ -6.100264567317609, 53.282002890282101, 0.0 ], [ -6.100307803275574, 53.281092406971567, 0.0 ], [ -6.098565607723811, 53.279272489853717, 0.0 ], [ -6.098125756137204, 53.278593217434945, 0.0 ], [ -6.095421051778485, 53.276922654089475, 0.0 ], [ -6.095284611874401, 53.276542054488203, 0.0 ], [ -6.094943443178337, 53.276751879892586, 0.0 ], [ -6.094594986787278, 53.276052301669125, 0.0 ], [ -6.093511715661926, 53.275231761713002, 0.0 ], [ -6.093857704795827, 53.274971861098912, 0.0 ], [ -6.093055237744538, 53.274925859464624, 0.0 ], [ -6.093247326127539, 53.274561478081424, 0.0 ], [ -6.091384248031323, 53.272202986816588, 0.0 ], [ -6.091133538371452, 53.270977061424723, 0.0 ], [ -6.091298497348458, 53.270338905003058, 0.0 ], [ -6.092036896952505, 53.270074955302782, 0.0 ], [ -6.094677366350501, 53.270577494522229, 0.0 ], [ -6.097004692782408, 53.269634283614515, 0.0 ], [ -6.098109805470114, 53.268807980873319, 0.0 ], [ -6.0989496430898, 53.268998632488767, 0.0 ], [ -6.101363827604688, 53.267932949690255, 0.0 ], [ -6.103215035244753, 53.267503822581098, 0.0 ], [ -6.103648295255425, 53.266859042865477, 0.0 ], [ -6.104568207076206, 53.26678783277093, 0.0 ], [ -6.1044926733649, 53.266499536036712, 0.0 ], [ -6.104712491728992, 53.266704375767439, 0.0 ], [ -6.105659266365583, 53.266500912784551, 0.0 ], [ -6.106763876457316, 53.265778251485621, 0.0 ], [ -6.108050225613239, 53.263677457745707, 0.0 ], [ -6.111611312276898, 53.258797483155057, 0.0 ], [ -6.112344695087079, 53.253295315610018, 0.0 ], [ -6.11185910168157, 53.250166960949713, 0.0 ], [ -6.112506768129659, 53.247882069430155, 0.0 ], [ -6.112599756366308, 53.246095348501335, 0.0 ], [ -6.114220576994363, 53.246021682140594, 0.0 ], [ -6.116781624305423, 53.244609800240539, 0.0 ], [ -6.117156749970843, 53.244679366713001, 0.0 ], [ -6.11882516889057, 53.243012171525095, 0.0 ], [ -6.119792055795864, 53.243396232382892, 0.0 ], [ -6.12021990335944, 53.243252512557596, 0.0 ], [ -6.120054266611629, 53.243481625938315, 0.0 ], [ -6.121610448675656, 53.243924583401267, 0.0 ], [ -6.122672207263919, 53.243455300221001, 0.0 ], [ -6.121670755900641, 53.243047168028177, 0.0 ], [ -6.121683530479586, 53.242653938354792, 0.0 ], [ -6.124726017877623, 53.242713088445122, 0.0 ], [ -6.127764050245332, 53.243106556248335, 0.0 ], [ -6.131939448604723, 53.24522012743985, 0.0 ], [ -6.131485255709616, 53.245571831458442, 0.0 ], [ -6.131576787076242, 53.246182782191539, 0.0 ], [ -6.131548710969169, 53.246827092907218, 0.0 ], [ -6.133414488117843, 53.246770398522038, 0.0 ], [ -6.134037522710444, 53.246949409761086, 0.0 ], [ -6.134325912263397, 53.246604718471332, 0.0 ], [ -6.135550141324259, 53.246538575156798, 0.0 ], [ -6.134174407401646, 53.245485156377789, 0.0 ], [ -6.13595385240199, 53.246366736634016, 0.0 ], [ -6.137108554866927, 53.247306120086144, 0.0 ], [ -6.138587403651329, 53.248412978351993, 0.0 ], [ -6.136324170228625, 53.250295679872998, 0.0 ], [ -6.137419985771987, 53.250729520048694, 0.0 ], [ -6.136274979086776, 53.251964626946133, 0.0 ], [ -6.137444083246518, 53.252163572801209, 0.0 ], [ -6.137600804248034, 53.252681785611394, 0.0 ], [ -6.136999306719838, 53.253185362499181, 0.0 ], [ -6.137097747565092, 53.253226990166603, 0.0 ], [ -6.139083808985617, 53.254879102482818, 0.0 ], [ -6.140792228593486, 53.25492410057911, 0.0 ], [ -6.14065107125613, 53.25571603749016, 0.0 ], [ -6.141842861207959, 53.257290811216357, 0.0 ], [ -6.138755428102505, 53.258544272170269, 0.0 ], [ -6.142933795414257, 53.261349243717049, 0.0 ], [ -6.14245629967411, 53.261982776602579, 0.0 ], [ -6.144304798654395, 53.263470588363944, 0.0 ], [ -6.146049396049437, 53.264113449935614, 0.0 ], [ -6.145620357225754, 53.264484744219921, 0.0 ], [ -6.14628908649079, 53.26462062546728, 0.0 ], [ -6.146225716501625, 53.264710693839589, 0.0 ], [ -6.1470045132718, 53.265186431307001, 0.0 ], [ -6.146726863092312, 53.265805379802664, 0.0 ], [ -6.146685134377797, 53.266352761834135, 0.0 ], [ -6.147092744187347, 53.266874680532361, 0.0 ], [ -6.148457017168854, 53.266316208604387, 0.0 ], [ -6.148275349569213, 53.265635831322854, 0.0 ], [ -6.150223768120529, 53.26757848127918, 0.0 ], [ -6.151583592926972, 53.268716308582704, 0.0 ], [ -6.151615311934188, 53.269055937313219, 0.0 ], [ -6.152759614021609, 53.269475371784999, 0.0 ], [ -6.153958644959477, 53.270017077473987, 0.0 ], [ -6.153381152916225, 53.270484614454389, 0.0 ], [ -6.154949604216317, 53.271192836250577, 0.0 ], [ -6.15566610317238, 53.272434001294386, 0.0 ], [ -6.157476198712969, 53.273924062087353, 0.0 ], [ -6.159568662840429, 53.27604701950002, 0.0 ], [ -6.160496820837015, 53.277182749479074, 0.0 ] ] ] } },
{ "type": "Feature", "properties": { "name": "Dublin 14", "district_code": "D14" }, "geometry": { "type": "Polygon", "coordinates": [ [ [ -6.216478434719045, 53.288812003731884, 0.0 ], [ -6.218698975656682, 53.288889330909413, 0.0 ], [ -6.218673598210895, 53.289240577943239, 0.0 ], [ -6.220210047820686, 53.289338035633506, 0.0 ], [ -6.220248793893322, 53.288947618728514, 0.0 ], [ -6.220323643585326, 53.288950533615498, 0.0 ], [ -6.220409682440025, 53.287886602820208, 0.0 ], [ -6.218032374753251, 53.287828896083958, 0.0 ], [ -6.218055187595944, 53.287578011200992, 0.0 ], [ -6.21961983489203, 53.287608754994324, 0.0 ], [ -6.219665449596081, 53.287142488732506, 0.0 ], [ -6.220647458223284, 53.2857253853823, 0.0 ], [ -6.221438203493217, 53.285980948825085, 0.0 ], [ -6.221650419649146, 53.285622061509585, 0.0 ], [ -6.221055641089717, 53.285398905386728, 0.0 ], [ -6.222331852228757, 53.284354072813983, 0.0 ], [ -6.219693715929997, 53.283457665767664, 0.0 ], [ -6.219662937489231, 53.283013808148141, 0.0 ], [ -6.21975660128872, 53.282617469758755, 0.0 ], [ -6.227152062128005, 53.283321348665019, 0.0 ], [ -6.227516789144455, 53.283367578643144, 0.0 ], [ -6.230128289381265, 53.283774897124893, 0.0 ], [ -6.23422710682365, 53.284871671483444, 0.0 ], [ -6.234387197703012, 53.286200188124049, 0.0 ], [ -6.234275248270866, 53.286848030697769, 0.0 ], [ -6.235337549382394, 53.287027615661586, 0.0 ], [ -6.237492396973505, 53.287391967920954, 0.0 ], [ -6.237428002918232, 53.286588174325153, 0.0 ], [ -6.237907013513991, 53.286942475287127, 0.0 ], [ -6.240093497011446, 53.288602202497906, 0.0 ], [ -6.241083143967797, 53.288263292883798, 0.0 ], [ -6.241651276841172, 53.288527211693761, 0.0 ], [ -6.241486207612537, 53.288835325445589, 0.0 ], [ -6.241808601596032, 53.289010139618313, 0.0 ], [ -6.242815701520728, 53.2886226661903, 0.0 ], [ -6.243352110973615, 53.289072168418308, 0.0 ], [ -6.245005871382169, 53.288901383492288, 0.0 ], [ -6.245888013881204, 53.288700530984414, 0.0 ], [ -6.24665689019637, 53.288525331112226, 0.0 ], [ -6.246600230102763, 53.28807220358479, 0.0 ], [ -6.247334978524079, 53.287962741765739, 0.0 ], [ -6.248227198774153, 53.287756717116245, 0.0 ], [ -6.251718400912831, 53.287333192788623, 0.0 ], [ -6.253609658746011, 53.28728783300464, 0.0 ], [ -6.254252838135905, 53.287257073738054, 0.0 ], [ -6.254263973627687, 53.287651465892935, 0.0 ], [ -6.254475802412291, 53.287641444112261, 0.0 ], [ -6.254404391355345, 53.287226485081675, 0.0 ], [ -6.257823528232264, 53.287075602475781, 0.0 ], [ -6.259653197292996, 53.287047583228222, 0.0 ], [ -6.26234656191584, 53.28675816131193, 0.0 ], [ -6.262460832868339, 53.287225422660278, 0.0 ], [ -6.263255533237182, 53.287182800971422, 0.0 ], [ -6.263203981038751, 53.286526260731762, 0.0 ], [ -6.26332483350479, 53.286608826218924, 0.0 ], [ -6.264543397296066, 53.28647628357281, 0.0 ], [ -6.264610363755175, 53.287110127188349, 0.0 ], [ -6.265419521986417, 53.287177718770579, 0.0 ], [ -6.265811093116405, 53.287210469412848, 0.0 ], [ -6.266104927148954, 53.287246471469494, 0.0 ], [ -6.266204864125569, 53.285038141891881, 0.0 ], [ -6.265797433809758, 53.284313149429622, 0.0 ], [ -6.26669223319788, 53.284638235880571, 0.0 ], [ -6.266881159001944, 53.284658779100504, 0.0 ], [ -6.267497803003296, 53.284897392853104, 0.0 ], [ -6.270912023198277, 53.286930139501472, 0.0 ], [ -6.272165110251563, 53.28675406674072, 0.0 ], [ -6.272673287558637, 53.28669914053345, 0.0 ], [ -6.272795737196579, 53.287325243592825, 0.0 ], [ -6.275626027766258, 53.286767136679266, 0.0 ], [ -6.276540642555372, 53.286603020661765, 0.0 ], [ -6.27776828391413, 53.286468227205013, 0.0 ], [ -6.279609577120409, 53.286725538774689, 0.0 ], [ -6.282388642422354, 53.286596174412125, 0.0 ], [ -6.282496221922236, 53.286773086093291, 0.0 ], [ -6.283715395526279, 53.287022000355556, 0.0 ], [ -6.284714639558064, 53.287091567532464, 0.0 ], [ -6.285466698806246, 53.28622863028928, 0.0 ], [ -6.284866207988671, 53.286003825137776, 0.0 ], [ -6.285997319520862, 53.285794753292635, 0.0 ], [ -6.287984129718824, 53.285875159768047, 0.0 ], [ -6.289677998759272, 53.285999329003758, 0.0 ], [ -6.290094737502355, 53.286910608117836, 0.0 ], [ -6.290579909597667, 53.286802334684715, 0.0 ], [ -6.290898764488603, 53.286041461531241, 0.0 ], [ -6.291462734089358, 53.286016646878885, 0.0 ], [ -6.291898461250505, 53.286459092026732, 0.0 ], [ -6.292597356393147, 53.286053752515535, 0.0 ], [ -6.293373811195157, 53.286293710674386, 0.0 ], [ -6.293340647405381, 53.286315706746336, 0.0 ], [ -6.294061449077403, 53.2866393537821, 0.0 ], [ -6.293769989757825, 53.286884788527473, 0.0 ], [ -6.294442459024319, 53.287248188863735, 0.0 ], [ -6.295436531009066, 53.287616003474902, 0.0 ], [ -6.295704720399809, 53.287731291961862, 0.0 ], [ -6.295900783687836, 53.287815618032155, 0.0 ], [ -6.296108391121341, 53.287992238762826, 0.0 ], [ -6.296389773889357, 53.288202001413744, 0.0 ], [ -6.29787541216145, 53.288628410381101, 0.0 ], [ -6.298292800985422, 53.288653692680242, 0.0 ], [ -6.298632013245431, 53.288737899851895, 0.0 ], [ -6.298551545562795, 53.288910495321055, 0.0 ], [ -6.301950011733362, 53.289613467299297, 0.0 ], [ -6.30378345077301, 53.289929164937519, 0.0 ], [ -6.303925596980178, 53.289848045299806, 0.0 ], [ -6.304280083868746, 53.289909443517878, 0.0 ], [ -6.304351747821806, 53.289636859340177, 0.0 ], [ -6.3050856201605, 53.289796318769959, 0.0 ], [ -6.304796847015561, 53.290240549157588, 0.0 ], [ -6.305310843857199, 53.290438586641251, 0.0 ], [ -6.306641080372156, 53.290997680374964, 0.0 ], [ -6.307107540738254, 53.291465941532771, 0.0 ], [ -6.307045783783648, 53.291475850680648, 0.0 ], [ -6.307728137228989, 53.29272681710755, 0.0 ], [ -6.307594898361748, 53.292757823232122, 0.0 ], [ -6.308015434220398, 53.293152264188379, 0.0 ], [ -6.308087532065973, 53.293500593994196, 0.0 ], [ -6.308567453463448, 53.29385470918055, 0.0 ], [ -6.308916380487863, 53.294258287762865, 0.0 ], [ -6.308309039794515, 53.294416944941418, 0.0 ], [ -6.308041806959656, 53.29465745471483, 0.0 ], [ -6.307215331310712, 53.294928765848525, 0.0 ], [ -6.306853838975886, 53.29533736379301, 0.0 ], [ -6.305935212027563, 53.294925866929816, 0.0 ], [ -6.305507448897031, 53.295101621956171, 0.0 ], [ -6.305597591889991, 53.295725071042355, 0.0 ], [ -6.305316809456932, 53.296538474456113, 0.0 ], [ -6.304408806133766, 53.297057942402994, 0.0 ], [ -6.303541628379572, 53.297093156925548, 0.0 ], [ -6.302803835420035, 53.296558372685311, 0.0 ], [ -6.301889775381598, 53.296440646495469, 0.0 ], [ -6.298173955453619, 53.29721118114405, 0.0 ], [ -6.296982143041323, 53.298417291811909, 0.0 ], [ -6.296498229812202, 53.298938711153781, 0.0 ], [ -6.295061234544217, 53.298702186670099, 0.0 ], [ -6.291914864248235, 53.298882138100588, 0.0 ], [ -6.289925587467785, 53.299687471679682, 0.0 ], [ -6.28851808612419, 53.300415554815686, 0.0 ], [ -6.286595069575312, 53.301401550193944, 0.0 ], [ -6.286434084724073, 53.302124412247984, 0.0 ], [ -6.286909263665289, 53.303627429302374, 0.0 ], [ -6.286463139729845, 53.304374957431023, 0.0 ], [ -6.283285528650739, 53.305140181501535, 0.0 ], [ -6.280852161913089, 53.304906037964066, 0.0 ], [ -6.2806529220358, 53.304911884331624, 0.0 ], [ -6.277504104334636, 53.30500432667386, 0.0 ], [ -6.274599945905023, 53.304964772173022, 0.0 ], [ -6.271597147734985, 53.304441315032534, 0.0 ], [ -6.269413097442034, 53.303807065250723, 0.0 ], [ -6.268715487165887, 53.303758020470298, 0.0 ], [ -6.26761797706822, 53.304333693120128, 0.0 ], [ -6.26674961580661, 53.305847920087096, 0.0 ], [ -6.265914914267711, 53.306612555793542, 0.0 ], [ -6.263398277681726, 53.306682897240336, 0.0 ], [ -6.260919603005311, 53.306041325198969, 0.0 ], [ -6.259824804589099, 53.306299768750023, 0.0 ], [ -6.259659484781424, 53.307698724981925, 0.0 ], [ -6.258985670078194, 53.308277175655952, 0.0 ], [ -6.258010292984219, 53.308406656040773, 0.0 ], [ -6.25731348648261, 53.30800512471567, 0.0 ], [ -6.254546057511825, 53.307849423619977, 0.0 ], [ -6.251409527338266, 53.308018837678681, 0.0 ], [ -6.249056697546699, 53.308348075263808, 0.0 ], [ -6.247706084510489, 53.31047635964633, 0.0 ], [ -6.246470092673683, 53.3120608125475, 0.0 ], [ -6.245829230523928, 53.312469525501079, 0.0 ], [ -6.245140724333529, 53.312612108676902, 0.0 ], [ -6.244035345974487, 53.312536785927271, 0.0 ], [ -6.242228774064341, 53.313406670341969, 0.0 ], [ -6.240664927417273, 53.313664317678494, 0.0 ], [ -6.239625252500642, 53.313541026815642, 0.0 ], [ -6.238729715262014, 53.313296355716332, 0.0 ], [ -6.238714954411044, 53.313137763222038, 0.0 ], [ -6.23631245209627, 53.31269895291701, 0.0 ], [ -6.235360610087609, 53.312118697676553, 0.0 ], [ -6.235325221923913, 53.311497259234933, 0.0 ], [ -6.235883627713935, 53.311268227975127, 0.0 ], [ -6.235630455155966, 53.310753135911206, 0.0 ], [ -6.234776098855336, 53.310028346879967, 0.0 ], [ -6.23432701615268, 53.309090326383, 0.0 ], [ -6.229593927559952, 53.309004429154633, 0.0 ], [ -6.230317254349913, 53.307849374803048, 0.0 ], [ -6.23522040441844, 53.307914121445748, 0.0 ], [ -6.235681132576524, 53.306189871862877, 0.0 ], [ -6.234286457645264, 53.305097728961094, 0.0 ], [ -6.233923041018211, 53.305284968115174, 0.0 ], [ -6.23182892387815, 53.304624932524938, 0.0 ], [ -6.23168406105518, 53.304851088922781, 0.0 ], [ -6.229871107593698, 53.30445899572431, 0.0 ], [ -6.225894191474649, 53.304683931775408, 0.0 ], [ -6.224318817015492, 53.304487998503113, 0.0 ], [ -6.224928809734632, 53.304014044612245, 0.0 ], [ -6.221848340553075, 53.303338337552304, 0.0 ], [ -6.22179673983119, 53.302954034175208, 0.0 ], [ -6.221831276400336, 53.302599418431534, 0.0 ], [ -6.221229418287651, 53.302514131341646, 0.0 ], [ -6.221450090515217, 53.301805003922325, 0.0 ], [ -6.222420401235811, 53.301835380836046, 0.0 ], [ -6.222796724408747, 53.300268113729246, 0.0 ], [ -6.221848813891721, 53.299770947578523, 0.0 ], [ -6.221106662377577, 53.299566718589091, 0.0 ], [ -6.221019785706221, 53.29955499605564, 0.0 ], [ -6.219221848337102, 53.299312259528705, 0.0 ], [ -6.21824241774621, 53.299080290190766, 0.0 ], [ -6.219265136544686, 53.29731424861405, 0.0 ], [ -6.219083655603075, 53.296837400946991, 0.0 ], [ -6.21890205282644, 53.296851227228352, 0.0 ], [ -6.219250615115756, 53.296631273876237, 0.0 ], [ -6.21896409730966, 53.295458324508949, 0.0 ], [ -6.219089065748081, 53.295187752894684, 0.0 ], [ -6.217487251284656, 53.294144265506269, 0.0 ], [ -6.217035764081529, 53.292067847563487, 0.0 ], [ -6.217946701468128, 53.291319788459326, 0.0 ], [ -6.216996067090021, 53.290302921298078, 0.0 ], [ -6.216478434719045, 53.288812003731884, 0.0 ] ] ] } },
{ "type": "Feature", "properties": { "name": "Dublin 18", "district_code": "D18" }, "geometry": { "type": "Polygon", "coordinates": [ [ [ -6.157224113514408, 53.265501435495537, 0.0 ], [ -6.156756094890425, 53.266099576132248, 0.0 ], [ -6.154025356830259, 53.266017770214077, 0.0 ], [ -6.152774089413845, 53.267372911581958, 0.0 ], [ -6.151828644291256, 53.267665125267513, 0.0 ], [ -6.152293492086552, 53.268083016912598, 0.0 ], [ -6.151583592926972, 53.268716308582704, 0.0 ], [ -6.150223768120529, 53.26757848127918, 0.0 ], [ -6.148275349569213, 53.265635831322854, 0.0 ], [ -6.148457017168854, 53.266316208604387, 0.0 ], [ -6.147092744187347, 53.266874680532361, 0.0 ], [ -6.146685134377797, 53.266352761834135, 0.0 ], [ -6.146726863092312, 53.265805379802664, 0.0 ], [ -6.1470045132718, 53.265186431307001, 0.0 ], [ -6.146225716501625, 53.264710693839589, 0.0 ], [ -6.14628908649079, 53.26462062546728, 0.0 ], [ -6.145620357225754, 53.264484744219921, 0.0 ], [ -6.146049396049437, 53.264113449935614, 0.0 ], [ -6.144304798654395, 53.263470588363944, 0.0 ], [ -6.14245629967411, 53.261982776602579, 0.0 ], [ -6.142933795414257, 53.261349243717049, 0.0 ], [ -6.138755428102505, 53.258544272170269, 0.0 ], [ -6.141842861207959, 53.257290811216357, 0.0 ], [ -6.14065107125613, 53.25571603749016, 0.0 ], [ -6.140792228593486, 53.25492410057911, 0.0 ], [ -6.139083808985617, 53.254879102482818, 0.0 ], [ -6.137097747565092, 53.253226990166603, 0.0 ], [ -6.136999306719838, 53.253185362499181, 0.0 ], [ -6.137600804248034, 53.252681785611394, 0.0 ], [ -6.137444083246518, 53.252163572801209, 0.0 ], [ -6.136274979086776, 53.251964626946133, 0.0 ], [ -6.137419985771987, 53.250729520048694, 0.0 ], [ -6.136324170228625, 53.250295679872998, 0.0 ], [ -6.138587403651329, 53.248412978351993, 0.0 ], [ -6.137108554866927, 53.247306120086144, 0.0 ], [ -6.13595385240199, 53.246366736634016, 0.0 ], [ -6.134174407401646, 53.245485156377789, 0.0 ], [ -6.135550141324259, 53.246538575156798, 0.0 ], [ -6.134325912263397, 53.246604718471332, 0.0 ], [ -6.134037522710444, 53.246949409761086, 0.0 ], [ -6.133414488117843, 53.246770398522038, 0.0 ], [ -6.131548710969169, 53.246827092907218, 0.0 ], [ -6.131576787076242, 53.246182782191539, 0.0 ], [ -6.131485255709616, 53.245571831458442, 0.0 ], [ -6.131939448604723, 53.24522012743985, 0.0 ], [ -6.127764050245332, 53.243106556248335, 0.0 ], [ -6.124726017877623, 53.242713088445122, 0.0 ], [ -6.121683530479586, 53.242653938354792, 0.0 ], [ -6.121670755900641, 53.243047168028177, 0.0 ], [ -6.122672207263919, 53.243455300221001, 0.0 ], [ -6.121610448675656, 53.243924583401267, 0.0 ], [ -6.120054266611629, 53.243481625938315, 0.0 ], [ -6.12021990335944, 53.243252512557596, 0.0 ], [ -6.119792055795864, 53.243396232382892, 0.0 ], [ -6.11882516889057, 53.243012171525095, 0.0 ], [ -6.117156749970843, 53.244679366713001, 0.0 ], [ -6.116781624305423, 53.244609800240539, 0.0 ], [ -6.114220576994363, 53.246021682140594, 0.0 ], [ -6.112599756366308, 53.246095348501335, 0.0 ], [ -6.11187180471312, 53.240978285434515, 0.0 ], [ -6.111403167559089, 53.239295201217928, 0.0 ], [ -6.110889305674495, 53.237711081375345, 0.0 ], [ -6.110129527725299, 53.234919571646365, 0.0 ], [ -6.108282779625905, 53.232039524143474, 0.0 ], [ -6.107618239774622, 53.227343914371318, 0.0 ], [ -6.110039260342892, 53.22645408330947, 0.0 ], [ -6.109705205486198, 53.226053373912876, 0.0 ], [ -6.110361645270488, 53.225765003834596, 0.0 ], [ -6.108611552796132, 53.22376072333973, 0.0 ], [ -6.1113533005496, 53.222839283848913, 0.0 ], [ -6.116612267199135, 53.221795353826856, 0.0 ], [ -6.117966680252636, 53.222466004601905, 0.0 ], [ -6.119923032600193, 53.22195065146343, 0.0 ], [ -6.120233649741685, 53.222151864086598, 0.0 ], [ -6.121816380386655, 53.221888828253299, 0.0 ], [ -6.124483497244382, 53.22404793174131, 0.0 ], [ -6.128641288624483, 53.222664251001369, 0.0 ], [ -6.128814020518363, 53.223447984682757, 0.0 ], [ -6.128850649340574, 53.221692813366843, 0.0 ], [ -6.133590640618855, 53.220776343210993, 0.0 ], [ -6.135366038611425, 53.221178786436859, 0.0 ], [ -6.135160830229297, 53.220093795523482, 0.0 ], [ -6.136109449781391, 53.220190345716084, 0.0 ], [ -6.136193874924868, 53.22121286226119, 0.0 ], [ -6.137066988261284, 53.221453119809325, 0.0 ], [ -6.139886980449146, 53.220965682224822, 0.0 ], [ -6.140143536765139, 53.220797375753101, 0.0 ], [ -6.139488101832258, 53.22023416384053, 0.0 ], [ -6.140329704023727, 53.219984386106859, 0.0 ], [ -6.140362920498983, 53.219571248994448, 0.0 ], [ -6.13949800940606, 53.217344211841578, 0.0 ], [ -6.141177498194009, 53.216941849663051, 0.0 ], [ -6.141274406120515, 53.216506515252945, 0.0 ], [ -6.143936430571102, 53.216213279961465, 0.0 ], [ -6.144419854852975, 53.216127058934404, 0.0 ], [ -6.144479332566691, 53.215525389277794, 0.0 ], [ -6.148519967267189, 53.212453835469532, 0.0 ], [ -6.148591853342611, 53.21199536536178, 0.0 ], [ -6.152320107681723, 53.213097719746791, 0.0 ], [ -6.152801471552483, 53.213637938130795, 0.0 ], [ -6.154468120580915, 53.214332248724688, 0.0 ], [ -6.153972707231208, 53.214523041616147, 0.0 ], [ -6.155067216560778, 53.21537548497011, 0.0 ], [ -6.157574979265315, 53.214108699779949, 0.0 ], [ -6.158305225544702, 53.212908418736873, 0.0 ], [ -6.159016751075052, 53.213050918728939, 0.0 ], [ -6.158974476227516, 53.213544278171796, 0.0 ], [ -6.160417075463009, 53.213857971432205, 0.0 ], [ -6.163537810097831, 53.217367437544674, 0.0 ], [ -6.161113416333627, 53.218786732467905, 0.0 ], [ -6.162031039862636, 53.219535617508775, 0.0 ], [ -6.163449727271307, 53.219671468969061, 0.0 ], [ -6.164805140367903, 53.219071693089674, 0.0 ], [ -6.165199846688642, 53.219217184764283, 0.0 ], [ -6.165608741386245, 53.218539450737758, 0.0 ], [ -6.166818010305387, 53.21888740389079, 0.0 ], [ -6.169319612287248, 53.218621784155246, 0.0 ], [ -6.170575921508048, 53.217371266422489, 0.0 ], [ -6.174580348370568, 53.217643647266698, 0.0 ], [ -6.174534929227505, 53.215424035521679, 0.0 ], [ -6.17289252107838, 53.213167987630477, 0.0 ], [ -6.174765313761562, 53.212503585660571, 0.0 ], [ -6.178691779347311, 53.216405384594424, 0.0 ], [ -6.179768836648533, 53.218214970458455, 0.0 ], [ -6.182321035974346, 53.220866903870736, 0.0 ], [ -6.189763165403884, 53.218025853109118, 0.0 ], [ -6.192254626627149, 53.217702971065506, 0.0 ], [ -6.194918737623004, 53.216530720019847, 0.0 ], [ -6.19756344205942, 53.216402493664724, 0.0 ], [ -6.202461380018961, 53.217134898900447, 0.0 ], [ -6.203204333551788, 53.216682118114711, 0.0 ], [ -6.204532349594679, 53.216869234738951, 0.0 ], [ -6.207375949727511, 53.216082952110753, 0.0 ], [ -6.208802564813007, 53.214987405620469, 0.0 ], [ -6.208540928423266, 53.213204285121918, 0.0 ], [ -6.209018928789837, 53.212213836130928, 0.0 ], [ -6.208326022787316, 53.211109694903215, 0.0 ], [ -6.211019830745938, 53.210297704643445, 0.0 ], [ -6.214438375555038, 53.211508327072266, 0.0 ], [ -6.21619356246509, 53.211413004979718, 0.0 ], [ -6.217331546666355, 53.211748680565378, 0.0 ], [ -6.217681890020871, 53.212236604956637, 0.0 ], [ -6.219165565454079, 53.212399641136962, 0.0 ], [ -6.219944798668434, 53.212304592557345, 0.0 ], [ -6.2211400235898, 53.211593836330572, 0.0 ], [ -6.222849328887025, 53.211514719423064, 0.0 ], [ -6.224997651609471, 53.210554056039022, 0.0 ], [ -6.227239056348217, 53.208398280682644, 0.0 ], [ -6.227267409050454, 53.205270794561827, 0.0 ], [ -6.229701607657233, 53.204236101804028, 0.0 ], [ -6.230531519873513, 53.204291306666974, 0.0 ], [ -6.239551604885077, 53.202174044594408, 0.0 ], [ -6.259342997319723, 53.205115298240116, 0.0 ], [ -6.268827948552682, 53.209557081826013, 0.0 ], [ -6.267329100001634, 53.212311013154086, 0.0 ], [ -6.269525230547507, 53.214402001300115, 0.0 ], [ -6.269682232490504, 53.216855426415179, 0.0 ], [ -6.26725251562207, 53.219752771198998, 0.0 ], [ -6.267692071470496, 53.222862775845677, 0.0 ], [ -6.267203103607673, 53.223200911449993, 0.0 ], [ -6.267596996366699, 53.22382270534959, 0.0 ], [ -6.266765189990969, 53.225767568018199, 0.0 ], [ -6.265183740115976, 53.226611038258646, 0.0 ], [ -6.262474771920782, 53.227035101350765, 0.0 ], [ -6.264074588830627, 53.227311981570324, 0.0 ], [ -6.263692813471916, 53.228534417388595, 0.0 ], [ -6.265041579493973, 53.231300293502379, 0.0 ], [ -6.26740758836214, 53.233357199383825, 0.0 ], [ -6.267924287195521, 53.23486280836061, 0.0 ], [ -6.2677043655368, 53.235477564615955, 0.0 ], [ -6.253998597386695, 53.237713947528633, 0.0 ], [ -6.253690437991305, 53.239616595242026, 0.0 ], [ -6.25805993958877, 53.245640216871351, 0.0 ], [ -6.258391616538743, 53.247363377041573, 0.0 ], [ -6.257233764778738, 53.249194647388272, 0.0 ], [ -6.257413290821323, 53.250385269061404, 0.0 ], [ -6.255843616724952, 53.252030196988436, 0.0 ], [ -6.255197782068479, 53.254073874450292, 0.0 ], [ -6.256978355699782, 53.255422388173209, 0.0 ], [ -6.261380581522449, 53.2573580633535, 0.0 ], [ -6.262865470168604, 53.260788106122469, 0.0 ], [ -6.261440486389686, 53.262552692794372, 0.0 ], [ -6.25652806272076, 53.263535911788217, 0.0 ], [ -6.253234276362543, 53.263157009333291, 0.0 ], [ -6.252726560849855, 53.263334189930482, 0.0 ], [ -6.25228645405917, 53.264782059156673, 0.0 ], [ -6.253469502099471, 53.267023303819435, 0.0 ], [ -6.256380035422491, 53.266812348093666, 0.0 ], [ -6.258898699720001, 53.267066859152365, 0.0 ], [ -6.258108468479307, 53.268380381027214, 0.0 ], [ -6.257934104466604, 53.268335048476935, 0.0 ], [ -6.254257092066844, 53.26806580724174, 0.0 ], [ -6.249563303968971, 53.268102861443658, 0.0 ], [ -6.249234036055867, 53.268247592905276, 0.0 ], [ -6.247469065348589, 53.269264761296668, 0.0 ], [ -6.243443061150314, 53.270914110426993, 0.0 ], [ -6.242921373007734, 53.271015631426849, 0.0 ], [ -6.240291397466426, 53.271453494123854, 0.0 ], [ -6.238492682775171, 53.271520409316082, 0.0 ], [ -6.237099217364978, 53.271572078136288, 0.0 ], [ -6.235320082229049, 53.271604719585227, 0.0 ], [ -6.227116944289021, 53.271954631711829, 0.0 ], [ -6.224492749966145, 53.271937239588567, 0.0 ], [ -6.218582661044541, 53.271544903582019, 0.0 ], [ -6.219581788574034, 53.273718937762922, 0.0 ], [ -6.221616819817612, 53.276497339916141, 0.0 ], [ -6.21944181783113, 53.277273743404209, 0.0 ], [ -6.218103066620458, 53.277821539919749, 0.0 ], [ -6.218055915280417, 53.27780438638311, 0.0 ], [ -6.217946536733703, 53.278061078556107, 0.0 ], [ -6.216293258813206, 53.278978970185378, 0.0 ], [ -6.216391934003581, 53.279015231601797, 0.0 ], [ -6.214132910054015, 53.280780805930554, 0.0 ], [ -6.21074987063187, 53.279672865359387, 0.0 ], [ -6.20634959135115, 53.278230798018996, 0.0 ], [ -6.205654510692872, 53.277997066085263, 0.0 ], [ -6.200906081118934, 53.276524656677687, 0.0 ], [ -6.201710898607352, 53.275734221339562, 0.0 ], [ -6.203209639754287, 53.276099098646064, 0.0 ], [ -6.203509139479093, 53.276058939601953, 0.0 ], [ -6.203511232888188, 53.275419264004384, 0.0 ], [ -6.203838128507652, 53.274970453152562, 0.0 ], [ -6.203751311567024, 53.274937955231266, 0.0 ], [ -6.203481374071904, 53.274400244116087, 0.0 ], [ -6.202835039559099, 53.274344751359358, 0.0 ], [ -6.202434940615516, 53.273873657300605, 0.0 ], [ -6.202817686621936, 53.273543889275544, 0.0 ], [ -6.200923053439673, 53.272999285875024, 0.0 ], [ -6.198396029236073, 53.273187003362445, 0.0 ], [ -6.198626956153271, 53.27351551524648, 0.0 ], [ -6.19669331164111, 53.274051655262191, 0.0 ], [ -6.195754952094999, 53.274540541187562, 0.0 ], [ -6.194138074163889, 53.274094052215936, 0.0 ], [ -6.193435590368628, 53.274279447237681, 0.0 ], [ -6.193587757319499, 53.274366244498353, 0.0 ], [ -6.193905832512489, 53.27464808780551, 0.0 ], [ -6.192157129162816, 53.275420746211395, 0.0 ], [ -6.193395685660015, 53.277037758124088, 0.0 ], [ -6.191937717320597, 53.277720979598769, 0.0 ], [ -6.191448237462017, 53.277514640828336, 0.0 ], [ -6.190575103299183, 53.277873334523683, 0.0 ], [ -6.189668040410781, 53.27747180251653, 0.0 ], [ -6.187664360886246, 53.279524524906805, 0.0 ], [ -6.185115716407753, 53.278445969941494, 0.0 ], [ -6.184572505833871, 53.278862943568008, 0.0 ], [ -6.184116674307916, 53.278420690400679, 0.0 ], [ -6.183150547022293, 53.279068600632137, 0.0 ], [ -6.181064802783106, 53.277674055831298, 0.0 ], [ -6.181465693610858, 53.277405214342771, 0.0 ], [ -6.181025782407826, 53.277119231582347, 0.0 ], [ -6.180510226348918, 53.277420387969059, 0.0 ], [ -6.179246421698121, 53.276457933254989, 0.0 ], [ -6.178910612297636, 53.27679877042555, 0.0 ], [ -6.178571027273707, 53.276608779727646, 0.0 ], [ -6.178080583782985, 53.276880467641547, 0.0 ], [ -6.17875539231057, 53.277147848537751, 0.0 ], [ -6.178306098399691, 53.277492972619726, 0.0 ], [ -6.179894144088352, 53.277851688555167, 0.0 ], [ -6.179566741991133, 53.278038234001919, 0.0 ], [ -6.179965688192969, 53.278336450250407, 0.0 ], [ -6.178762335473874, 53.279247481350588, 0.0 ], [ -6.17636073366077, 53.277573609700028, 0.0 ], [ -6.175769965676612, 53.2779670754528, 0.0 ], [ -6.175134225318669, 53.278161743975907, 0.0 ], [ -6.175873540421755, 53.278683154010466, 0.0 ], [ -6.175849581665103, 53.278714247085652, 0.0 ], [ -6.176758136642407, 53.279104492348651, 0.0 ], [ -6.176664738417459, 53.279549341573166, 0.0 ], [ -6.175604603920082, 53.279964660112803, 0.0 ], [ -6.175359690271774, 53.279886487534426, 0.0 ], [ -6.17476417823451, 53.279560258687731, 0.0 ], [ -6.174632434645855, 53.279636081859891, 0.0 ], [ -6.173908616560332, 53.279403881051643, 0.0 ], [ -6.17333402950773, 53.279106548770876, 0.0 ], [ -6.173924177925898, 53.278795240082296, 0.0 ], [ -6.17026982245152, 53.277511114949547, 0.0 ], [ -6.168497014058075, 53.278010259050845, 0.0 ], [ -6.165983867465513, 53.279905407600452, 0.0 ], [ -6.164748871508906, 53.278594038167114, 0.0 ], [ -6.164348310182297, 53.278754338167026, 0.0 ], [ -6.163755551949285, 53.278423871387275, 0.0 ], [ -6.164489240324389, 53.278046057772848, 0.0 ], [ -6.162438946749292, 53.273358162932297, 0.0 ], [ -6.160318421733777, 53.268904911180108, 0.0 ], [ -6.159441295248819, 53.268698208583075, 0.0 ], [ -6.159286346115436, 53.268367375899942, 0.0 ], [ -6.160872603307541, 53.267828729103655, 0.0 ], [ -6.158450331570352, 53.266117043023577, 0.0 ], [ -6.159577461712789, 53.265001448129986, 0.0 ], [ -6.159365959051826, 53.264905151336464, 0.0 ], [ -6.158848468159809, 53.264854104550153, 0.0 ], [ -6.158482368883888, 53.264612051393961, 0.0 ], [ -6.158001634920871, 53.264540176063043, 0.0 ], [ -6.157110671623964, 53.264418902259315, 0.0 ], [ -6.156408864966495, 53.265111491693069, 0.0 ], [ -6.157224113514408, 53.265501435495537, 0.0 ] ] ] } },
{ "type": "Feature", "properties": { "name": "Dublin 16", "district_code": "D16" }, "geometry": { "type": "Polygon", "coordinates": [ [ [ -6.30378345077301, 53.289929164937519, 0.0 ], [ -6.301950011733362, 53.289613467299297, 0.0 ], [ -6.298551545562795, 53.288910495321055, 0.0 ], [ -6.298632013245431, 53.288737899851895, 0.0 ], [ -6.298292800985422, 53.288653692680242, 0.0 ], [ -6.29787541216145, 53.288628410381101, 0.0 ], [ -6.296389773889357, 53.288202001413744, 0.0 ], [ -6.296108391121341, 53.287992238762826, 0.0 ], [ -6.295900783687836, 53.287815618032155, 0.0 ], [ -6.295704720399809, 53.287731291961862, 0.0 ], [ -6.295436531009066, 53.287616003474902, 0.0 ], [ -6.294442459024319, 53.287248188863735, 0.0 ], [ -6.293769989757825, 53.286884788527473, 0.0 ], [ -6.294061449077403, 53.2866393537821, 0.0 ], [ -6.293340647405381, 53.286315706746336, 0.0 ], [ -6.293373811195157, 53.286293710674386, 0.0 ], [ -6.292597356393147, 53.286053752515535, 0.0 ], [ -6.291898461250505, 53.286459092026732, 0.0 ], [ -6.291462734089358, 53.286016646878885, 0.0 ], [ -6.290898764488603, 53.286041461531241, 0.0 ], [ -6.290579909597667, 53.286802334684715, 0.0 ], [ -6.290094737502355, 53.286910608117836, 0.0 ], [ -6.289677998759272, 53.285999329003758, 0.0 ], [ -6.287984129718824, 53.285875159768047, 0.0 ], [ -6.285997319520862, 53.285794753292635, 0.0 ], [ -6.284866207988671, 53.286003825137776, 0.0 ], [ -6.285466698806246, 53.28622863028928, 0.0 ], [ -6.284714639558064, 53.287091567532464, 0.0 ], [ -6.283715395526279, 53.287022000355556, 0.0 ], [ -6.282496221922236, 53.286773086093291, 0.0 ], [ -6.282388642422354, 53.286596174412125, 0.0 ], [ -6.279609577120409, 53.286725538774689, 0.0 ], [ -6.27776828391413, 53.286468227205013, 0.0 ], [ -6.276540642555372, 53.286603020661765, 0.0 ], [ -6.275626027766258, 53.286767136679266, 0.0 ], [ -6.272795737196579, 53.287325243592825, 0.0 ], [ -6.272673287558637, 53.28669914053345, 0.0 ], [ -6.272165110251563, 53.28675406674072, 0.0 ], [ -6.270912023198277, 53.286930139501472, 0.0 ], [ -6.267497803003296, 53.284897392853104, 0.0 ], [ -6.266881159001944, 53.284658779100504, 0.0 ], [ -6.26669223319788, 53.284638235880571, 0.0 ], [ -6.265797433809758, 53.284313149429622, 0.0 ], [ -6.266204864125569, 53.285038141891881, 0.0 ], [ -6.266104927148954, 53.287246471469494, 0.0 ], [ -6.265811093116405, 53.287210469412848, 0.0 ], [ -6.265419521986417, 53.287177718770579, 0.0 ], [ -6.264610363755175, 53.287110127188349, 0.0 ], [ -6.264543397296066, 53.28647628357281, 0.0 ], [ -6.26332483350479, 53.286608826218924, 0.0 ], [ -6.263203981038751, 53.286526260731762, 0.0 ], [ -6.263255533237182, 53.287182800971422, 0.0 ], [ -6.262460832868339, 53.287225422660278, 0.0 ], [ -6.26234656191584, 53.28675816131193, 0.0 ], [ -6.259653197292996, 53.287047583228222, 0.0 ], [ -6.257823528232264, 53.287075602475781, 0.0 ], [ -6.254404391355345, 53.287226485081675, 0.0 ], [ -6.254475802412291, 53.287641444112261, 0.0 ], [ -6.254263973627687, 53.287651465892935, 0.0 ], [ -6.254252838135905, 53.287257073738054, 0.0 ], [ -6.253609658746011, 53.28728783300464, 0.0 ], [ -6.251718400912831, 53.287333192788623, 0.0 ], [ -6.248227198774153, 53.287756717116245, 0.0 ], [ -6.247334978524079, 53.287962741765739, 0.0 ], [ -6.246600230102763, 53.28807220358479, 0.0 ], [ -6.24665689019637, 53.288525331112226, 0.0 ], [ -6.245888013881204, 53.288700530984414, 0.0 ], [ -6.245005871382169, 53.288901383492288, 0.0 ], [ -6.243352110973615, 53.289072168418308, 0.0 ], [ -6.242815701520728, 53.2886226661903, 0.0 ], [ -6.241808601596032, 53.289010139618313, 0.0 ], [ -6.241486207612537, 53.288835325445589, 0.0 ], [ -6.241651276841172, 53.288527211693761, 0.0 ], [ -6.241083143967797, 53.288263292883798, 0.0 ], [ -6.240093497011446, 53.288602202497906, 0.0 ], [ -6.237907013513991, 53.286942475287127, 0.0 ], [ -6.237428002918232, 53.286588174325153, 0.0 ], [ -6.237492396973505, 53.287391967920954, 0.0 ], [ -6.235337549382394, 53.287027615661586, 0.0 ], [ -6.234275248270866, 53.286848030697769, 0.0 ], [ -6.234387197703012, 53.286200188124049, 0.0 ], [ -6.23422710682365, 53.284871671483444, 0.0 ], [ -6.230128289381265, 53.283774897124893, 0.0 ], [ -6.227516789144455, 53.283367578643144, 0.0 ], [ -6.227152062128005, 53.283321348665019, 0.0 ], [ -6.21975660128872, 53.282617469758755, 0.0 ], [ -6.220174272162549, 53.281225828488289, 0.0 ], [ -6.221306300961205, 53.280731461679324, 0.0 ], [ -6.220798615771589, 53.279887335458994, 0.0 ], [ -6.221127813931584, 53.27880779616811, 0.0 ], [ -6.221883310321276, 53.278664106025268, 0.0 ], [ -6.222290097743899, 53.278205471539749, 0.0 ], [ -6.221616819817612, 53.276497339916141, 0.0 ], [ -6.219581788574034, 53.273718937762922, 0.0 ], [ -6.218582661044541, 53.271544903582019, 0.0 ], [ -6.224492749966145, 53.271937239588567, 0.0 ], [ -6.227116944289021, 53.271954631711829, 0.0 ], [ -6.235320082229049, 53.271604719585227, 0.0 ], [ -6.237099217364978, 53.271572078136288, 0.0 ], [ -6.238492682775171, 53.271520409316082, 0.0 ], [ -6.240291397466426, 53.271453494123854, 0.0 ], [ -6.242921373007734, 53.271015631426849, 0.0 ], [ -6.243443061150314, 53.270914110426993, 0.0 ], [ -6.247469065348589, 53.269264761296668, 0.0 ], [ -6.249234036055867, 53.268247592905276, 0.0 ], [ -6.249563303968971, 53.268102861443658, 0.0 ], [ -6.254257092066844, 53.26806580724174, 0.0 ], [ -6.257934104466604, 53.268335048476935, 0.0 ], [ -6.258108468479307, 53.268380381027214, 0.0 ], [ -6.258898699720001, 53.267066859152365, 0.0 ], [ -6.256380035422491, 53.266812348093666, 0.0 ], [ -6.253469502099471, 53.267023303819435, 0.0 ], [ -6.25228645405917, 53.264782059156673, 0.0 ], [ -6.252726560849855, 53.263334189930482, 0.0 ], [ -6.253234276362543, 53.263157009333291, 0.0 ], [ -6.25652806272076, 53.263535911788217, 0.0 ], [ -6.261440486389686, 53.262552692794372, 0.0 ], [ -6.262865470168604, 53.260788106122469, 0.0 ], [ -6.261380581522449, 53.2573580633535, 0.0 ], [ -6.256978355699782, 53.255422388173209, 0.0 ], [ -6.255197782068479, 53.254073874450292, 0.0 ], [ -6.255843616724952, 53.252030196988436, 0.0 ], [ -6.257413290821323, 53.250385269061404, 0.0 ], [ -6.257233764778738, 53.249194647388272, 0.0 ], [ -6.258391616538743, 53.247363377041573, 0.0 ], [ -6.25805993958877, 53.245640216871351, 0.0 ], [ -6.253690437991305, 53.239616595242026, 0.0 ], [ -6.253998597386695, 53.237713947528633, 0.0 ], [ -6.2677043655368, 53.235477564615955, 0.0 ], [ -6.267924287195521, 53.23486280836061, 0.0 ], [ -6.26740758836214, 53.233357199383825, 0.0 ], [ -6.265041579493973, 53.231300293502379, 0.0 ], [ -6.263692813471916, 53.228534417388595, 0.0 ], [ -6.264074588830627, 53.227311981570324, 0.0 ], [ -6.262474771920782, 53.227035101350765, 0.0 ], [ -6.265183740115976, 53.226611038258646, 0.0 ], [ -6.266765189990969, 53.225767568018199, 0.0 ], [ -6.267596996366699, 53.22382270534959, 0.0 ], [ -6.267203103607673, 53.223200911449993, 0.0 ], [ -6.267692071470496, 53.222862775845677, 0.0 ], [ -6.26725251562207, 53.219752771198998, 0.0 ], [ -6.269682232490504, 53.216855426415179, 0.0 ], [ -6.269525230547507, 53.214402001300115, 0.0 ], [ -6.267329100001634, 53.212311013154086, 0.0 ], [ -6.268827948552682, 53.209557081826013, 0.0 ], [ -6.271121641566014, 53.209769438364397, 0.0 ], [ -6.275995375229675, 53.21111884711739, 0.0 ], [ -6.285221749548485, 53.217137789320702, 0.0 ], [ -6.291403211722283, 53.221742631514083, 0.0 ], [ -6.292146141264103, 53.222817597664964, 0.0 ], [ -6.298284311626218, 53.224331963120122, 0.0 ], [ -6.30195911810288, 53.224590580085902, 0.0 ], [ -6.30466929423773, 53.224559509978938, 0.0 ], [ -6.306415973788905, 53.225063248287938, 0.0 ], [ -6.308646650954394, 53.226291822039272, 0.0 ], [ -6.310876593862568, 53.228753635227172, 0.0 ], [ -6.314993061647209, 53.231722611264814, 0.0 ], [ -6.315927039125916, 53.232126537209489, 0.0 ], [ -6.317056015362533, 53.231711045791307, 0.0 ], [ -6.319994723691718, 53.23410547875347, 0.0 ], [ -6.323080545371275, 53.237780046957702, 0.0 ], [ -6.325479997089348, 53.239930535705042, 0.0 ], [ -6.326131479654806, 53.242361860142559, 0.0 ], [ -6.327328816963909, 53.244548359813315, 0.0 ], [ -6.326620934843321, 53.245295598715025, 0.0 ], [ -6.326659721533182, 53.24673714961191, 0.0 ], [ -6.328753580953201, 53.248040710676314, 0.0 ], [ -6.328329036799231, 53.254475955114458, 0.0 ], [ -6.330609362568035, 53.254389178141444, 0.0 ], [ -6.331197816849396, 53.256223030589936, 0.0 ], [ -6.329098141856976, 53.256458411640764, 0.0 ], [ -6.329231280990773, 53.257650867329581, 0.0 ], [ -6.328369267133059, 53.259029720335292, 0.0 ], [ -6.33107375558557, 53.261403312181329, 0.0 ], [ -6.331384666553943, 53.26242963261857, 0.0 ], [ -6.330591545531121, 53.263121501920068, 0.0 ], [ -6.329380537324986, 53.265385403586315, 0.0 ], [ -6.327787314597716, 53.265152649770023, 0.0 ], [ -6.326555954613674, 53.264037990626626, 0.0 ], [ -6.326634967408855, 53.262540122815203, 0.0 ], [ -6.325884177365923, 53.261696905929988, 0.0 ], [ -6.325931323871232, 53.261094453609964, 0.0 ], [ -6.325125612289964, 53.260907864077197, 0.0 ], [ -6.324087125638078, 53.261745268922006, 0.0 ], [ -6.32249814428329, 53.26148095395029, 0.0 ], [ -6.322130076935495, 53.26207178778764, 0.0 ], [ -6.322441673595302, 53.26270885934435, 0.0 ], [ -6.322941720532614, 53.263452935386731, 0.0 ], [ -6.324386497126466, 53.264074389126847, 0.0 ], [ -6.325031585120812, 53.26503144968077, 0.0 ], [ -6.327862615853539, 53.266965024932524, 0.0 ], [ -6.32647598131374, 53.269359370486178, 0.0 ], [ -6.327049037373242, 53.270166022179822, 0.0 ], [ -6.327689891846427, 53.270712602367226, 0.0 ], [ -6.327831677195968, 53.270831169116448, 0.0 ], [ -6.328091621083555, 53.271049544781732, 0.0 ], [ -6.328725369196192, 53.271585593104149, 0.0 ], [ -6.329834951869169, 53.272646029401159, 0.0 ], [ -6.329835075466829, 53.272646031132659, 0.0 ], [ -6.330422673021581, 53.27250793234937, 0.0 ], [ -6.33149105051678, 53.272421231999871, 0.0 ], [ -6.332211297446514, 53.272395177015511, 0.0 ], [ -6.332120943469986, 53.273655056935041, 0.0 ], [ -6.330888049817214, 53.273865745143411, 0.0 ], [ -6.3310244694367, 53.274992267025119, 0.0 ], [ -6.331129439547566, 53.276640476605799, 0.0 ], [ -6.331411501255407, 53.279137049441516, 0.0 ], [ -6.331392058956324, 53.280118654884255, 0.0 ], [ -6.331237395915689, 53.280583520237734, 0.0 ], [ -6.331084358397892, 53.280898663741539, 0.0 ], [ -6.330336139843052, 53.282409451051258, 0.0 ], [ -6.330103643140546, 53.283550220434982, 0.0 ], [ -6.329543699399549, 53.284519759967424, 0.0 ], [ -6.330354710670015, 53.284509277865006, 0.0 ], [ -6.330185574433062, 53.285490493991674, 0.0 ], [ -6.330293215089703, 53.286333841134933, 0.0 ], [ -6.330170650835816, 53.286513957117045, 0.0 ], [ -6.329575300552956, 53.286347964230913, 0.0 ], [ -6.329319197413104, 53.286421764997435, 0.0 ], [ -6.32992291412242, 53.287423064702068, 0.0 ], [ -6.330491913269913, 53.288642828677986, 0.0 ], [ -6.32567468739926, 53.289576755419411, 0.0 ], [ -6.318212550807576, 53.292507347469851, 0.0 ], [ -6.31535012047018, 53.293641797967439, 0.0 ], [ -6.314415395282943, 53.293546885597173, 0.0 ], [ -6.31269981006906, 53.292470276529627, 0.0 ], [ -6.311492046498424, 53.292287886319343, 0.0 ], [ -6.31056408748916, 53.293147953034023, 0.0 ], [ -6.310500316861906, 53.295390700785077, 0.0 ], [ -6.310006773171105, 53.295838333728874, 0.0 ], [ -6.309233879844158, 53.295855510993874, 0.0 ], [ -6.307395099045217, 53.295579911188, 0.0 ], [ -6.306853838975886, 53.29533736379301, 0.0 ], [ -6.307215331310712, 53.294928765848525, 0.0 ], [ -6.308041806959656, 53.29465745471483, 0.0 ], [ -6.308309039794515, 53.294416944941418, 0.0 ], [ -6.308916380487863, 53.294258287762865, 0.0 ], [ -6.308567453463448, 53.29385470918055, 0.0 ], [ -6.308087532065973, 53.293500593994196, 0.0 ], [ -6.308015434220398, 53.293152264188379, 0.0 ], [ -6.307594898361748, 53.292757823232122, 0.0 ], [ -6.307728137228989, 53.29272681710755, 0.0 ], [ -6.307045783783648, 53.291475850680648, 0.0 ], [ -6.307107540738254, 53.291465941532771, 0.0 ], [ -6.306641080372156, 53.290997680374964, 0.0 ], [ -6.305310843857199, 53.290438586641251, 0.0 ], [ -6.304796847015561, 53.290240549157588, 0.0 ], [ -6.3050856201605, 53.289796318769959, 0.0 ], [ -6.304351747821806, 53.289636859340177, 0.0 ], [ -6.304280083868746, 53.289909443517878, 0.0 ], [ -6.303925596980178, 53.289848045299806, 0.0 ], [ -6.30378345077301, 53.289929164937519, 0.0 ] ] ] } },
{ "type": "Feature", "properties": { "name": "Dublin 1", "district_code": "D01" }, "geometry": { "type": "Polygon", "coordinates": [ [ [ -6.260362142607339, 53.361447109208768, 0.0 ], [ -6.260118506000807, 53.361602289447873, 0.0 ], [ -6.259628592956024, 53.361493847739155, 0.0 ], [ -6.259539205156753, 53.361601211868212, 0.0 ], [ -6.259232879410329, 53.361512703511302, 0.0 ], [ -6.255704394500155, 53.360620866378561, 0.0 ], [ -6.252087966574498, 53.359743724593329, 0.0 ], [ -6.25093641611274, 53.359498009872866, 0.0 ], [ -6.249381710966549, 53.359093659417177, 0.0 ], [ -6.247440177359241, 53.358209027307836, 0.0 ], [ -6.246119513478437, 53.357499593663618, 0.0 ], [ -6.244268399949893, 53.356531748076023, 0.0 ], [ -6.242455777042074, 53.355202661965038, 0.0 ], [ -6.241441904414567, 53.354455179072559, 0.0 ], [ -6.240220061346413, 53.352633486703979, 0.0 ], [ -6.240084671192879, 53.350957781605999, 0.0 ], [ -6.237334602452553, 53.35081076444245, 0.0 ], [ -6.237118711189463, 53.350398158267886, 0.0 ], [ -6.236552881756675, 53.350359506157282, 0.0 ], [ -6.234946003753086, 53.35025458150411, 0.0 ], [ -6.23348358202394, 53.351183450362299, 0.0 ], [ -6.232469512254216, 53.351195307196747, 0.0 ], [ -6.230255352160327, 53.351417663728036, 0.0 ], [ -6.226066477996272, 53.351318786046527, 0.0 ], [ -6.22524876386113, 53.352598244889961, 0.0 ], [ -6.226543042282753, 53.353379247891631, 0.0 ], [ -6.224722700332414, 53.354210740085932, 0.0 ], [ -6.220910462057255, 53.353796853169456, 0.0 ], [ -6.219037874909753, 53.353382150137861, 0.0 ], [ -6.217058452285243, 53.353144239062146, 0.0 ], [ -6.214753421185486, 53.353556042634644, 0.0 ], [ -6.212390227794677, 53.352985136440076, 0.0 ], [ -6.210540190678538, 53.352034932919906, 0.0 ], [ -6.207215312421427, 53.351866015136792, 0.0 ], [ -6.206188193019044, 53.353494902418767, 0.0 ], [ -6.195936979164228, 53.35320956355767, 0.0 ], [ -6.195642819344335, 53.350406054875428, 0.0 ], [ -6.191717469924343, 53.35043660049238, 0.0 ], [ -6.191783224541783, 53.349805176529109, 0.0 ], [ -6.190815069017843, 53.349754186769822, 0.0 ], [ -6.190782540793178, 53.3504783346553, 0.0 ], [ -6.189198444677198, 53.350352644938773, 0.0 ], [ -6.189231014022474, 53.348038187661949, 0.0 ], [ -6.189926221490596, 53.348153181649501, 0.0 ], [ -6.189783627589269, 53.346477924951472, 0.0 ], [ -6.191482221214422, 53.34652930208668, 0.0 ], [ -6.191187495005804, 53.348314416091391, 0.0 ], [ -6.193325797935782, 53.348284705619434, 0.0 ], [ -6.193321596791187, 53.345264195052614, 0.0 ], [ -6.192890246618524, 53.34515600386861, 0.0 ], [ -6.197589855027979, 53.344963557495717, 0.0 ], [ -6.197991088517909, 53.345477640074897, 0.0 ], [ -6.197945560851851, 53.347546789466243, 0.0 ], [ -6.198148712243836, 53.348075945684457, 0.0 ], [ -6.198642804621389, 53.348119180249242, 0.0 ], [ -6.200082471371423, 53.348054799639854, 0.0 ], [ -6.20033226109979, 53.345113086852145, 0.0 ], [ -6.203028939134195, 53.345195710061837, 0.0 ], [ -6.203207340987015, 53.344682735710386, 0.0 ], [ -6.212423811675528, 53.345447131341771, 0.0 ], [ -6.215927653836284, 53.348607650418359, 0.0 ], [ -6.221803786242232, 53.348916125429, 0.0 ], [ -6.221435654458402, 53.348069511905166, 0.0 ], [ -6.218852684454042, 53.347798092078222, 0.0 ], [ -6.221509873980177, 53.347973993902549, 0.0 ], [ -6.222006053616303, 53.349080839552826, 0.0 ], [ -6.22254809036852, 53.348952203610096, 0.0 ], [ -6.223138503525434, 53.349492207015103, 0.0 ], [ -6.224101145326223, 53.346967521505157, 0.0 ], [ -6.217260351112945, 53.346483946461674, 0.0 ], [ -6.216339281060386, 53.34573655296505, 0.0 ], [ -6.227242559764242, 53.346501546653847, 0.0 ], [ -6.227381566832881, 53.345563704602938, 0.0 ], [ -6.2300310485486, 53.346117440797649, 0.0 ], [ -6.235865955638153, 53.346506136941571, 0.0 ], [ -6.236836133879561, 53.346573509272837, 0.0 ], [ -6.237901839249159, 53.346646598969294, 0.0 ], [ -6.240282730484243, 53.346808473928071, 0.0 ], [ -6.240670278429163, 53.346834412971951, 0.0 ], [ -6.243392833132762, 53.347020947698326, 0.0 ], [ -6.2438672406315, 53.347052559395998, 0.0 ], [ -6.244418773748032, 53.347091506005178, 0.0 ], [ -6.244846621871813, 53.347119642323641, 0.0 ], [ -6.24765035017723, 53.347366686241784, 0.0 ], [ -6.251762315270684, 53.347801550412882, 0.0 ], [ -6.254683847597226, 53.347862838993386, 0.0 ], [ -6.254943022947648, 53.347853507125208, 0.0 ], [ -6.25746772964985, 53.347605748633526, 0.0 ], [ -6.25908865037875, 53.347270599633248, 0.0 ], [ -6.260903430775503, 53.346843877913479, 0.0 ], [ -6.261829277443868, 53.346625652352984, 0.0 ], [ -6.262271761427323, 53.346519474977427, 0.0 ], [ -6.263088251841545, 53.346327600400208, 0.0 ], [ -6.26555653655717, 53.345961823017355, 0.0 ], [ -6.267758745179848, 53.345692440864369, 0.0 ], [ -6.267915088930985, 53.345670801953965, 0.0 ], [ -6.268495607420029, 53.346636027696277, 0.0 ], [ -6.268393451748054, 53.346659352679858, 0.0 ], [ -6.268645399615656, 53.347197989721401, 0.0 ], [ -6.268587093660249, 53.347282531989961, 0.0 ], [ -6.268788662226078, 53.347725521628568, 0.0 ], [ -6.268983314947687, 53.348116098926972, 0.0 ], [ -6.269011746258198, 53.3483928101627, 0.0 ], [ -6.269481079229728, 53.348363934987901, 0.0 ], [ -6.269796470618739, 53.349334116333971, 0.0 ], [ -6.269501645200034, 53.349483269977817, 0.0 ], [ -6.269545384059951, 53.349568753386386, 0.0 ], [ -6.269730132365297, 53.349873887165202, 0.0 ], [ -6.270583615712397, 53.349775795608423, 0.0 ], [ -6.270296216861599, 53.349808840855381, 0.0 ], [ -6.270303062469945, 53.350236420980387, 0.0 ], [ -6.270333570072633, 53.350841502364929, 0.0 ], [ -6.270545786590158, 53.350713260360166, 0.0 ], [ -6.270914737254357, 53.350621444755205, 0.0 ], [ -6.271522044320847, 53.35084829886533, 0.0 ], [ -6.27165111640823, 53.35190224213612, 0.0 ], [ -6.273048911765065, 53.351886798185653, 0.0 ], [ -6.27317032645358, 53.352067691005921, 0.0 ], [ -6.273381937498402, 53.352101493146144, 0.0 ], [ -6.272988591708321, 53.35395789336323, 0.0 ], [ -6.272539312608364, 53.354080730442838, 0.0 ], [ -6.268938904251855, 53.352850282407864, 0.0 ], [ -6.268763060179709, 53.353092570854933, 0.0 ], [ -6.269326391934454, 53.353325898554473, 0.0 ], [ -6.269175597907214, 53.353408650125466, 0.0 ], [ -6.268900907530433, 53.353552431869403, 0.0 ], [ -6.268187608671179, 53.353888667688132, 0.0 ], [ -6.267426823585931, 53.353727519508141, 0.0 ], [ -6.266916341336993, 53.354210234862883, 0.0 ], [ -6.267387028114312, 53.354387847115426, 0.0 ], [ -6.266615505559517, 53.354655996141233, 0.0 ], [ -6.267435950607756, 53.354993106615971, 0.0 ], [ -6.266933861344259, 53.355518997590949, 0.0 ], [ -6.266860356369081, 53.355596037771171, 0.0 ], [ -6.266209335889807, 53.35541939865049, 0.0 ], [ -6.265651362433431, 53.356063836147314, 0.0 ], [ -6.265446577578962, 53.356471801843995, 0.0 ], [ -6.264720569936244, 53.357295804180893, 0.0 ], [ -6.264052258556251, 53.357577661879596, 0.0 ], [ -6.263722190651162, 53.358180284933958, 0.0 ], [ -6.263772488941099, 53.358207981532153, 0.0 ], [ -6.263594177226311, 53.358262821749335, 0.0 ], [ -6.263367114315868, 53.358449978176488, 0.0 ], [ -6.262972405508713, 53.358706869444589, 0.0 ], [ -6.262653933703392, 53.358978172038427, 0.0 ], [ -6.262382205860721, 53.359142115818379, 0.0 ], [ -6.261948495375901, 53.35903863644959, 0.0 ], [ -6.261732526506018, 53.359275656390828, 0.0 ], [ -6.262374923028173, 53.359488596377332, 0.0 ], [ -6.262254746182665, 53.359615917458363, 0.0 ], [ -6.261770127105073, 53.359654878788866, 0.0 ], [ -6.261677245622264, 53.359778282551524, 0.0 ], [ -6.261777024716648, 53.359850743181681, 0.0 ], [ -6.261689117827927, 53.359839755314702, 0.0 ], [ -6.261416207773272, 53.360248609309885, 0.0 ], [ -6.261073973792315, 53.360171716567386, 0.0 ], [ -6.260645587212047, 53.360637086121976, 0.0 ], [ -6.26095850712871, 53.360721822042024, 0.0 ], [ -6.26085545114809, 53.360781530024049, 0.0 ], [ -6.260996709001224, 53.360961376125744, 0.0 ], [ -6.260530711368405, 53.361047792165223, 0.0 ], [ -6.26044464073654, 53.361198528640962, 0.0 ], [ -6.260338072519573, 53.361271397698687, 0.0 ], [ -6.260362142607339, 53.361447109208768, 0.0 ] ] ] } },
{ "type": "Feature", "properties": { "name": "Dublin 2", "district_code": "D02" }, "geometry": { "type": "Polygon", "coordinates": [ [ [ -6.253441169497263, 53.331912746500684, 0.0 ], [ -6.254899624873001, 53.331602962435042, 0.0 ], [ -6.257439867409425, 53.331065924697512, 0.0 ], [ -6.257602335097187, 53.331032614371615, 0.0 ], [ -6.258749783493239, 53.330780529283651, 0.0 ], [ -6.259926958191897, 53.330524912007412, 0.0 ], [ -6.26017246268491, 53.330465485043767, 0.0 ], [ -6.263265330857062, 53.330118035905492, 0.0 ], [ -6.263354838436375, 53.330115563936765, 0.0 ], [ -6.26399332997789, 53.330103105922404, 0.0 ], [ -6.264272630766764, 53.33009251934083, 0.0 ], [ -6.264726345133331, 53.330080514545415, 0.0 ], [ -6.264891396466242, 53.331331836618318, 0.0 ], [ -6.265077649897719, 53.331319535143159, 0.0 ], [ -6.265203454224769, 53.331878278329185, 0.0 ], [ -6.265250776160808, 53.332244070254028, 0.0 ], [ -6.264803636902092, 53.332279632228953, 0.0 ], [ -6.2648432575062, 53.332581855066181, 0.0 ], [ -6.26547769523843, 53.333680370437577, 0.0 ], [ -6.265663812225993, 53.334117299863081, 0.0 ], [ -6.265955707210044, 53.334560080926416, 0.0 ], [ -6.265627656315827, 53.334822173781696, 0.0 ], [ -6.266045822821787, 53.334945819135349, 0.0 ], [ -6.265733764427237, 53.335375326562541, 0.0 ], [ -6.26562141287597, 53.335381962406728, 0.0 ], [ -6.2656639424801, 53.335484507700059, 0.0 ], [ -6.265880272622264, 53.336104966884932, 0.0 ], [ -6.265827278076708, 53.336327465139981, 0.0 ], [ -6.26586756735208, 53.336412001232304, 0.0 ], [ -6.265853536720917, 53.336412875871289, 0.0 ], [ -6.266090842674924, 53.33740179887667, 0.0 ], [ -6.265752672155096, 53.337430499478515, 0.0 ], [ -6.26583230811372, 53.33770525997717, 0.0 ], [ -6.266504027930401, 53.33769165293014, 0.0 ], [ -6.266333230030192, 53.337917652723341, 0.0 ], [ -6.266333209085878, 53.338186850982176, 0.0 ], [ -6.266315392449211, 53.33835736911508, 0.0 ], [ -6.266775867092853, 53.338364059922874, 0.0 ], [ -6.266958481578055, 53.339272999519437, 0.0 ], [ -6.266908803382472, 53.339416809126057, 0.0 ], [ -6.266460966432504, 53.339693702495161, 0.0 ], [ -6.267245970328734, 53.339776743053804, 0.0 ], [ -6.267275456185177, 53.340069829118654, 0.0 ], [ -6.266540208288389, 53.340030295891346, 0.0 ], [ -6.266394035952017, 53.340720717546631, 0.0 ], [ -6.266273040436205, 53.340753833738766, 0.0 ], [ -6.265892435216363, 53.341207961856917, 0.0 ], [ -6.265723654209305, 53.341310581244024, 0.0 ], [ -6.265598691213686, 53.341413927300344, 0.0 ], [ -6.265585776728971, 53.341478814571055, 0.0 ], [ -6.266060618682627, 53.341498570002742, 0.0 ], [ -6.266083491695479, 53.341487397458266, 0.0 ], [ -6.2661612790346, 53.341612565971765, 0.0 ], [ -6.266520319674992, 53.341690048972076, 0.0 ], [ -6.267454866398578, 53.341488984582377, 0.0 ], [ -6.268541074227985, 53.342374727136033, 0.0 ], [ -6.268621213684975, 53.342652998115852, 0.0 ], [ -6.268891955584138, 53.343011603436466, 0.0 ], [ -6.269230836445194, 53.343042855652136, 0.0 ], [ -6.269918179141281, 53.342933011523506, 0.0 ], [ -6.269929313241004, 53.343171990892955, 0.0 ], [ -6.270086748463648, 53.343575958823138, 0.0 ], [ -6.2700214658464, 53.343799359021688, 0.0 ], [ -6.26963755438273, 53.343836845323501, 0.0 ], [ -6.268852599147944, 53.343983022264894, 0.0 ], [ -6.268725311598857, 53.344021442630698, 0.0 ], [ -6.268374929219354, 53.344127092984365, 0.0 ], [ -6.267635137582841, 53.344234548905021, 0.0 ], [ -6.267738810058539, 53.344656434899107, 0.0 ], [ -6.267822724633645, 53.344862944983127, 0.0 ], [ -6.268141611594113, 53.345647574965483, 0.0 ], [ -6.267915088930985, 53.345670801953965, 0.0 ], [ -6.267758745179848, 53.345692440864369, 0.0 ], [ -6.26555653655717, 53.345961823017355, 0.0 ], [ -6.263088251841545, 53.346327600400208, 0.0 ], [ -6.262271761427323, 53.346519474977427, 0.0 ], [ -6.261829277443868, 53.346625652352984, 0.0 ], [ -6.260903430775503, 53.346843877913479, 0.0 ], [ -6.25908865037875, 53.347270599633248, 0.0 ], [ -6.25746772964985, 53.347605748633526, 0.0 ], [ -6.254943022947648, 53.347853507125208, 0.0 ], [ -6.254683847597226, 53.347862838993386, 0.0 ], [ -6.251762315270684, 53.347801550412882, 0.0 ], [ -6.24765035017723, 53.347366686241784, 0.0 ], [ -6.244846621871813, 53.347119642323641, 0.0 ], [ -6.244418773748032, 53.347091506005178, 0.0 ], [ -6.2438672406315, 53.347052559395998, 0.0 ], [ -6.243392833132762, 53.347020947698326, 0.0 ], [ -6.240670278429163, 53.346834412971951, 0.0 ], [ -6.240282730484243, 53.346808473928071, 0.0 ], [ -6.237901839249159, 53.346646598969294, 0.0 ], [ -6.236836133879561, 53.346573509272837, 0.0 ], [ -6.235865955638153, 53.346506136941571, 0.0 ], [ -6.2300310485486, 53.346117440797649, 0.0 ], [ -6.229565544419605, 53.343985069079942, 0.0 ], [ -6.230706357043637, 53.343929726758809, 0.0 ], [ -6.231452069878793, 53.342735721064997, 0.0 ], [ -6.231587825142975, 53.342553293344366, 0.0 ], [ -6.232163295232853, 53.342628784914069, 0.0 ], [ -6.234050772192812, 53.342782754539243, 0.0 ], [ -6.235555804556928, 53.342905422006496, 0.0 ], [ -6.236503566290059, 53.342982712754008, 0.0 ], [ -6.237056524279671, 53.343027737045368, 0.0 ], [ -6.23726688090384, 53.342252458535356, 0.0 ], [ -6.237810271369292, 53.339654777538996, 0.0 ], [ -6.238964405725762, 53.340198803813671, 0.0 ], [ -6.239170118001485, 53.339234429395617, 0.0 ], [ -6.238439055122554, 53.338781771904856, 0.0 ], [ -6.238742193499549, 53.338603066024483, 0.0 ], [ -6.239904549282564, 53.337828351290597, 0.0 ], [ -6.240332273586368, 53.337544338916608, 0.0 ], [ -6.241034652189507, 53.337080923719874, 0.0 ], [ -6.242323850242599, 53.336240463907131, 0.0 ], [ -6.245447398561916, 53.334251493766274, 0.0 ], [ -6.245575135462403, 53.334192881175817, 0.0 ], [ -6.247470344208789, 53.333624724525109, 0.0 ], [ -6.251412351155262, 53.332426906688752, 0.0 ], [ -6.252763715347059, 53.332056615555615, 0.0 ], [ -6.253441169497263, 53.331912746500684, 0.0 ] ] ] } },
{ "type": "Feature", "properties": { "name": "Dublin 3", "district_code": "D03" }, "geometry": { "type": "MultiPolygon", "coordinates": [ [ [ [ -6.167217178320615, 53.370867338065217, 0.0 ], [ -6.164590664987074, 53.374091903324711, 0.0 ], [ -6.16169439345876, 53.373047638770316, 0.0 ], [ -6.151871850524265, 53.371616521065661, 0.0 ], [ -6.149897595610545, 53.37063037492765, 0.0 ], [ -6.145975273161739, 53.367476325384871, 0.0 ], [ -6.154482270469438, 53.36192204995222, 0.0 ], [ -6.164526872037953, 53.353501704573723, 0.0 ], [ -6.16519948702844, 53.352496272212242, 0.0 ], [ -6.161950067020944, 53.350919220089644, 0.0 ], [ -6.162091932813857, 53.350749187882087, 0.0 ], [ -6.179375574154282, 53.35925066554136, 0.0 ], [ -6.177823721513836, 53.358684799296618, 0.0 ], [ -6.177239724882511, 53.358832277072928, 0.0 ], [ -6.176363963477946, 53.358595175352917, 0.0 ], [ -6.17344784654009, 53.359458037067256, 0.0 ], [ -6.17311067553024, 53.36140415957459, 0.0 ], [ -6.172567194751168, 53.361843008674647, 0.0 ], [ -6.172461359124117, 53.36191545191047, 0.0 ], [ -6.171925714379704, 53.362356215829337, 0.0 ], [ -6.170346918673545, 53.363390488237101, 0.0 ], [ -6.170148540945022, 53.363346279615577, 0.0 ], [ -6.169659177724776, 53.363518811332327, 0.0 ], [ -6.170299271237353, 53.363388948692965, 0.0 ], [ -6.169207020721775, 53.36386403913184, 0.0 ], [ -6.169663959188584, 53.363757076379706, 0.0 ], [ -6.169497539088911, 53.364063004313543, 0.0 ], [ -6.168306858566568, 53.364500533330357, 0.0 ], [ -6.168257774248652, 53.364520902538501, 0.0 ], [ -6.168855327133972, 53.364502030020425, 0.0 ], [ -6.167653409815435, 53.365567667030767, 0.0 ], [ -6.166737385739454, 53.365896773555221, 0.0 ], [ -6.166525002998165, 53.365895667751758, 0.0 ], [ -6.166827347494024, 53.366125201751025, 0.0 ], [ -6.164669249077383, 53.36855142656924, 0.0 ], [ -6.161134280819691, 53.369513052379276, 0.0 ], [ -6.160150631821654, 53.370539463414779, 0.0 ], [ -6.159183334342925, 53.370903945438585, 0.0 ], [ -6.158991968302636, 53.371050110461333, 0.0 ], [ -6.158546776544182, 53.371448347561454, 0.0 ], [ -6.158284988134165, 53.371594773039128, 0.0 ], [ -6.157679581898653, 53.372143516379175, 0.0 ], [ -6.15803579210249, 53.372368511002094, 0.0 ], [ -6.161705887580494, 53.372780771498157, 0.0 ], [ -6.164958354269088, 53.372635511067628, 0.0 ], [ -6.165290940850842, 53.371478968918566, 0.0 ], [ -6.166794135892227, 53.371152872013369, 0.0 ], [ -6.166495549919485, 53.371060109062057, 0.0 ], [ -6.166817682907957, 53.370757566106612, 0.0 ], [ -6.173817747192017, 53.36613971437427, 0.0 ], [ -6.176125165468394, 53.364220935332305, 0.0 ], [ -6.179264144689191, 53.362125598899439, 0.0 ], [ -6.180355233572783, 53.361566448372386, 0.0 ], [ -6.182121592591642, 53.360744421452338, 0.0 ], [ -6.181156968740994, 53.36014817522652, 0.0 ], [ -6.181857685044531, 53.360490074965071, 0.0 ], [ -6.186031074359786, 53.359208036225603, 0.0 ], [ -6.191775708402033, 53.357747166945046, 0.0 ], [ -6.193741015504282, 53.357711318679755, 0.0 ], [ -6.196183609154002, 53.358421225869684, 0.0 ], [ -6.198682164912798, 53.359107748630002, 0.0 ], [ -6.203212661815718, 53.359792564717822, 0.0 ], [ -6.204674402078465, 53.359792994729311, 0.0 ], [ -6.205148567145943, 53.35925822208408, 0.0 ], [ -6.205722867567092, 53.359368786822245, 0.0 ], [ -6.205631500681579, 53.359797324266331, 0.0 ], [ -6.209948799417093, 53.359881673215845, 0.0 ], [ -6.212158033536461, 53.360065438741415, 0.0 ], [ -6.215124937617754, 53.360913319550498, 0.0 ], [ -6.216293606956589, 53.361398006745247, 0.0 ], [ -6.217864384954771, 53.362032501184018, 0.0 ], [ -6.220577419006995, 53.362578580615008, 0.0 ], [ -6.224189667615768, 53.360653439512788, 0.0 ], [ -6.227314326392039, 53.360078089885697, 0.0 ], [ -6.231574607368171, 53.358293941854797, 0.0 ], [ -6.233783696846828, 53.358091797222457, 0.0 ], [ -6.233871448629543, 53.358019392166263, 0.0 ], [ -6.231089041917298, 53.357323290066894, 0.0 ], [ -6.228859968952746, 53.358644309882969, 0.0 ], [ -6.22700935927962, 53.359188661750181, 0.0 ], [ -6.217949570485802, 53.357099105064094, 0.0 ], [ -6.210427723022437, 53.356691713028496, 0.0 ], [ -6.210779845987311, 53.353622359286966, 0.0 ], [ -6.206188193019044, 53.353494902418767, 0.0 ], [ -6.207215312421427, 53.351866015136792, 0.0 ], [ -6.210540190678538, 53.352034932919906, 0.0 ], [ -6.212390227794677, 53.352985136440076, 0.0 ], [ -6.214753421185486, 53.353556042634644, 0.0 ], [ -6.217058452285243, 53.353144239062146, 0.0 ], [ -6.219037874909753, 53.353382150137861, 0.0 ], [ -6.220910462057255, 53.353796853169456, 0.0 ], [ -6.224722700332414, 53.354210740085932, 0.0 ], [ -6.226543042282753, 53.353379247891631, 0.0 ], [ -6.22524876386113, 53.352598244889961, 0.0 ], [ -6.226066477996272, 53.351318786046527, 0.0 ], [ -6.230255352160327, 53.351417663728036, 0.0 ], [ -6.232469512254216, 53.351195307196747, 0.0 ], [ -6.23348358202394, 53.351183450362299, 0.0 ], [ -6.234946003753086, 53.35025458150411, 0.0 ], [ -6.236552881756675, 53.350359506157282, 0.0 ], [ -6.237118711189463, 53.350398158267886, 0.0 ], [ -6.237334602452553, 53.35081076444245, 0.0 ], [ -6.240084671192879, 53.350957781605999, 0.0 ], [ -6.240220061346413, 53.352633486703979, 0.0 ], [ -6.241441904414567, 53.354455179072559, 0.0 ], [ -6.242455777042074, 53.355202661965038, 0.0 ], [ -6.244268399949893, 53.356531748076023, 0.0 ], [ -6.246119513478437, 53.357499593663618, 0.0 ], [ -6.247440177359241, 53.358209027307836, 0.0 ], [ -6.249381710966549, 53.359093659417177, 0.0 ], [ -6.25093641611274, 53.359498009872866, 0.0 ], [ -6.252087966574498, 53.359743724593329, 0.0 ], [ -6.255704394500155, 53.360620866378561, 0.0 ], [ -6.259232879410329, 53.361512703511302, 0.0 ], [ -6.259029701065413, 53.36160249804508, 0.0 ], [ -6.259033944265789, 53.361604807012839, 0.0 ], [ -6.258963774252057, 53.361708855801758, 0.0 ], [ -6.258322113484462, 53.362243101089057, 0.0 ], [ -6.257760078593201, 53.362805739940264, 0.0 ], [ -6.257232291673544, 53.363291038181671, 0.0 ], [ -6.257633510970511, 53.363420125924939, 0.0 ], [ -6.257338308727432, 53.363735976493707, 0.0 ], [ -6.255704911506383, 53.363851160067199, 0.0 ], [ -6.255426807936577, 53.364506382399341, 0.0 ], [ -6.254640400590143, 53.364362216456364, 0.0 ], [ -6.253574609448779, 53.36619766271167, 0.0 ], [ -6.251993948382518, 53.366780956683542, 0.0 ], [ -6.253062633073501, 53.36730902566125, 0.0 ], [ -6.25325330243044, 53.368146914337906, 0.0 ], [ -6.255184276031386, 53.368312143350607, 0.0 ], [ -6.254994936904219, 53.368723373201782, 0.0 ], [ -6.254677551987949, 53.369228724539482, 0.0 ], [ -6.254354721042588, 53.368706190208982, 0.0 ], [ -6.254118699192388, 53.368973643057252, 0.0 ], [ -6.251727049984265, 53.368489307591425, 0.0 ], [ -6.250669080310404, 53.367566350468344, 0.0 ], [ -6.249944114738277, 53.367482466867948, 0.0 ], [ -6.24941306196969, 53.367814074073188, 0.0 ], [ -6.248522393992998, 53.36753962691715, 0.0 ], [ -6.248775226260918, 53.36710776685856, 0.0 ], [ -6.247399018656834, 53.366696574345383, 0.0 ], [ -6.246485960720642, 53.368181143480619, 0.0 ], [ -6.246211886030425, 53.368456560702377, 0.0 ], [ -6.244418842936555, 53.368382828369469, 0.0 ], [ -6.243492942509573, 53.370197144981368, 0.0 ], [ -6.239689275577896, 53.369503652222804, 0.0 ], [ -6.239577983620396, 53.369861001613849, 0.0 ], [ -6.239065462518345, 53.371083752911581, 0.0 ], [ -6.238908510238925, 53.371490043082979, 0.0 ], [ -6.239021724893517, 53.371515982018053, 0.0 ], [ -6.238942771065565, 53.371587981371519, 0.0 ], [ -6.238768122377345, 53.371828266745709, 0.0 ], [ -6.23819613654728, 53.371745670880934, 0.0 ], [ -6.238252546793303, 53.371478114247346, 0.0 ], [ -6.238173795354185, 53.371851492389311, 0.0 ], [ -6.23784865407104, 53.371755640834245, 0.0 ], [ -6.237165962510591, 53.371535412937568, 0.0 ], [ -6.236266210255837, 53.371252830565695, 0.0 ], [ -6.236178381579347, 53.371251532507976, 0.0 ], [ -6.236044558160657, 53.371559379929764, 0.0 ], [ -6.235619786128771, 53.371406052703357, 0.0 ], [ -6.235583147026225, 53.370955019285766, 0.0 ], [ -6.232051148010033, 53.369644119670653, 0.0 ], [ -6.231893984928158, 53.369703900194537, 0.0 ], [ -6.231568632956395, 53.36992801058642, 0.0 ], [ -6.231051401696129, 53.36973941090082, 0.0 ], [ -6.231358831226872, 53.36936753876153, 0.0 ], [ -6.228066728718404, 53.368261321858071, 0.0 ], [ -6.227736820314701, 53.368269545713495, 0.0 ], [ -6.227220502248034, 53.368071774642772, 0.0 ], [ -6.226757112506457, 53.368172389716555, 0.0 ], [ -6.226347799846306, 53.368454021747773, 0.0 ], [ -6.225419230892515, 53.369368796319328, 0.0 ], [ -6.226410774988121, 53.369793222454739, 0.0 ], [ -6.230420954624392, 53.370535862619228, 0.0 ], [ -6.23147794321253, 53.370998068354872, 0.0 ], [ -6.229904497228811, 53.371867905093879, 0.0 ], [ -6.231233498811472, 53.373187942405018, 0.0 ], [ -6.230701512579354, 53.374362103518493, 0.0 ], [ -6.227043809041088, 53.373585433799484, 0.0 ], [ -6.226756984234151, 53.373680492779947, 0.0 ], [ -6.226356467878535, 53.374303989733185, 0.0 ], [ -6.224236384486168, 53.37376992847328, 0.0 ], [ -6.224050607656427, 53.373226788931404, 0.0 ], [ -6.223314133970382, 53.373188952115385, 0.0 ], [ -6.22313244849354, 53.373420301895948, 0.0 ], [ -6.222274894687503, 53.373167453915137, 0.0 ], [ -6.222187939752978, 53.373237345762497, 0.0 ], [ -6.221902243275162, 53.373239650903209, 0.0 ], [ -6.221711695824971, 53.3733354131708, 0.0 ], [ -6.22159427863854, 53.37351756369651, 0.0 ], [ -6.221170877093225, 53.373662256626453, 0.0 ], [ -6.220763732019384, 53.374207887930041, 0.0 ], [ -6.220521348454253, 53.374755884779532, 0.0 ], [ -6.219769921243441, 53.374662884891343, 0.0 ], [ -6.220075298750139, 53.37431968322435, 0.0 ], [ -6.218597261293467, 53.374005870477582, 0.0 ], [ -6.219130588856657, 53.373461050796507, 0.0 ], [ -6.21990960344419, 53.373412181877264, 0.0 ], [ -6.219942453322884, 53.373352720019888, 0.0 ], [ -6.220443991966062, 53.373447835451792, 0.0 ], [ -6.220585655552493, 53.373213466104225, 0.0 ], [ -6.220678411842989, 53.373096653194139, 0.0 ], [ -6.220742892217848, 53.372974205449552, 0.0 ], [ -6.220240688009675, 53.372814904977282, 0.0 ], [ -6.215309746113801, 53.3721844424511, 0.0 ], [ -6.214757269520598, 53.372889939188838, 0.0 ], [ -6.213183245043949, 53.372564466007574, 0.0 ], [ -6.212748976087923, 53.373483307835322, 0.0 ], [ -6.209818358499804, 53.3723979093038, 0.0 ], [ -6.20936149298055, 53.37231132895235, 0.0 ], [ -6.208902981550047, 53.372615533345275, 0.0 ], [ -6.207691005687913, 53.371798996677853, 0.0 ], [ -6.208620421101588, 53.3715419543122, 0.0 ], [ -6.207968516867539, 53.370943343298507, 0.0 ], [ -6.207541927627251, 53.371033560956633, 0.0 ], [ -6.207380894157684, 53.371016311435142, 0.0 ], [ -6.206647150784715, 53.371168425104493, 0.0 ], [ -6.207540287472556, 53.371621640902838, 0.0 ], [ -6.20752309247077, 53.371853999869487, 0.0 ], [ -6.206825658741491, 53.371796513574729, 0.0 ], [ -6.205101887215295, 53.371376372967447, 0.0 ], [ -6.20422928707074, 53.371422748150358, 0.0 ], [ -6.203483122225228, 53.371716401158821, 0.0 ], [ -6.203023347365835, 53.371999711327142, 0.0 ], [ -6.203219975666673, 53.372352227176947, 0.0 ], [ -6.202790541068105, 53.372509437916619, 0.0 ], [ -6.202598030312142, 53.372647924704978, 0.0 ], [ -6.202452189109632, 53.372861447447875, 0.0 ], [ -6.202142314510479, 53.372834488609556, 0.0 ], [ -6.201930945182181, 53.372243558697562, 0.0 ], [ -6.201384385925352, 53.372012052941983, 0.0 ], [ -6.201282195236775, 53.372127989945334, 0.0 ], [ -6.197700245645129, 53.371552625801037, 0.0 ], [ -6.196928008207471, 53.372403659230059, 0.0 ], [ -6.196737939020461, 53.372621810051456, 0.0 ], [ -6.194682387332033, 53.372454020044025, 0.0 ], [ -6.194093431918851, 53.372662896111699, 0.0 ], [ -6.194221486299603, 53.37122121978355, 0.0 ], [ -6.194513458105129, 53.369186007465963, 0.0 ], [ -6.191561523808763, 53.36906616725453, 0.0 ], [ -6.190202249527674, 53.369184789933641, 0.0 ], [ -6.18931793694159, 53.36930044791518, 0.0 ], [ -6.189262171809182, 53.369320634469069, 0.0 ], [ -6.185167929060687, 53.368956162424674, 0.0 ], [ -6.182244108927022, 53.368296319587991, 0.0 ], [ -6.181432122286367, 53.369821404117985, 0.0 ], [ -6.177837849388474, 53.368833855798144, 0.0 ], [ -6.176224601015902, 53.370097781285558, 0.0 ], [ -6.172935979851879, 53.369630866760581, 0.0 ], [ -6.170362308897233, 53.368661949102183, 0.0 ], [ -6.167217178320615, 53.370867338065217, 0.0 ] ] ], [ [ [ -6.22025381437151, 53.375113134334462, 0.0 ], [ -6.219686106160854, 53.375557766065988, 0.0 ], [ -6.218992923855913, 53.375340153837435, 0.0 ], [ -6.21924452490722, 53.375130346746431, 0.0 ], [ -6.219546598296831, 53.374878418030242, 0.0 ], [ -6.220038119183577, 53.375017967445189, 0.0 ], [ -6.22025381437151, 53.375113134334462, 0.0 ] ] ] ] } },
{ "type": "Feature", "properties": { "name": "Dublin 4", "district_code": "D04" }, "geometry": { "type": "Polygon", "coordinates": [ [ [ -6.229593927559952, 53.309004429154633, 0.0 ], [ -6.23432701615268, 53.309090326383, 0.0 ], [ -6.234776098855336, 53.310028346879967, 0.0 ], [ -6.235630455155966, 53.310753135911206, 0.0 ], [ -6.235883627713935, 53.311268227975127, 0.0 ], [ -6.235325221923913, 53.311497259234933, 0.0 ], [ -6.235360610087609, 53.312118697676553, 0.0 ], [ -6.23631245209627, 53.31269895291701, 0.0 ], [ -6.238714954411044, 53.313137763222038, 0.0 ], [ -6.238729715262014, 53.313296355716332, 0.0 ], [ -6.239625252500642, 53.313541026815642, 0.0 ], [ -6.238344030340419, 53.313445977991762, 0.0 ], [ -6.237258936343551, 53.314160787341194, 0.0 ], [ -6.236602405440793, 53.314991671686109, 0.0 ], [ -6.236739449039149, 53.316153552854153, 0.0 ], [ -6.236285458877855, 53.316544843891151, 0.0 ], [ -6.236437453013449, 53.316779619659897, 0.0 ], [ -6.237214762014206, 53.316698440791164, 0.0 ], [ -6.23744436145002, 53.318015119436055, 0.0 ], [ -6.239000353296402, 53.317399392128614, 0.0 ], [ -6.239719272780277, 53.317693316656559, 0.0 ], [ -6.240020401635124, 53.317481411371737, 0.0 ], [ -6.241026039083217, 53.318124620324511, 0.0 ], [ -6.241307425776041, 53.317974260372388, 0.0 ], [ -6.241663121980091, 53.318527702674238, 0.0 ], [ -6.242188803462574, 53.318686634764425, 0.0 ], [ -6.242527454896192, 53.318938264826691, 0.0 ], [ -6.241906342577186, 53.319218445490819, 0.0 ], [ -6.24283129896962, 53.319871415098994, 0.0 ], [ -6.243100824831796, 53.319738673065331, 0.0 ], [ -6.245534442176314, 53.321726757561727, 0.0 ], [ -6.245319581499224, 53.321906059804782, 0.0 ], [ -6.246921593316619, 53.322370043361168, 0.0 ], [ -6.247387381703276, 53.322656694479875, 0.0 ], [ -6.246977069844061, 53.322735244940667, 0.0 ], [ -6.246860186359514, 53.322979986624333, 0.0 ], [ -6.246967597225803, 53.323337772111067, 0.0 ], [ -6.24734097161311, 53.323704409298031, 0.0 ], [ -6.247698078029477, 53.323567820389073, 0.0 ], [ -6.249046784567906, 53.324190651741873, 0.0 ], [ -6.249976410285726, 53.325076609449752, 0.0 ], [ -6.249621634654415, 53.325930416314762, 0.0 ], [ -6.247045151720691, 53.326568142120635, 0.0 ], [ -6.246114830475906, 53.326940424823768, 0.0 ], [ -6.246335053565952, 53.327044511464344, 0.0 ], [ -6.246800415952562, 53.327224916307422, 0.0 ], [ -6.247282994780422, 53.326985458811812, 0.0 ], [ -6.248157339410906, 53.327235684005302, 0.0 ], [ -6.247871050520686, 53.327444322248951, 0.0 ], [ -6.24773631276932, 53.327408457154895, 0.0 ], [ -6.246718299092588, 53.327998411546425, 0.0 ], [ -6.247245310038672, 53.328285243357094, 0.0 ], [ -6.247812251767592, 53.327903120507472, 0.0 ], [ -6.249341353830708, 53.328765708293105, 0.0 ], [ -6.249141826409114, 53.328893649534002, 0.0 ], [ -6.250275868056392, 53.329129334119408, 0.0 ], [ -6.250919079267146, 53.329440144757143, 0.0 ], [ -6.251412693915903, 53.329675684221399, 0.0 ], [ -6.251898857308003, 53.33009357482743, 0.0 ], [ -6.252507040224965, 53.330540934863023, 0.0 ], [ -6.252997284116696, 53.330438278576587, 0.0 ], [ -6.252503916849762, 53.330541608171643, 0.0 ], [ -6.253441169497263, 53.331912746500684, 0.0 ], [ -6.252763715347059, 53.332056615555615, 0.0 ], [ -6.251412351155262, 53.332426906688752, 0.0 ], [ -6.247470344208789, 53.333624724525109, 0.0 ], [ -6.245575135462403, 53.334192881175817, 0.0 ], [ -6.245447398561916, 53.334251493766274, 0.0 ], [ -6.242323850242599, 53.336240463907131, 0.0 ], [ -6.241034652189507, 53.337080923719874, 0.0 ], [ -6.240332273586368, 53.337544338916608, 0.0 ], [ -6.239904549282564, 53.337828351290597, 0.0 ], [ -6.238742193499549, 53.338603066024483, 0.0 ], [ -6.238439055122554, 53.338781771904856, 0.0 ], [ -6.239170118001485, 53.339234429395617, 0.0 ], [ -6.238964405725762, 53.340198803813671, 0.0 ], [ -6.237810271369292, 53.339654777538996, 0.0 ], [ -6.23726688090384, 53.342252458535356, 0.0 ], [ -6.237056524279671, 53.343027737045368, 0.0 ], [ -6.236503566290059, 53.342982712754008, 0.0 ], [ -6.235555804556928, 53.342905422006496, 0.0 ], [ -6.234050772192812, 53.342782754539243, 0.0 ], [ -6.232163295232853, 53.342628784914069, 0.0 ], [ -6.231587825142975, 53.342553293344366, 0.0 ], [ -6.231452069878793, 53.342735721064997, 0.0 ], [ -6.230706357043637, 53.343929726758809, 0.0 ], [ -6.229565544419605, 53.343985069079942, 0.0 ], [ -6.2300310485486, 53.346117440797649, 0.0 ], [ -6.227381566832881, 53.345563704602938, 0.0 ], [ -6.227434644611946, 53.345186085375573, 0.0 ], [ -6.226627781691552, 53.344847100155569, 0.0 ], [ -6.222286245794694, 53.34406531046595, 0.0 ], [ -6.217303495645312, 53.34334496951378, 0.0 ], [ -6.21671964433091, 53.343687327946533, 0.0 ], [ -6.215149742083462, 53.34352273501171, 0.0 ], [ -6.214990742936597, 53.34387431659448, 0.0 ], [ -6.197940143067275, 53.34236510285421, 0.0 ], [ -6.198905269255949, 53.340688608175505, 0.0 ], [ -6.201727109205631, 53.340992737728605, 0.0 ], [ -6.203001867268088, 53.341724722058075, 0.0 ], [ -6.203427653323556, 53.341702821484439, 0.0 ], [ -6.203560276484076, 53.341276523810286, 0.0 ], [ -6.203360165321513, 53.341124932947046, 0.0 ], [ -6.199692269109196, 53.340589480902587, 0.0 ], [ -6.198885870392499, 53.34058755583542, 0.0 ], [ -6.19748925514767, 53.341918850603363, 0.0 ], [ -6.195277364070126, 53.341912465807361, 0.0 ], [ -6.195023921977024, 53.341200079177135, 0.0 ], [ -6.19319266421701, 53.341165437707041, 0.0 ], [ -6.193722895815074, 53.341011047202606, 0.0 ], [ -6.193724656941677, 53.339808970129553, 0.0 ], [ -6.193383999207165, 53.33977468950637, 0.0 ], [ -6.192521998163402, 53.341198961995318, 0.0 ], [ -6.19158735730127, 53.3411421031538, 0.0 ], [ -6.191288648662472, 53.340801320017128, 0.0 ], [ -6.189509973353987, 53.34099365629848, 0.0 ], [ -6.188357847376182, 53.34081374624256, 0.0 ], [ -6.188081762071111, 53.341105630317493, 0.0 ], [ -6.188056388119553, 53.340815999163802, 0.0 ], [ -6.185682912188095, 53.340692829369111, 0.0 ], [ -6.180555578667303, 53.341014545183597, 0.0 ], [ -6.159742877885062, 53.341146619955275, 0.0 ], [ -6.151123108779157, 53.342160265619846, 0.0 ], [ -6.159635750755476, 53.341025421531583, 0.0 ], [ -6.176399169772971, 53.340851222006542, 0.0 ], [ -6.177864596225218, 53.340445137109626, 0.0 ], [ -6.179128974361904, 53.34055333730749, 0.0 ], [ -6.179780534032238, 53.339148059277825, 0.0 ], [ -6.181754080354857, 53.339006476967931, 0.0 ], [ -6.182634466747703, 53.337573751183086, 0.0 ], [ -6.192466622611891, 53.337436221848456, 0.0 ], [ -6.193269676714805, 53.33716723064849, 0.0 ], [ -6.194478356678962, 53.335088993133873, 0.0 ], [ -6.208109446031033, 53.336536893117191, 0.0 ], [ -6.209580664852274, 53.337252883039028, 0.0 ], [ -6.212449152753524, 53.335398640042428, 0.0 ], [ -6.212975354972251, 53.334389312851293, 0.0 ], [ -6.21066442412493, 53.332752499038158, 0.0 ], [ -6.208973582714012, 53.330276539807606, 0.0 ], [ -6.208844952752721, 53.32944228661222, 0.0 ], [ -6.208197005517322, 53.328128973810898, 0.0 ], [ -6.207433299477294, 53.326511998294016, 0.0 ], [ -6.206633796945998, 53.325448701565897, 0.0 ], [ -6.206301021893071, 53.324352420257291, 0.0 ], [ -6.206070565100538, 53.323370480658298, 0.0 ], [ -6.205766665983434, 53.321321145100683, 0.0 ], [ -6.205699769786404, 53.320941458626542, 0.0 ], [ -6.205553833328079, 53.320079165651698, 0.0 ], [ -6.205772193251818, 53.319055978190576, 0.0 ], [ -6.205195776526398, 53.318802192696438, 0.0 ], [ -6.203577235498558, 53.315715574398887, 0.0 ], [ -6.199159618543402, 53.312742378157893, 0.0 ], [ -6.199232226907747, 53.312699521243758, 0.0 ], [ -6.200737387055275, 53.311808927530109, 0.0 ], [ -6.20101869655697, 53.311804092882333, 0.0 ], [ -6.202775419118395, 53.311782850136645, 0.0 ], [ -6.205232588823565, 53.312254890636794, 0.0 ], [ -6.205550470098931, 53.312175003309434, 0.0 ], [ -6.206008138006326, 53.312752381261141, 0.0 ], [ -6.2060305996451, 53.312753977502389, 0.0 ], [ -6.208566537383331, 53.312254770398653, 0.0 ], [ -6.209014033293398, 53.311535769375951, 0.0 ], [ -6.211181729080343, 53.311060638414283, 0.0 ], [ -6.210846540314285, 53.310702457027318, 0.0 ], [ -6.213487451968297, 53.311197487204097, 0.0 ], [ -6.216959144380101, 53.309440710980603, 0.0 ], [ -6.216019245041386, 53.308739314070003, 0.0 ], [ -6.214241841569922, 53.309419379388913, 0.0 ], [ -6.212174946890014, 53.307772571514683, 0.0 ], [ -6.211753342826531, 53.307767778477235, 0.0 ], [ -6.211631225151147, 53.306644556549863, 0.0 ], [ -6.210604733442162, 53.306055160651994, 0.0 ], [ -6.210154343857337, 53.306354276715744, 0.0 ], [ -6.209942729653632, 53.305986891097731, 0.0 ], [ -6.208618489567796, 53.305660952048122, 0.0 ], [ -6.210329604983729, 53.304747356354881, 0.0 ], [ -6.208650852014091, 53.30357837845699, 0.0 ], [ -6.21394833592534, 53.301498106467292, 0.0 ], [ -6.215251190138504, 53.300957905640367, 0.0 ], [ -6.216707561466473, 53.302104949187687, 0.0 ], [ -6.219558036385526, 53.300963681450746, 0.0 ], [ -6.221019785706221, 53.29955499605564, 0.0 ], [ -6.221106662377577, 53.299566718589091, 0.0 ], [ -6.221848813891721, 53.299770947578523, 0.0 ], [ -6.222796724408747, 53.300268113729246, 0.0 ], [ -6.222420401235811, 53.301835380836046, 0.0 ], [ -6.221450090515217, 53.301805003922325, 0.0 ], [ -6.221229418287651, 53.302514131341646, 0.0 ], [ -6.221831276400336, 53.302599418431534, 0.0 ], [ -6.22179673983119, 53.302954034175208, 0.0 ], [ -6.221848340553075, 53.303338337552304, 0.0 ], [ -6.224928809734632, 53.304014044612245, 0.0 ], [ -6.224318817015492, 53.304487998503113, 0.0 ], [ -6.225894191474649, 53.304683931775408, 0.0 ], [ -6.229871107593698, 53.30445899572431, 0.0 ], [ -6.23168406105518, 53.304851088922781, 0.0 ], [ -6.23182892387815, 53.304624932524938, 0.0 ], [ -6.233923041018211, 53.305284968115174, 0.0 ], [ -6.234286457645264, 53.305097728961094, 0.0 ], [ -6.235681132576524, 53.306189871862877, 0.0 ], [ -6.23522040441844, 53.307914121445748, 0.0 ], [ -6.230317254349913, 53.307849374803048, 0.0 ], [ -6.229593927559952, 53.309004429154633, 0.0 ] ] ] } },
{ "type": "Feature", "properties": { "name": "Dublin 5", "district_code": "D05" }, "geometry": { "type": "Polygon", "coordinates": [ [ [ -6.193656171501544, 53.390432454135194, 0.0 ], [ -6.191659345817898, 53.391345810416112, 0.0 ], [ -6.190483647168937, 53.392195094071937, 0.0 ], [ -6.19010679603912, 53.392159359659807, 0.0 ], [ -6.190843433869396, 53.390706422974581, 0.0 ], [ -6.18449012643406, 53.391117887229086, 0.0 ], [ -6.184463008870518, 53.391181022102053, 0.0 ], [ -6.18423830805173, 53.392305277140707, 0.0 ], [ -6.184140464245373, 53.392794550219293, 0.0 ], [ -6.180287865880334, 53.392862255409987, 0.0 ], [ -6.18038831178083, 53.392095016374498, 0.0 ], [ -6.179253491577674, 53.392123282276977, 0.0 ], [ -6.179260248202855, 53.391567008703312, 0.0 ], [ -6.179220994536172, 53.391298378388534, 0.0 ], [ -6.178720838383758, 53.391316184823225, 0.0 ], [ -6.178717428843033, 53.391079470447643, 0.0 ], [ -6.178197122701069, 53.391072608875483, 0.0 ], [ -6.178151440743084, 53.391558539080137, 0.0 ], [ -6.17631781519154, 53.391505730487914, 0.0 ], [ -6.174938868198734, 53.3916982168533, 0.0 ], [ -6.174675965899871, 53.391984968967535, 0.0 ], [ -6.174133058879822, 53.39192642081322, 0.0 ], [ -6.174203512500932, 53.391607424374442, 0.0 ], [ -6.171747908911146, 53.391723717939513, 0.0 ], [ -6.171509984101364, 53.391268230344643, 0.0 ], [ -6.168744977303023, 53.391141980623829, 0.0 ], [ -6.167691231976066, 53.391125090355267, 0.0 ], [ -6.163801111779916, 53.390894621825574, 0.0 ], [ -6.161090746782734, 53.390804988332427, 0.0 ], [ -6.160367627659092, 53.390831147236028, 0.0 ], [ -6.157425045993954, 53.390324207430389, 0.0 ], [ -6.157351027982742, 53.39030949238456, 0.0 ], [ -6.155453046682362, 53.391365160628624, 0.0 ], [ -6.153684023657806, 53.391886189431013, 0.0 ], [ -6.14942126319576, 53.392075355766359, 0.0 ], [ -6.150369468751254, 53.39074584410973, 0.0 ], [ -6.149970034419987, 53.390591345855988, 0.0 ], [ -6.15099098811096, 53.388723835097124, 0.0 ], [ -6.147721649819641, 53.387477511916394, 0.0 ], [ -6.147334185468122, 53.387399501473958, 0.0 ], [ -6.144758524577966, 53.386114334937268, 0.0 ], [ -6.143171157320479, 53.385788450046199, 0.0 ], [ -6.14303368225284, 53.38549418904055, 0.0 ], [ -6.142428017436882, 53.386182082465048, 0.0 ], [ -6.141740101487597, 53.385259233659895, 0.0 ], [ -6.140736519901038, 53.385275513057444, 0.0 ], [ -6.142857754361463, 53.384602141808735, 0.0 ], [ -6.149934244358422, 53.381946771256345, 0.0 ], [ -6.155232275110976, 53.379548979712567, 0.0 ], [ -6.158759605980841, 53.377824383718846, 0.0 ], [ -6.160515316707958, 53.376570346598967, 0.0 ], [ -6.161551496288492, 53.375616828494707, 0.0 ], [ -6.161858298463311, 53.374497559671177, 0.0 ], [ -6.162488694984999, 53.374326691461434, 0.0 ], [ -6.161825041537523, 53.374270990100378, 0.0 ], [ -6.161974297105225, 53.373637631901268, 0.0 ], [ -6.161490229725164, 53.373272168933632, 0.0 ], [ -6.157760479388227, 53.372675888110265, 0.0 ], [ -6.155944221855211, 53.373169881248927, 0.0 ], [ -6.155514790421652, 53.37257980942497, 0.0 ], [ -6.153814764535967, 53.372228861598266, 0.0 ], [ -6.152512691653343, 53.372407084606643, 0.0 ], [ -6.152777397093774, 53.372680743732275, 0.0 ], [ -6.152336989451491, 53.373516496496656, 0.0 ], [ -6.151908068647677, 53.373425274339716, 0.0 ], [ -6.150484605796895, 53.374009398386505, 0.0 ], [ -6.150021229318608, 53.375528083444337, 0.0 ], [ -6.148248584979476, 53.37658908443391, 0.0 ], [ -6.147604178140041, 53.376809276357832, 0.0 ], [ -6.147255906242107, 53.376627428197523, 0.0 ], [ -6.148917071680198, 53.375473480650669, 0.0 ], [ -6.147505371253249, 53.375435666253409, 0.0 ], [ -6.147023190961062, 53.374957728579325, 0.0 ], [ -6.145651347655241, 53.375597875671012, 0.0 ], [ -6.142355836328717, 53.377679119052729, 0.0 ], [ -6.137311860101488, 53.379443031284211, 0.0 ], [ -6.129734044705903, 53.38097074589524, 0.0 ], [ -6.126779003862234, 53.38072863412868, 0.0 ], [ -6.121922253350885, 53.381331290477775, 0.0 ], [ -6.118491963065563, 53.38192505665824, 0.0 ], [ -6.114589615993428, 53.38317677113772, 0.0 ], [ -6.113094484113025, 53.38283342443475, 0.0 ], [ -6.11683511059041, 53.379692447719002, 0.0 ], [ -6.120256856832995, 53.378199933468245, 0.0 ], [ -6.125472552398944, 53.376651741789566, 0.0 ], [ -6.134091063113652, 53.373522125237216, 0.0 ], [ -6.141486159192031, 53.370013130540691, 0.0 ], [ -6.145975273161739, 53.367476325384871, 0.0 ], [ -6.149897595610545, 53.37063037492765, 0.0 ], [ -6.151871850524265, 53.371616521065661, 0.0 ], [ -6.16169439345876, 53.373047638770316, 0.0 ], [ -6.164590664987074, 53.374091903324711, 0.0 ], [ -6.167217178320615, 53.370867338065217, 0.0 ], [ -6.170362308897233, 53.368661949102183, 0.0 ], [ -6.172935979851879, 53.369630866760581, 0.0 ], [ -6.176224601015902, 53.370097781285558, 0.0 ], [ -6.177837849388474, 53.368833855798144, 0.0 ], [ -6.181432122286367, 53.369821404117985, 0.0 ], [ -6.182244108927022, 53.368296319587991, 0.0 ], [ -6.185167929060687, 53.368956162424674, 0.0 ], [ -6.189262171809182, 53.369320634469069, 0.0 ], [ -6.18931793694159, 53.36930044791518, 0.0 ], [ -6.190202249527674, 53.369184789933641, 0.0 ], [ -6.191561523808763, 53.36906616725453, 0.0 ], [ -6.194513458105129, 53.369186007465963, 0.0 ], [ -6.194221486299603, 53.37122121978355, 0.0 ], [ -6.194093431918851, 53.372662896111699, 0.0 ], [ -6.194682387332033, 53.372454020044025, 0.0 ], [ -6.196737939020461, 53.372621810051456, 0.0 ], [ -6.196928008207471, 53.372403659230059, 0.0 ], [ -6.197700245645129, 53.371552625801037, 0.0 ], [ -6.201282195236775, 53.372127989945334, 0.0 ], [ -6.201384385925352, 53.372012052941983, 0.0 ], [ -6.201930945182181, 53.372243558697562, 0.0 ], [ -6.202142314510479, 53.372834488609556, 0.0 ], [ -6.202452189109632, 53.372861447447875, 0.0 ], [ -6.202598030312142, 53.372647924704978, 0.0 ], [ -6.202790541068105, 53.372509437916619, 0.0 ], [ -6.203219975666673, 53.372352227176947, 0.0 ], [ -6.203023347365835, 53.371999711327142, 0.0 ], [ -6.203483122225228, 53.371716401158821, 0.0 ], [ -6.20422928707074, 53.371422748150358, 0.0 ], [ -6.205101887215295, 53.371376372967447, 0.0 ], [ -6.206825658741491, 53.371796513574729, 0.0 ], [ -6.20752309247077, 53.371853999869487, 0.0 ], [ -6.207540287472556, 53.371621640902838, 0.0 ], [ -6.206647150784715, 53.371168425104493, 0.0 ], [ -6.207380894157684, 53.371016311435142, 0.0 ], [ -6.207541927627251, 53.371033560956633, 0.0 ], [ -6.207968516867539, 53.370943343298507, 0.0 ], [ -6.208620421101588, 53.3715419543122, 0.0 ], [ -6.207691005687913, 53.371798996677853, 0.0 ], [ -6.208902981550047, 53.372615533345275, 0.0 ], [ -6.20936149298055, 53.37231132895235, 0.0 ], [ -6.209818358499804, 53.3723979093038, 0.0 ], [ -6.212748976087923, 53.373483307835322, 0.0 ], [ -6.213183245043949, 53.372564466007574, 0.0 ], [ -6.214757269520598, 53.372889939188838, 0.0 ], [ -6.215309746113801, 53.3721844424511, 0.0 ], [ -6.220240688009675, 53.372814904977282, 0.0 ], [ -6.220742892217848, 53.372974205449552, 0.0 ], [ -6.220678411842989, 53.373096653194139, 0.0 ], [ -6.220585655552493, 53.373213466104225, 0.0 ], [ -6.220443991966062, 53.373447835451792, 0.0 ], [ -6.219942453322884, 53.373352720019888, 0.0 ], [ -6.21990960344419, 53.373412181877264, 0.0 ], [ -6.219130588856657, 53.373461050796507, 0.0 ], [ -6.218597261293467, 53.374005870477582, 0.0 ], [ -6.220075298750139, 53.37431968322435, 0.0 ], [ -6.219769921243441, 53.374662884891343, 0.0 ], [ -6.219669898187058, 53.374775454094731, 0.0 ], [ -6.219546598296831, 53.374878418030242, 0.0 ], [ -6.21924452490722, 53.375130346746431, 0.0 ], [ -6.218992923855913, 53.375340153837435, 0.0 ], [ -6.218794356877749, 53.375505900428671, 0.0 ], [ -6.218634309454221, 53.375589259826064, 0.0 ], [ -6.218800713893589, 53.375721893791663, 0.0 ], [ -6.218738310247773, 53.375898301174246, 0.0 ], [ -6.218834759328219, 53.376020003845333, 0.0 ], [ -6.218774645664326, 53.376001939052095, 0.0 ], [ -6.218207184797172, 53.376027264298138, 0.0 ], [ -6.218702361420259, 53.376403175572477, 0.0 ], [ -6.216520331571934, 53.377674517652352, 0.0 ], [ -6.216375848486903, 53.377625439641456, 0.0 ], [ -6.216320700405548, 53.377773281611688, 0.0 ], [ -6.216314663107195, 53.377917722931826, 0.0 ], [ -6.217697155308129, 53.378476864403282, 0.0 ], [ -6.220406263678723, 53.379620600916525, 0.0 ], [ -6.220499352632491, 53.379647785244309, 0.0 ], [ -6.220735312207986, 53.379364577277464, 0.0 ], [ -6.221654956535748, 53.379126881848983, 0.0 ], [ -6.222871581178985, 53.379658503561188, 0.0 ], [ -6.222742151409093, 53.380426421464463, 0.0 ], [ -6.222173008063299, 53.380621709036646, 0.0 ], [ -6.223718573567974, 53.381490607051511, 0.0 ], [ -6.223037752113239, 53.383113910058306, 0.0 ], [ -6.222373447638538, 53.38473233180904, 0.0 ], [ -6.225141630808511, 53.385261320156708, 0.0 ], [ -6.226343528287377, 53.385451491334436, 0.0 ], [ -6.225593343330191, 53.386397051218047, 0.0 ], [ -6.227825843164204, 53.387380546887997, 0.0 ], [ -6.227035930438064, 53.388303324740228, 0.0 ], [ -6.226057576083393, 53.388702337964837, 0.0 ], [ -6.223647834441381, 53.388171876563923, 0.0 ], [ -6.223234355813817, 53.389352172141528, 0.0 ], [ -6.222960140237603, 53.390013939921275, 0.0 ], [ -6.22001429281141, 53.389789382756184, 0.0 ], [ -6.218802619426028, 53.391366364184179, 0.0 ], [ -6.219981835857681, 53.391948956769617, 0.0 ], [ -6.221514833865117, 53.392280284339016, 0.0 ], [ -6.225890699226395, 53.392738547823768, 0.0 ], [ -6.226762053445304, 53.392952742095126, 0.0 ], [ -6.227753966216823, 53.39308620785431, 0.0 ], [ -6.229315933750891, 53.393364384540163, 0.0 ], [ -6.229703498260786, 53.392969706863191, 0.0 ], [ -6.231887838349952, 53.393877895910386, 0.0 ], [ -6.232884023945523, 53.394154564629616, 0.0 ], [ -6.233619667575312, 53.394212371274072, 0.0 ], [ -6.233899826942321, 53.393811057422894, 0.0 ], [ -6.235277562569384, 53.393894530940507, 0.0 ], [ -6.236842719570872, 53.393404431692097, 0.0 ], [ -6.237633139402954, 53.393703098319975, 0.0 ], [ -6.238450215159872, 53.393368662702535, 0.0 ], [ -6.238796613037898, 53.392794572671335, 0.0 ], [ -6.240336962539192, 53.392500994066459, 0.0 ], [ -6.241403453334843, 53.392297218614004, 0.0 ], [ -6.240991819118548, 53.39350384478125, 0.0 ], [ -6.238649614910044, 53.397323997398452, 0.0 ], [ -6.236898116155224, 53.397035325493043, 0.0 ], [ -6.233653528817193, 53.39726060191451, 0.0 ], [ -6.232936315739412, 53.397310478036175, 0.0 ], [ -6.232849206139623, 53.396096316583431, 0.0 ], [ -6.230451263610407, 53.395559430006436, 0.0 ], [ -6.229900404379014, 53.396403797039362, 0.0 ], [ -6.228513963385261, 53.395945952389972, 0.0 ], [ -6.225863577427782, 53.395423832261045, 0.0 ], [ -6.224726639810073, 53.39779285823105, 0.0 ], [ -6.223887929198598, 53.397832064689474, 0.0 ], [ -6.223363805592044, 53.399224633424211, 0.0 ], [ -6.220988575547681, 53.398736521757151, 0.0 ], [ -6.219831880712105, 53.397992937876978, 0.0 ], [ -6.21526837765734, 53.397306494730451, 0.0 ], [ -6.216252994803243, 53.396062226821236, 0.0 ], [ -6.213997267571421, 53.395128414022153, 0.0 ], [ -6.21256556559065, 53.394530387286522, 0.0 ], [ -6.21073895852175, 53.393833485603054, 0.0 ], [ -6.209877876719105, 53.393532591202373, 0.0 ], [ -6.208806563061148, 53.393161663251455, 0.0 ], [ -6.205289721513247, 53.391943867891769, 0.0 ], [ -6.204417007211464, 53.391694261415118, 0.0 ], [ -6.201521995583413, 53.390739894340719, 0.0 ], [ -6.19849262109492, 53.393269355496592, 0.0 ], [ -6.195213957468051, 53.391282761481868, 0.0 ], [ -6.193656171501544, 53.390432454135194, 0.0 ] ] ] } },
{ "type": "Feature", "properties": { "name": "Dublin 6", "district_code": "D06" }, "geometry": { "type": "Polygon", "coordinates": [ [ [ -6.24773631276932, 53.327408457154895, 0.0 ], [ -6.247871050520686, 53.327444322248951, 0.0 ], [ -6.248157339410906, 53.327235684005302, 0.0 ], [ -6.247282994780422, 53.326985458811812, 0.0 ], [ -6.246800415952562, 53.327224916307422, 0.0 ], [ -6.246335053565952, 53.327044511464344, 0.0 ], [ -6.246114830475906, 53.326940424823768, 0.0 ], [ -6.247045151720691, 53.326568142120635, 0.0 ], [ -6.249621634654415, 53.325930416314762, 0.0 ], [ -6.249976410285726, 53.325076609449752, 0.0 ], [ -6.249046784567906, 53.324190651741873, 0.0 ], [ -6.247698078029477, 53.323567820389073, 0.0 ], [ -6.24734097161311, 53.323704409298031, 0.0 ], [ -6.246967597225803, 53.323337772111067, 0.0 ], [ -6.246860186359514, 53.322979986624333, 0.0 ], [ -6.246977069844061, 53.322735244940667, 0.0 ], [ -6.247387381703276, 53.322656694479875, 0.0 ], [ -6.246921593316619, 53.322370043361168, 0.0 ], [ -6.245319581499224, 53.321906059804782, 0.0 ], [ -6.245534442176314, 53.321726757561727, 0.0 ], [ -6.243100824831796, 53.319738673065331, 0.0 ], [ -6.24283129896962, 53.319871415098994, 0.0 ], [ -6.241906342577186, 53.319218445490819, 0.0 ], [ -6.242527454896192, 53.318938264826691, 0.0 ], [ -6.242188803462574, 53.318686634764425, 0.0 ], [ -6.241663121980091, 53.318527702674238, 0.0 ], [ -6.241307425776041, 53.317974260372388, 0.0 ], [ -6.241026039083217, 53.318124620324511, 0.0 ], [ -6.240020401635124, 53.317481411371737, 0.0 ], [ -6.239719272780277, 53.317693316656559, 0.0 ], [ -6.239000353296402, 53.317399392128614, 0.0 ], [ -6.23744436145002, 53.318015119436055, 0.0 ], [ -6.237214762014206, 53.316698440791164, 0.0 ], [ -6.236437453013449, 53.316779619659897, 0.0 ], [ -6.236285458877855, 53.316544843891151, 0.0 ], [ -6.236739449039149, 53.316153552854153, 0.0 ], [ -6.236602405440793, 53.314991671686109, 0.0 ], [ -6.237258936343551, 53.314160787341194, 0.0 ], [ -6.238344030340419, 53.313445977991762, 0.0 ], [ -6.239625252500642, 53.313541026815642, 0.0 ], [ -6.240664927417273, 53.313664317678494, 0.0 ], [ -6.242228774064341, 53.313406670341969, 0.0 ], [ -6.244035345974487, 53.312536785927271, 0.0 ], [ -6.245140724333529, 53.312612108676902, 0.0 ], [ -6.245829230523928, 53.312469525501079, 0.0 ], [ -6.246470092673683, 53.3120608125475, 0.0 ], [ -6.247706084510489, 53.31047635964633, 0.0 ], [ -6.249056697546699, 53.308348075263808, 0.0 ], [ -6.251409527338266, 53.308018837678681, 0.0 ], [ -6.254546057511825, 53.307849423619977, 0.0 ], [ -6.25731348648261, 53.30800512471567, 0.0 ], [ -6.258010292984219, 53.308406656040773, 0.0 ], [ -6.258985670078194, 53.308277175655952, 0.0 ], [ -6.259659484781424, 53.307698724981925, 0.0 ], [ -6.259824804589099, 53.306299768750023, 0.0 ], [ -6.260919603005311, 53.306041325198969, 0.0 ], [ -6.263398277681726, 53.306682897240336, 0.0 ], [ -6.265914914267711, 53.306612555793542, 0.0 ], [ -6.26674961580661, 53.305847920087096, 0.0 ], [ -6.26761797706822, 53.304333693120128, 0.0 ], [ -6.268715487165887, 53.303758020470298, 0.0 ], [ -6.269413097442034, 53.303807065250723, 0.0 ], [ -6.271597147734985, 53.304441315032534, 0.0 ], [ -6.274599945905023, 53.304964772173022, 0.0 ], [ -6.277504104334636, 53.30500432667386, 0.0 ], [ -6.2806529220358, 53.304911884331624, 0.0 ], [ -6.280682008563084, 53.305275250896791, 0.0 ], [ -6.28052520402792, 53.305903518834612, 0.0 ], [ -6.281281789228365, 53.306177062650093, 0.0 ], [ -6.282094816428032, 53.30613628524226, 0.0 ], [ -6.282439562815889, 53.306285692507664, 0.0 ], [ -6.282776528859092, 53.306632099865496, 0.0 ], [ -6.283021714622186, 53.307082168090872, 0.0 ], [ -6.283188992001916, 53.307219220752714, 0.0 ], [ -6.283233928450712, 53.307256000529229, 0.0 ], [ -6.283049045142238, 53.307489820785946, 0.0 ], [ -6.282695860683766, 53.307550350125865, 0.0 ], [ -6.282685847786734, 53.307799810638272, 0.0 ], [ -6.282680053434985, 53.307944168948843, 0.0 ], [ -6.282932370700984, 53.308210529497771, 0.0 ], [ -6.282941055434415, 53.308321030668715, 0.0 ], [ -6.282946892519405, 53.308394548990179, 0.0 ], [ -6.28232333586504, 53.30863517454484, 0.0 ], [ -6.281828906632725, 53.308930238691005, 0.0 ], [ -6.282145580159319, 53.309236806793962, 0.0 ], [ -6.282792507940338, 53.309508850789811, 0.0 ], [ -6.283090978163717, 53.309723383823048, 0.0 ], [ -6.283525534893998, 53.309843969773304, 0.0 ], [ -6.283524822674599, 53.309846296476145, 0.0 ], [ -6.283379028434933, 53.310191505290284, 0.0 ], [ -6.283116986060334, 53.31017020619008, 0.0 ], [ -6.282850304878003, 53.310258316998102, 0.0 ], [ -6.282414945542865, 53.310724921528738, 0.0 ], [ -6.281832788937875, 53.311018632443769, 0.0 ], [ -6.281643263668208, 53.311370489691612, 0.0 ], [ -6.281459683238608, 53.312116568441787, 0.0 ], [ -6.281499143000333, 53.312305171855236, 0.0 ], [ -6.282533881943135, 53.312235946395163, 0.0 ], [ -6.282442021635313, 53.31261860285877, 0.0 ], [ -6.282036142504611, 53.312630913498268, 0.0 ], [ -6.282003901275472, 53.312767969762596, 0.0 ], [ -6.281671387449665, 53.312855129714514, 0.0 ], [ -6.281548996621303, 53.3131686751925, 0.0 ], [ -6.281764923097108, 53.313524935600995, 0.0 ], [ -6.282213857893989, 53.313488707953518, 0.0 ], [ -6.281798204374808, 53.313522269161098, 0.0 ], [ -6.28189271306382, 53.31375804492761, 0.0 ], [ -6.281528864171213, 53.313805384465063, 0.0 ], [ -6.281613610897436, 53.314154721514505, 0.0 ], [ -6.281982164410287, 53.314258452534418, 0.0 ], [ -6.282010854851237, 53.314363938763556, 0.0 ], [ -6.281861603081626, 53.31453256609236, 0.0 ], [ -6.281716876500971, 53.314733346579928, 0.0 ], [ -6.282336129488276, 53.314697774325076, 0.0 ], [ -6.282235862966632, 53.314879601261815, 0.0 ], [ -6.282161484709106, 53.314965446659755, 0.0 ], [ -6.281432655272145, 53.314835133492466, 0.0 ], [ -6.281300354258565, 53.314852911427501, 0.0 ], [ -6.280192224760124, 53.316598011352497, 0.0 ], [ -6.27981510535614, 53.316497566944307, 0.0 ], [ -6.280199448470893, 53.31660000304975, 0.0 ], [ -6.280028558293374, 53.316752227100068, 0.0 ], [ -6.279637833706164, 53.317193129635804, 0.0 ], [ -6.279236861031627, 53.317620850063662, 0.0 ], [ -6.278865847645453, 53.317845327134194, 0.0 ], [ -6.279012176403563, 53.318300627462243, 0.0 ], [ -6.279018310905045, 53.318418911802738, 0.0 ], [ -6.278963889758923, 53.318433047103646, 0.0 ], [ -6.279168827853223, 53.318567142942889, 0.0 ], [ -6.279120823059343, 53.318664871965062, 0.0 ], [ -6.278848163170862, 53.319355282038067, 0.0 ], [ -6.278769843130802, 53.319867831743835, 0.0 ], [ -6.278839217120961, 53.320078978670281, 0.0 ], [ -6.278714988369663, 53.320095701839271, 0.0 ], [ -6.277969277248591, 53.320367349773093, 0.0 ], [ -6.277280095832613, 53.320593879473783, 0.0 ], [ -6.277097411066653, 53.32104433977856, 0.0 ], [ -6.278229125345617, 53.320995066922443, 0.0 ], [ -6.279150534493496, 53.321027778471958, 0.0 ], [ -6.279198502975488, 53.321174080514993, 0.0 ], [ -6.279289286218717, 53.321434791699723, 0.0 ], [ -6.279332423716574, 53.321664255371147, 0.0 ], [ -6.279395988548373, 53.322207614430631, 0.0 ], [ -6.278619313116471, 53.322223463113637, 0.0 ], [ -6.277924769056486, 53.323320343427547, 0.0 ], [ -6.27740189798694, 53.323323669350081, 0.0 ], [ -6.277353125810478, 53.322748704321789, 0.0 ], [ -6.276840793431313, 53.322530619011914, 0.0 ], [ -6.275806091717675, 53.322429738997137, 0.0 ], [ -6.27586538082236, 53.322789407914549, 0.0 ], [ -6.275427300726815, 53.32286091336011, 0.0 ], [ -6.274345409777421, 53.322987370988315, 0.0 ], [ -6.27613872861142, 53.324310309456514, 0.0 ], [ -6.275324465059438, 53.324707595274482, 0.0 ], [ -6.275848537122248, 53.325847873379708, 0.0 ], [ -6.274830292885832, 53.326398962848145, 0.0 ], [ -6.276538400145444, 53.327529660542965, 0.0 ], [ -6.276380568071371, 53.327814195654092, 0.0 ], [ -6.276754585385166, 53.328030733740533, 0.0 ], [ -6.276351788601011, 53.328481967496607, 0.0 ], [ -6.275466606114276, 53.328231793635574, 0.0 ], [ -6.275291264031496, 53.32839455282533, 0.0 ], [ -6.276208610279302, 53.328642496279478, 0.0 ], [ -6.275321272411598, 53.328402716604657, 0.0 ], [ -6.275330041675507, 53.328489220636868, 0.0 ], [ -6.275845508471973, 53.328628080627709, 0.0 ], [ -6.275863312325328, 53.328730085128164, 0.0 ], [ -6.275712133661917, 53.328944607052286, 0.0 ], [ -6.275094446784351, 53.328755012752978, 0.0 ], [ -6.27499570493996, 53.328888229141874, 0.0 ], [ -6.275306874035342, 53.329063505552504, 0.0 ], [ -6.275170948764061, 53.329271236492389, 0.0 ], [ -6.275501996345267, 53.329712043491448, 0.0 ], [ -6.273572949548313, 53.329620144261334, 0.0 ], [ -6.272443775457041, 53.329631390771887, 0.0 ], [ -6.271640513831668, 53.329667392976553, 0.0 ], [ -6.271555313934313, 53.329673618762854, 0.0 ], [ -6.270623522151046, 53.329736963595785, 0.0 ], [ -6.270217602371782, 53.329761458499149, 0.0 ], [ -6.268840697373621, 53.32983541183782, 0.0 ], [ -6.267935266439311, 53.329889770459488, 0.0 ], [ -6.267685793627112, 53.329903854784064, 0.0 ], [ -6.264942666278939, 53.330074762727733, 0.0 ], [ -6.264726345133331, 53.330080514545415, 0.0 ], [ -6.264272630766764, 53.33009251934083, 0.0 ], [ -6.26399332997789, 53.330103105922404, 0.0 ], [ -6.263354838436375, 53.330115563936765, 0.0 ], [ -6.263265330857062, 53.330118035905492, 0.0 ], [ -6.26017246268491, 53.330465485043767, 0.0 ], [ -6.259926958191897, 53.330524912007412, 0.0 ], [ -6.258749783493239, 53.330780529283651, 0.0 ], [ -6.257602335097187, 53.331032614371615, 0.0 ], [ -6.257439867409425, 53.331065924697512, 0.0 ], [ -6.254899624873001, 53.331602962435042, 0.0 ], [ -6.253441169497263, 53.331912746500684, 0.0 ], [ -6.252503916849762, 53.330541608171643, 0.0 ], [ -6.252997284116696, 53.330438278576587, 0.0 ], [ -6.252507040224965, 53.330540934863023, 0.0 ], [ -6.251898857308003, 53.33009357482743, 0.0 ], [ -6.251412693915903, 53.329675684221399, 0.0 ], [ -6.250919079267146, 53.329440144757143, 0.0 ], [ -6.250275868056392, 53.329129334119408, 0.0 ], [ -6.249141826409114, 53.328893649534002, 0.0 ], [ -6.249341353830708, 53.328765708293105, 0.0 ], [ -6.247812251767592, 53.327903120507472, 0.0 ], [ -6.247245310038672, 53.328285243357094, 0.0 ], [ -6.246718299092588, 53.327998411546425, 0.0 ], [ -6.24773631276932, 53.327408457154895, 0.0 ] ] ] } },
{ "type": "Feature", "properties": { "name": "Dublin 7", "district_code": "D07" }, "geometry": { "type": "Polygon", "coordinates": [ [ [ -6.261777024716648, 53.359850743181681, 0.0 ], [ -6.261677245622264, 53.359778282551524, 0.0 ], [ -6.261770127105073, 53.359654878788866, 0.0 ], [ -6.262254746182665, 53.359615917458363, 0.0 ], [ -6.262374923028173, 53.359488596377332, 0.0 ], [ -6.261732526506018, 53.359275656390828, 0.0 ], [ -6.261948495375901, 53.35903863644959, 0.0 ], [ -6.262382205860721, 53.359142115818379, 0.0 ], [ -6.262653933703392, 53.358978172038427, 0.0 ], [ -6.262972405508713, 53.358706869444589, 0.0 ], [ -6.263367114315868, 53.358449978176488, 0.0 ], [ -6.263594177226311, 53.358262821749335, 0.0 ], [ -6.263772488941099, 53.358207981532153, 0.0 ], [ -6.263722190651162, 53.358180284933958, 0.0 ], [ -6.264052258556251, 53.357577661879596, 0.0 ], [ -6.264720569936244, 53.357295804180893, 0.0 ], [ -6.265446577578962, 53.356471801843995, 0.0 ], [ -6.265651362433431, 53.356063836147314, 0.0 ], [ -6.266209335889807, 53.35541939865049, 0.0 ], [ -6.266860356369081, 53.355596037771171, 0.0 ], [ -6.266933861344259, 53.355518997590949, 0.0 ], [ -6.267435950607756, 53.354993106615971, 0.0 ], [ -6.266615505559517, 53.354655996141233, 0.0 ], [ -6.267387028114312, 53.354387847115426, 0.0 ], [ -6.266916341336993, 53.354210234862883, 0.0 ], [ -6.267426823585931, 53.353727519508141, 0.0 ], [ -6.268187608671179, 53.353888667688132, 0.0 ], [ -6.268900907530433, 53.353552431869403, 0.0 ], [ -6.269175597907214, 53.353408650125466, 0.0 ], [ -6.269326391934454, 53.353325898554473, 0.0 ], [ -6.268763060179709, 53.353092570854933, 0.0 ], [ -6.268938904251855, 53.352850282407864, 0.0 ], [ -6.272539312608364, 53.354080730442838, 0.0 ], [ -6.272988591708321, 53.35395789336323, 0.0 ], [ -6.273381937498402, 53.352101493146144, 0.0 ], [ -6.27317032645358, 53.352067691005921, 0.0 ], [ -6.273048911765065, 53.351886798185653, 0.0 ], [ -6.27165111640823, 53.35190224213612, 0.0 ], [ -6.271522044320847, 53.35084829886533, 0.0 ], [ -6.270914737254357, 53.350621444755205, 0.0 ], [ -6.270545786590158, 53.350713260360166, 0.0 ], [ -6.270333570072633, 53.350841502364929, 0.0 ], [ -6.270303062469945, 53.350236420980387, 0.0 ], [ -6.270296216861599, 53.349808840855381, 0.0 ], [ -6.270583615712397, 53.349775795608423, 0.0 ], [ -6.269730132365297, 53.349873887165202, 0.0 ], [ -6.269545384059951, 53.349568753386386, 0.0 ], [ -6.269501645200034, 53.349483269977817, 0.0 ], [ -6.269796470618739, 53.349334116333971, 0.0 ], [ -6.269481079229728, 53.348363934987901, 0.0 ], [ -6.269011746258198, 53.3483928101627, 0.0 ], [ -6.268983314947687, 53.348116098926972, 0.0 ], [ -6.268788662226078, 53.347725521628568, 0.0 ], [ -6.268587093660249, 53.347282531989961, 0.0 ], [ -6.268645399615656, 53.347197989721401, 0.0 ], [ -6.268393451748054, 53.346659352679858, 0.0 ], [ -6.268495607420029, 53.346636027696277, 0.0 ], [ -6.267915088930985, 53.345670801953965, 0.0 ], [ -6.268141611594113, 53.345647574965483, 0.0 ], [ -6.269659703146976, 53.345492263324523, 0.0 ], [ -6.27010354306765, 53.345446657550873, 0.0 ], [ -6.272124081215892, 53.345281700805359, 0.0 ], [ -6.275737720529618, 53.345544664592303, 0.0 ], [ -6.276796194290368, 53.345736486062464, 0.0 ], [ -6.277526390335735, 53.345870169037944, 0.0 ], [ -6.277694000839992, 53.345900811784823, 0.0 ], [ -6.277966680199271, 53.345952475309531, 0.0 ], [ -6.278755765246136, 53.346103628893154, 0.0 ], [ -6.279794111666212, 53.346294504017372, 0.0 ], [ -6.280410933634697, 53.346413861119203, 0.0 ], [ -6.280486488818379, 53.346426454992084, 0.0 ], [ -6.282062039293854, 53.346585413159616, 0.0 ], [ -6.282735616434144, 53.346652185263835, 0.0 ], [ -6.282965736038414, 53.346675001659015, 0.0 ], [ -6.284067806437543, 53.346763661403898, 0.0 ], [ -6.28564612491261, 53.346814123954857, 0.0 ], [ -6.286057925550913, 53.346829028533378, 0.0 ], [ -6.2892914640278, 53.346961902129522, 0.0 ], [ -6.291828296739317, 53.347408111432451, 0.0 ], [ -6.291930679757459, 53.348001631105916, 0.0 ], [ -6.289928511911988, 53.347960278126017, 0.0 ], [ -6.289946191535212, 53.348060210883148, 0.0 ], [ -6.290334633131884, 53.348114313976943, 0.0 ], [ -6.290710884659013, 53.348197542757511, 0.0 ], [ -6.291651117238681, 53.348282465217885, 0.0 ], [ -6.292883547991284, 53.348377942952631, 0.0 ], [ -6.293082824702577, 53.348276980112061, 0.0 ], [ -6.29399309457614, 53.348296470623751, 0.0 ], [ -6.294780383551241, 53.348405067448745, 0.0 ], [ -6.29511243071159, 53.348453854817116, 0.0 ], [ -6.295120897824821, 53.348887387404822, 0.0 ], [ -6.297642961387075, 53.351561437150664, 0.0 ], [ -6.298190965358621, 53.352145578129679, 0.0 ], [ -6.298809351645499, 53.352782761626123, 0.0 ], [ -6.303722803130895, 53.357935625944002, 0.0 ], [ -6.306584722466106, 53.359556577514169, 0.0 ], [ -6.310464430327516, 53.361561467037724, 0.0 ], [ -6.314200928469091, 53.363040553864366, 0.0 ], [ -6.31892826359547, 53.364884830837745, 0.0 ], [ -6.321755545597188, 53.365445758256222, 0.0 ], [ -6.323062128376999, 53.365809989852629, 0.0 ], [ -6.329787042776315, 53.369783850479259, 0.0 ], [ -6.333794633504353, 53.370830991269962, 0.0 ], [ -6.332464915104962, 53.371700086976176, 0.0 ], [ -6.331833247347914, 53.372090422286092, 0.0 ], [ -6.331821524591073, 53.372764637880856, 0.0 ], [ -6.331035003059217, 53.372942841709346, 0.0 ], [ -6.330757866258718, 53.372317706163187, 0.0 ], [ -6.329989034379963, 53.372056540897731, 0.0 ], [ -6.330475101639882, 53.373551147007852, 0.0 ], [ -6.331043453703162, 53.375424492520864, 0.0 ], [ -6.324533028275718, 53.375497577447007, 0.0 ], [ -6.319308851033017, 53.375510050731009, 0.0 ], [ -6.317482646081522, 53.3754843198275, 0.0 ], [ -6.316470429215889, 53.375470045825061, 0.0 ], [ -6.31493982457226, 53.37551163202896, 0.0 ], [ -6.310855606546617, 53.375016624134943, 0.0 ], [ -6.310558413445163, 53.374989857288469, 0.0 ], [ -6.308458689241133, 53.374800486246215, 0.0 ], [ -6.308239411372464, 53.374903438439439, 0.0 ], [ -6.307796872931046, 53.374778251262924, 0.0 ], [ -6.304935916537908, 53.373946154349028, 0.0 ], [ -6.303584296847066, 53.373524369797266, 0.0 ], [ -6.303216234279883, 53.373303780990128, 0.0 ], [ -6.303164980552302, 53.373383226737715, 0.0 ], [ -6.299932973640637, 53.372843330746953, 0.0 ], [ -6.299932453040994, 53.372918644216213, 0.0 ], [ -6.295718800299357, 53.372121066213197, 0.0 ], [ -6.291133324253411, 53.371153171380612, 0.0 ], [ -6.289505164928773, 53.370786587637305, 0.0 ], [ -6.286058843237059, 53.3688204098952, 0.0 ], [ -6.282091976073608, 53.367450375275247, 0.0 ], [ -6.277421065627657, 53.365953469072352, 0.0 ], [ -6.275446177491082, 53.365320488093317, 0.0 ], [ -6.273106635590369, 53.364622605670071, 0.0 ], [ -6.271844868024564, 53.364246248951531, 0.0 ], [ -6.271811910469128, 53.364337900939724, 0.0 ], [ -6.267372928381051, 53.363299388315596, 0.0 ], [ -6.264905927913604, 53.362730900540065, 0.0 ], [ -6.264625331376418, 53.362664441922256, 0.0 ], [ -6.264309361664375, 53.362590187660849, 0.0 ], [ -6.261781978446535, 53.362024441560706, 0.0 ], [ -6.260118506000807, 53.361602289447873, 0.0 ], [ -6.260362142607339, 53.361447109208768, 0.0 ], [ -6.260338072519573, 53.361271397698687, 0.0 ], [ -6.26044464073654, 53.361198528640962, 0.0 ], [ -6.260530711368405, 53.361047792165223, 0.0 ], [ -6.260996709001224, 53.360961376125744, 0.0 ], [ -6.26085545114809, 53.360781530024049, 0.0 ], [ -6.26095850712871, 53.360721822042024, 0.0 ], [ -6.260645587212047, 53.360637086121976, 0.0 ], [ -6.261073973792315, 53.360171716567386, 0.0 ], [ -6.261416207773272, 53.360248609309885, 0.0 ], [ -6.261689117827927, 53.359839755314702, 0.0 ], [ -6.261777024716648, 53.359850743181681, 0.0 ] ] ] } },
{ "type": "Feature", "properties": { "name": "Dublin 9", "district_code": "D09" }, "geometry": { "type": "Polygon", "coordinates": [ [ [ -6.231568632956395, 53.36992801058642, 0.0 ], [ -6.231893984928158, 53.369703900194537, 0.0 ], [ -6.232051148010033, 53.369644119670653, 0.0 ], [ -6.235583147026225, 53.370955019285766, 0.0 ], [ -6.235619786128771, 53.371406052703357, 0.0 ], [ -6.236044558160657, 53.371559379929764, 0.0 ], [ -6.236178381579347, 53.371251532507976, 0.0 ], [ -6.236266210255837, 53.371252830565695, 0.0 ], [ -6.237165962510591, 53.371535412937568, 0.0 ], [ -6.23784865407104, 53.371755640834245, 0.0 ], [ -6.238173795354185, 53.371851492389311, 0.0 ], [ -6.238252546793303, 53.371478114247346, 0.0 ], [ -6.23819613654728, 53.371745670880934, 0.0 ], [ -6.238768122377345, 53.371828266745709, 0.0 ], [ -6.238942771065565, 53.371587981371519, 0.0 ], [ -6.239021724893517, 53.371515982018053, 0.0 ], [ -6.238908510238925, 53.371490043082979, 0.0 ], [ -6.239065462518345, 53.371083752911581, 0.0 ], [ -6.239577983620396, 53.369861001613849, 0.0 ], [ -6.239689275577896, 53.369503652222804, 0.0 ], [ -6.243492942509573, 53.370197144981368, 0.0 ], [ -6.244418842936555, 53.368382828369469, 0.0 ], [ -6.246211886030425, 53.368456560702377, 0.0 ], [ -6.246485960720642, 53.368181143480619, 0.0 ], [ -6.247399018656834, 53.366696574345383, 0.0 ], [ -6.248775226260918, 53.36710776685856, 0.0 ], [ -6.248522393992998, 53.36753962691715, 0.0 ], [ -6.24941306196969, 53.367814074073188, 0.0 ], [ -6.249944114738277, 53.367482466867948, 0.0 ], [ -6.250669080310404, 53.367566350468344, 0.0 ], [ -6.251727049984265, 53.368489307591425, 0.0 ], [ -6.254118699192388, 53.368973643057252, 0.0 ], [ -6.254354721042588, 53.368706190208982, 0.0 ], [ -6.254677551987949, 53.369228724539482, 0.0 ], [ -6.254994936904219, 53.368723373201782, 0.0 ], [ -6.255184276031386, 53.368312143350607, 0.0 ], [ -6.25325330243044, 53.368146914337906, 0.0 ], [ -6.253062633073501, 53.36730902566125, 0.0 ], [ -6.251993948382518, 53.366780956683542, 0.0 ], [ -6.253574609448779, 53.36619766271167, 0.0 ], [ -6.254640400590143, 53.364362216456364, 0.0 ], [ -6.255426807936577, 53.364506382399341, 0.0 ], [ -6.255704911506383, 53.363851160067199, 0.0 ], [ -6.257338308727432, 53.363735976493707, 0.0 ], [ -6.257633510970511, 53.363420125924939, 0.0 ], [ -6.257232291673544, 53.363291038181671, 0.0 ], [ -6.257760078593201, 53.362805739940264, 0.0 ], [ -6.258322113484462, 53.362243101089057, 0.0 ], [ -6.258963774252057, 53.361708855801758, 0.0 ], [ -6.259033944265789, 53.361604807012839, 0.0 ], [ -6.259029701065413, 53.36160249804508, 0.0 ], [ -6.259232879410329, 53.361512703511302, 0.0 ], [ -6.259539205156753, 53.361601211868212, 0.0 ], [ -6.259628592956024, 53.361493847739155, 0.0 ], [ -6.260118506000807, 53.361602289447873, 0.0 ], [ -6.261781978446535, 53.362024441560706, 0.0 ], [ -6.264309361664375, 53.362590187660849, 0.0 ], [ -6.264625331376418, 53.362664441922256, 0.0 ], [ -6.264905927913604, 53.362730900540065, 0.0 ], [ -6.267372928381051, 53.363299388315596, 0.0 ], [ -6.271811910469128, 53.364337900939724, 0.0 ], [ -6.271844868024564, 53.364246248951531, 0.0 ], [ -6.273106635590369, 53.364622605670071, 0.0 ], [ -6.272737227201393, 53.365176236732708, 0.0 ], [ -6.272104255486381, 53.365572262268252, 0.0 ], [ -6.272053330261657, 53.365933300740608, 0.0 ], [ -6.271838076071629, 53.366061321832852, 0.0 ], [ -6.271997838550271, 53.366284655658497, 0.0 ], [ -6.271843168870386, 53.366342726858115, 0.0 ], [ -6.271613955631532, 53.366628738068599, 0.0 ], [ -6.271812714551121, 53.366798078421752, 0.0 ], [ -6.271866430701474, 53.366965228237881, 0.0 ], [ -6.271959674448243, 53.367350015870478, 0.0 ], [ -6.272654453802437, 53.36751925583912, 0.0 ], [ -6.272979235351298, 53.367864070552024, 0.0 ], [ -6.273092526478264, 53.368053833370027, 0.0 ], [ -6.272868769597015, 53.368630784518395, 0.0 ], [ -6.27358554613828, 53.368894174176155, 0.0 ], [ -6.272938286917357, 53.369639099742777, 0.0 ], [ -6.272042220325835, 53.369738391452287, 0.0 ], [ -6.271828465948106, 53.370061568428369, 0.0 ], [ -6.270913528868671, 53.371385312578525, 0.0 ], [ -6.273014178408084, 53.371317128741289, 0.0 ], [ -6.273513432110506, 53.371817265796729, 0.0 ], [ -6.272505959548026, 53.372205718132484, 0.0 ], [ -6.272463783308105, 53.372598521582383, 0.0 ], [ -6.273185210066321, 53.373064125192322, 0.0 ], [ -6.272849059710501, 53.373278033878663, 0.0 ], [ -6.273433483253062, 53.373606829948521, 0.0 ], [ -6.273292437957582, 53.374004674689296, 0.0 ], [ -6.274387841804162, 53.374704430678783, 0.0 ], [ -6.273705406386792, 53.374803138981527, 0.0 ], [ -6.27210938932168, 53.374141879786613, 0.0 ], [ -6.270936198293742, 53.374375210094222, 0.0 ], [ -6.270064597897107, 53.374954003502282, 0.0 ], [ -6.270046663953789, 53.375589120079646, 0.0 ], [ -6.270218669100974, 53.376015676878481, 0.0 ], [ -6.27025114017506, 53.376021989833831, 0.0 ], [ -6.270110058206908, 53.376230179187935, 0.0 ], [ -6.270395387812194, 53.377084598962348, 0.0 ], [ -6.26952907653314, 53.377412155001331, 0.0 ], [ -6.269412943073254, 53.379126499444588, 0.0 ], [ -6.269430591825919, 53.379128463107882, 0.0 ], [ -6.268599092859103, 53.382529224670215, 0.0 ], [ -6.266838692580699, 53.382259195759858, 0.0 ], [ -6.266486006346424, 53.383457324737364, 0.0 ], [ -6.266212340637149, 53.385334400719131, 0.0 ], [ -6.265781637470485, 53.385647404542823, 0.0 ], [ -6.265793022578002, 53.386242768608383, 0.0 ], [ -6.266115182027076, 53.386547385105409, 0.0 ], [ -6.266032677121809, 53.386615665357006, 0.0 ], [ -6.266251280445003, 53.387924646266704, 0.0 ], [ -6.267398745062152, 53.388597176364954, 0.0 ], [ -6.270318182127348, 53.38899041624731, 0.0 ], [ -6.270168518990291, 53.389320450924018, 0.0 ], [ -6.265579795060218, 53.388727334188786, 0.0 ], [ -6.265352908662063, 53.389150257490435, 0.0 ], [ -6.265275337323447, 53.389249528325408, 0.0 ], [ -6.264744725989868, 53.389142765805083, 0.0 ], [ -6.264443858996295, 53.389707434364325, 0.0 ], [ -6.263904605637096, 53.391869522847017, 0.0 ], [ -6.263912198014252, 53.392143054159988, 0.0 ], [ -6.264139118136063, 53.394358887833334, 0.0 ], [ -6.263960244505069, 53.394993549309895, 0.0 ], [ -6.263633567165573, 53.395398839201036, 0.0 ], [ -6.264171160091754, 53.395671090282669, 0.0 ], [ -6.264143868923599, 53.396804733204746, 0.0 ], [ -6.264063015514163, 53.397819042868804, 0.0 ], [ -6.263808395526272, 53.399576485072572, 0.0 ], [ -6.263751309886251, 53.400286979717627, 0.0 ], [ -6.263753936115299, 53.400390022498314, 0.0 ], [ -6.263775390789878, 53.401188215539065, 0.0 ], [ -6.263779600445851, 53.401395544246988, 0.0 ], [ -6.268533936035853, 53.402222747732722, 0.0 ], [ -6.268995205246688, 53.403931706990384, 0.0 ], [ -6.269946504271679, 53.405075399431034, 0.0 ], [ -6.271885775612756, 53.405461125637601, 0.0 ], [ -6.272107759112796, 53.405462810684945, 0.0 ], [ -6.272332057738399, 53.408777565539765, 0.0 ], [ -6.264709882152801, 53.409152203819694, 0.0 ], [ -6.265185819382916, 53.409779304148763, 0.0 ], [ -6.260987755878574, 53.409368410028023, 0.0 ], [ -6.253901274863987, 53.409741082885418, 0.0 ], [ -6.252548266572473, 53.409582869116377, 0.0 ], [ -6.252560368913677, 53.409723441721788, 0.0 ], [ -6.238614706110615, 53.410227321398906, 0.0 ], [ -6.238889186964165, 53.411499336445083, 0.0 ], [ -6.23617539856127, 53.41123888433161, 0.0 ], [ -6.234990912865344, 53.411400694166112, 0.0 ], [ -6.235341544939073, 53.409973965661131, 0.0 ], [ -6.236955094761218, 53.40949203772913, 0.0 ], [ -6.238289066747408, 53.409413038897206, 0.0 ], [ -6.237564748531109, 53.407601560975849, 0.0 ], [ -6.240506992618111, 53.403722235657618, 0.0 ], [ -6.239944483152855, 53.403751244913565, 0.0 ], [ -6.238786396614194, 53.403810924821265, 0.0 ], [ -6.232486662046809, 53.402844433975822, 0.0 ], [ -6.233755990722146, 53.401665090555532, 0.0 ], [ -6.233946273149351, 53.401479332770826, 0.0 ], [ -6.234546577736405, 53.400899393538964, 0.0 ], [ -6.234714010713078, 53.400732082021342, 0.0 ], [ -6.235205051402257, 53.400265213486151, 0.0 ], [ -6.236067764877236, 53.399151919650102, 0.0 ], [ -6.236981618886912, 53.397952548741316, 0.0 ], [ -6.236898116155224, 53.397035325493043, 0.0 ], [ -6.238649614910044, 53.397323997398452, 0.0 ], [ -6.240991819118548, 53.39350384478125, 0.0 ], [ -6.241403453334843, 53.392297218614004, 0.0 ], [ -6.240336962539192, 53.392500994066459, 0.0 ], [ -6.238796613037898, 53.392794572671335, 0.0 ], [ -6.238450215159872, 53.393368662702535, 0.0 ], [ -6.237633139402954, 53.393703098319975, 0.0 ], [ -6.236842719570872, 53.393404431692097, 0.0 ], [ -6.235277562569384, 53.393894530940507, 0.0 ], [ -6.233899826942321, 53.393811057422894, 0.0 ], [ -6.233619667575312, 53.394212371274072, 0.0 ], [ -6.232884023945523, 53.394154564629616, 0.0 ], [ -6.231887838349952, 53.393877895910386, 0.0 ], [ -6.229703498260786, 53.392969706863191, 0.0 ], [ -6.229315933750891, 53.393364384540163, 0.0 ], [ -6.227753966216823, 53.39308620785431, 0.0 ], [ -6.226762053445304, 53.392952742095126, 0.0 ], [ -6.225890699226395, 53.392738547823768, 0.0 ], [ -6.221514833865117, 53.392280284339016, 0.0 ], [ -6.219981835857681, 53.391948956769617, 0.0 ], [ -6.218802619426028, 53.391366364184179, 0.0 ], [ -6.22001429281141, 53.389789382756184, 0.0 ], [ -6.222960140237603, 53.390013939921275, 0.0 ], [ -6.223234355813817, 53.389352172141528, 0.0 ], [ -6.223647834441381, 53.388171876563923, 0.0 ], [ -6.226057576083393, 53.388702337964837, 0.0 ], [ -6.227035930438064, 53.388303324740228, 0.0 ], [ -6.227825843164204, 53.387380546887997, 0.0 ], [ -6.225593343330191, 53.386397051218047, 0.0 ], [ -6.226343528287377, 53.385451491334436, 0.0 ], [ -6.225141630808511, 53.385261320156708, 0.0 ], [ -6.222373447638538, 53.38473233180904, 0.0 ], [ -6.223037752113239, 53.383113910058306, 0.0 ], [ -6.223718573567974, 53.381490607051511, 0.0 ], [ -6.222173008063299, 53.380621709036646, 0.0 ], [ -6.222742151409093, 53.380426421464463, 0.0 ], [ -6.222871581178985, 53.379658503561188, 0.0 ], [ -6.221654956535748, 53.379126881848983, 0.0 ], [ -6.220735312207986, 53.379364577277464, 0.0 ], [ -6.220499352632491, 53.379647785244309, 0.0 ], [ -6.220406263678723, 53.379620600916525, 0.0 ], [ -6.217697155308129, 53.378476864403282, 0.0 ], [ -6.216314663107195, 53.377917722931826, 0.0 ], [ -6.216320700405548, 53.377773281611688, 0.0 ], [ -6.216375848486903, 53.377625439641456, 0.0 ], [ -6.216520331571934, 53.377674517652352, 0.0 ], [ -6.218702361420259, 53.376403175572477, 0.0 ], [ -6.218207184797172, 53.376027264298138, 0.0 ], [ -6.218774645664326, 53.376001939052095, 0.0 ], [ -6.218834759328219, 53.376020003845333, 0.0 ], [ -6.218738310247773, 53.375898301174246, 0.0 ], [ -6.218800713893589, 53.375721893791663, 0.0 ], [ -6.218634309454221, 53.375589259826064, 0.0 ], [ -6.218794356877749, 53.375505900428671, 0.0 ], [ -6.218992923855913, 53.375340153837435, 0.0 ], [ -6.219686106160854, 53.375557766065988, 0.0 ], [ -6.22025381437151, 53.375113134334462, 0.0 ], [ -6.220038119183577, 53.375017967445189, 0.0 ], [ -6.219546598296831, 53.374878418030242, 0.0 ], [ -6.219669898187058, 53.374775454094731, 0.0 ], [ -6.219769921243441, 53.374662884891343, 0.0 ], [ -6.220521348454253, 53.374755884779532, 0.0 ], [ -6.220763732019384, 53.374207887930041, 0.0 ], [ -6.221170877093225, 53.373662256626453, 0.0 ], [ -6.22159427863854, 53.37351756369651, 0.0 ], [ -6.221711695824971, 53.3733354131708, 0.0 ], [ -6.221902243275162, 53.373239650903209, 0.0 ], [ -6.222187939752978, 53.373237345762497, 0.0 ], [ -6.222274894687503, 53.373167453915137, 0.0 ], [ -6.22313244849354, 53.373420301895948, 0.0 ], [ -6.223314133970382, 53.373188952115385, 0.0 ], [ -6.224050607656427, 53.373226788931404, 0.0 ], [ -6.224236384486168, 53.37376992847328, 0.0 ], [ -6.226356467878535, 53.374303989733185, 0.0 ], [ -6.226756984234151, 53.373680492779947, 0.0 ], [ -6.227043809041088, 53.373585433799484, 0.0 ], [ -6.230701512579354, 53.374362103518493, 0.0 ], [ -6.231233498811472, 53.373187942405018, 0.0 ], [ -6.229904497228811, 53.371867905093879, 0.0 ], [ -6.23147794321253, 53.370998068354872, 0.0 ], [ -6.230420954624392, 53.370535862619228, 0.0 ], [ -6.226410774988121, 53.369793222454739, 0.0 ], [ -6.225419230892515, 53.369368796319328, 0.0 ], [ -6.226347799846306, 53.368454021747773, 0.0 ], [ -6.226757112506457, 53.368172389716555, 0.0 ], [ -6.227220502248034, 53.368071774642772, 0.0 ], [ -6.227736820314701, 53.368269545713495, 0.0 ], [ -6.228066728718404, 53.368261321858071, 0.0 ], [ -6.231358831226872, 53.36936753876153, 0.0 ], [ -6.231051401696129, 53.36973941090082, 0.0 ], [ -6.231568632956395, 53.36992801058642, 0.0 ] ] ] } },
{ "type": "Feature", "properties": { "name": "Dublin 10", "district_code": "D10" }, "geometry": { "type": "Polygon", "coordinates": [ [ [ -6.318804537295343, 53.342359622605677, 0.0 ], [ -6.319019551990898, 53.341916118996572, 0.0 ], [ -6.319175938276398, 53.341618386416727, 0.0 ], [ -6.319017454589325, 53.34162622031279, 0.0 ], [ -6.320037314574057, 53.340713633441105, 0.0 ], [ -6.320462668771714, 53.341554804733448, 0.0 ], [ -6.323037852318582, 53.341427624002883, 0.0 ], [ -6.32490005390393, 53.341414326400013, 0.0 ], [ -6.325862143775406, 53.341441852171698, 0.0 ], [ -6.327273386315485, 53.341184091787461, 0.0 ], [ -6.328529639051582, 53.340939513280574, 0.0 ], [ -6.336710563322416, 53.339372789994513, 0.0 ], [ -6.339056852589745, 53.338915892481126, 0.0 ], [ -6.344018748245353, 53.33799023874203, 0.0 ], [ -6.343556906567526, 53.337421168197196, 0.0 ], [ -6.342573551978276, 53.337273407343083, 0.0 ], [ -6.341189815727659, 53.336863369879353, 0.0 ], [ -6.339991599932096, 53.336489243854949, 0.0 ], [ -6.338804269628649, 53.333098286684567, 0.0 ], [ -6.346463469565718, 53.33219343615589, 0.0 ], [ -6.349533008984459, 53.331818442917296, 0.0 ], [ -6.350628487979727, 53.331695805499294, 0.0 ], [ -6.358100481543274, 53.330812249542802, 0.0 ], [ -6.358321477024869, 53.331193961925536, 0.0 ], [ -6.357886435819449, 53.332238779305023, 0.0 ], [ -6.356948174005939, 53.33267239185615, 0.0 ], [ -6.355747166731536, 53.332740602795177, 0.0 ], [ -6.354156027924323, 53.335942443040487, 0.0 ], [ -6.36367269841372, 53.335147664708849, 0.0 ], [ -6.36812939037668, 53.334800738383137, 0.0 ], [ -6.373806340109418, 53.334350114492153, 0.0 ], [ -6.377992582577001, 53.334024210542545, 0.0 ], [ -6.379017408129059, 53.333944933002691, 0.0 ], [ -6.382577257422568, 53.333669407686934, 0.0 ], [ -6.385796357955166, 53.337050833583326, 0.0 ], [ -6.385325685610096, 53.337337117207703, 0.0 ], [ -6.38562163153334, 53.337968222647788, 0.0 ], [ -6.384152968523774, 53.338014402822587, 0.0 ], [ -6.382565056798349, 53.337418455338138, 0.0 ], [ -6.381765738703228, 53.337728671493387, 0.0 ], [ -6.381838057404129, 53.338844448139895, 0.0 ], [ -6.381202696829408, 53.339978577581157, 0.0 ], [ -6.381024851822385, 53.341197648728638, 0.0 ], [ -6.382111436478674, 53.343345446147566, 0.0 ], [ -6.381244110670231, 53.34371810314348, 0.0 ], [ -6.38036971224058, 53.343943612453913, 0.0 ], [ -6.379721324088456, 53.34509804983805, 0.0 ], [ -6.379620948281984, 53.345641276063134, 0.0 ], [ -6.379593477083881, 53.346871913893409, 0.0 ], [ -6.378733562518702, 53.347764975030238, 0.0 ], [ -6.37814837775321, 53.347594427289735, 0.0 ], [ -6.376595616736509, 53.347442084262276, 0.0 ], [ -6.373103040595683, 53.3469346814353, 0.0 ], [ -6.370987044494676, 53.34659059716175, 0.0 ], [ -6.370833106700695, 53.346660939548038, 0.0 ], [ -6.369396565739804, 53.34631154174658, 0.0 ], [ -6.369056699256417, 53.346248473708265, 0.0 ], [ -6.368398972717377, 53.346078144449983, 0.0 ], [ -6.364090237832891, 53.345464577750533, 0.0 ], [ -6.363782108759589, 53.346940966506807, 0.0 ], [ -6.362585626732229, 53.346771035373592, 0.0 ], [ -6.36095332277539, 53.346837515805703, 0.0 ], [ -6.360807121387501, 53.347312776929101, 0.0 ], [ -6.36048069859515, 53.349346439638708, 0.0 ], [ -6.360234072638347, 53.350607589849218, 0.0 ], [ -6.359972767726566, 53.351837618493448, 0.0 ], [ -6.359889913768972, 53.35218530869966, 0.0 ], [ -6.356566211085749, 53.351160590059948, 0.0 ], [ -6.353040463847999, 53.350245520436118, 0.0 ], [ -6.353089743272045, 53.350098435711239, 0.0 ], [ -6.353114205996247, 53.349978062718826, 0.0 ], [ -6.3528658295694, 53.347930732132376, 0.0 ], [ -6.351531887378007, 53.34579173775257, 0.0 ], [ -6.35065120879412, 53.344952028314104, 0.0 ], [ -6.34948238103349, 53.345309951467229, 0.0 ], [ -6.348331459066274, 53.345556658126533, 0.0 ], [ -6.34729783327859, 53.345608048267565, 0.0 ], [ -6.346622897107964, 53.345811266915611, 0.0 ], [ -6.346425360265988, 53.345605217451393, 0.0 ], [ -6.343548034715444, 53.344651299906147, 0.0 ], [ -6.339842192153337, 53.344585590966602, 0.0 ], [ -6.339860024446203, 53.343166968174053, 0.0 ], [ -6.339780200002927, 53.343165138365848, 0.0 ], [ -6.339973323411361, 53.342077561594039, 0.0 ], [ -6.339973326901143, 53.342077471760973, 0.0 ], [ -6.338917817376813, 53.342394174468986, 0.0 ], [ -6.337875691894083, 53.342809025363906, 0.0 ], [ -6.338259206658058, 53.3431939377517, 0.0 ], [ -6.337536607685113, 53.34350456883665, 0.0 ], [ -6.336912883914132, 53.343088622453948, 0.0 ], [ -6.335422329433023, 53.343302696539723, 0.0 ], [ -6.334000289608188, 53.343029920925517, 0.0 ], [ -6.33387044190599, 53.343227734914819, 0.0 ], [ -6.333314994187485, 53.345924336697777, 0.0 ], [ -6.329791227680524, 53.345495400365024, 0.0 ], [ -6.32824576738405, 53.345197369531832, 0.0 ], [ -6.32817780474705, 53.343312495831604, 0.0 ], [ -6.328111630085553, 53.342170339722252, 0.0 ], [ -6.327322314805843, 53.342123862760189, 0.0 ], [ -6.327167184267486, 53.342118811520685, 0.0 ], [ -6.327072514843914, 53.342515211011211, 0.0 ], [ -6.32553291641226, 53.342598684680844, 0.0 ], [ -6.318826981487081, 53.342513277384803, 0.0 ], [ -6.318804537295343, 53.342359622605677, 0.0 ] ] ] } },
{ "type": "Feature", "properties": { "name": "Dublin 13", "district_code": "D13" }, "geometry": { "type": "MultiPolygon", "coordinates": [ [ [ [ -6.186807514778672, 53.397252752287265, 0.0 ], [ -6.183480987957547, 53.396698203340449, 0.0 ], [ -6.182856364103374, 53.397784370414037, 0.0 ], [ -6.182601533522424, 53.39869693807433, 0.0 ], [ -6.181887136067889, 53.398943394572612, 0.0 ], [ -6.181843531903852, 53.398767548468044, 0.0 ], [ -6.180735557621418, 53.398790396130586, 0.0 ], [ -6.179948995023482, 53.39968694381048, 0.0 ], [ -6.180292208911925, 53.400099526011964, 0.0 ], [ -6.181415599333158, 53.400288951078444, 0.0 ], [ -6.179266783880787, 53.400256555599348, 0.0 ], [ -6.178512686997587, 53.400647278081763, 0.0 ], [ -6.17752068966095, 53.401803583137955, 0.0 ], [ -6.177377756774878, 53.402187448550642, 0.0 ], [ -6.176457167787187, 53.402249790196471, 0.0 ], [ -6.176038338565874, 53.402216336828666, 0.0 ], [ -6.175951958277505, 53.403641011367711, 0.0 ], [ -6.178866334673612, 53.40388792254533, 0.0 ], [ -6.178555637544181, 53.404287565978983, 0.0 ], [ -6.178156538008411, 53.405240437522956, 0.0 ], [ -6.177970760178114, 53.405648457332703, 0.0 ], [ -6.177705597426931, 53.406987710965623, 0.0 ], [ -6.177892564928937, 53.40782908276428, 0.0 ], [ -6.176989712147395, 53.407914799911126, 0.0 ], [ -6.17711929994489, 53.408438279531019, 0.0 ], [ -6.178019628963207, 53.408400250657586, 0.0 ], [ -6.178339483224539, 53.409839573148574, 0.0 ], [ -6.179659311762177, 53.411875597588306, 0.0 ], [ -6.173365706565547, 53.410574321454369, 0.0 ], [ -6.169631622498079, 53.411368952586066, 0.0 ], [ -6.169412597056138, 53.414469434046097, 0.0 ], [ -6.167126573330338, 53.414122826990386, 0.0 ], [ -6.166083262713006, 53.417722529293236, 0.0 ], [ -6.166019567731058, 53.418383628916267, 0.0 ], [ -6.166506211922105, 53.418543184932304, 0.0 ], [ -6.161013619852832, 53.423863467736346, 0.0 ], [ -6.160380844739398, 53.424376839327842, 0.0 ], [ -6.159494406030679, 53.424108091072021, 0.0 ], [ -6.158224286179377, 53.424202837712073, 0.0 ], [ -6.158226560147834, 53.424216265355113, 0.0 ], [ -6.155491862627708, 53.423613721114783, 0.0 ], [ -6.155482749241186, 53.423597760915854, 0.0 ], [ -6.15289069181206, 53.424993932863337, 0.0 ], [ -6.151915033099389, 53.420477130067852, 0.0 ], [ -6.151752340888494, 53.419716177704856, 0.0 ], [ -6.150979674102112, 53.420071926573293, 0.0 ], [ -6.149182099189502, 53.420658516998436, 0.0 ], [ -6.146609146207852, 53.420502296710609, 0.0 ], [ -6.145241755381859, 53.419768738507457, 0.0 ], [ -6.142844693424858, 53.420603705164055, 0.0 ], [ -6.141510934366871, 53.42148744767249, 0.0 ], [ -6.141323755353658, 53.422074258269014, 0.0 ], [ -6.140038577208594, 53.422380701446563, 0.0 ], [ -6.138216390619208, 53.422848817942736, 0.0 ], [ -6.137846853159456, 53.424182226782783, 0.0 ], [ -6.137414977974532, 53.42574008928063, 0.0 ], [ -6.136678959939587, 53.429154057638868, 0.0 ], [ -6.136646802588376, 53.429154274901457, 0.0 ], [ -6.138440934026121, 53.430283237965334, 0.0 ], [ -6.139913353479582, 53.433073416428797, 0.0 ], [ -6.140495825352885, 53.434579401733693, 0.0 ], [ -6.141287442536105, 53.434514336494068, 0.0 ], [ -6.141995800191818, 53.436195297917536, 0.0 ], [ -6.144972038991818, 53.436277340832405, 0.0 ], [ -6.145510472528817, 53.437322953591789, 0.0 ], [ -6.145841847988093, 53.438311598902672, 0.0 ], [ -6.142980898143773, 53.438329793448077, 0.0 ], [ -6.143528743809665, 53.439500678495243, 0.0 ], [ -6.137835205908405, 53.439534814812404, 0.0 ], [ -6.13778218042812, 53.440423560922596, 0.0 ], [ -6.136885488477945, 53.440492537206246, 0.0 ], [ -6.13741488785041, 53.442760096072028, 0.0 ], [ -6.136748416300902, 53.442591955096809, 0.0 ], [ -6.135127918528108, 53.44222762258179, 0.0 ], [ -6.135236427824529, 53.441451109028115, 0.0 ], [ -6.135352130756281, 53.440093523368382, 0.0 ], [ -6.134781475798275, 53.44004056918461, 0.0 ], [ -6.134353438094839, 53.438704960704399, 0.0 ], [ -6.132366900673262, 53.438368127097426, 0.0 ], [ -6.131291213760699, 53.438109064232762, 0.0 ], [ -6.130690507627855, 53.438362391435319, 0.0 ], [ -6.129263544823516, 53.438198120821447, 0.0 ], [ -6.129239299298679, 53.437724236075198, 0.0 ], [ -6.12640433283914, 53.437496699229712, 0.0 ], [ -6.126175481227959, 53.438214332046982, 0.0 ], [ -6.125637620953958, 53.438297122815307, 0.0 ], [ -6.125612696721836, 53.439303244669098, 0.0 ], [ -6.125595933336817, 53.43930612747257, 0.0 ], [ -6.12586167805607, 53.440441479162132, 0.0 ], [ -6.122695778393924, 53.440822564584906, 0.0 ], [ -6.122063175464803, 53.4399223242918, 0.0 ], [ -6.122180685204382, 53.439509989726666, 0.0 ], [ -6.122763927835131, 53.43948814961017, 0.0 ], [ -6.122200640341581, 53.437613405462457, 0.0 ], [ -6.121630923407377, 53.437157545545851, 0.0 ], [ -6.121880257408247, 53.436070013328361, 0.0 ], [ -6.123952361045061, 53.433651734307041, 0.0 ], [ -6.123224563728509, 53.426121817682457, 0.0 ], [ -6.123335934439266, 53.42377976575218, 0.0 ], [ -6.122694996781572, 53.422372630353259, 0.0 ], [ -6.120842893384513, 53.418334596862834, 0.0 ], [ -6.11544797735411, 53.409754828374247, 0.0 ], [ -6.112974150278718, 53.404585627833946, 0.0 ], [ -6.11266865268014, 53.402914619487063, 0.0 ], [ -6.113402953377948, 53.401191915491857, 0.0 ], [ -6.114255521793664, 53.400288210624851, 0.0 ], [ -6.116026941377701, 53.399594502796056, 0.0 ], [ -6.117068770532302, 53.399638535331228, 0.0 ], [ -6.118165788011153, 53.400081884227681, 0.0 ], [ -6.118433448777545, 53.400405461027312, 0.0 ], [ -6.117422416342788, 53.400275907324165, 0.0 ], [ -6.116124549737621, 53.399701387263597, 0.0 ], [ -6.115666705932684, 53.400190230409073, 0.0 ], [ -6.116024430106066, 53.399847846041801, 0.0 ], [ -6.115979849520052, 53.400242002654345, 0.0 ], [ -6.117154388544231, 53.40033441901452, 0.0 ], [ -6.115855064969599, 53.400533953659931, 0.0 ], [ -6.117833614784264, 53.400396544098392, 0.0 ], [ -6.118394426432308, 53.400443675792467, 0.0 ], [ -6.120755250483446, 53.400252829638873, 0.0 ], [ -6.122071803868972, 53.400745618625599, 0.0 ], [ -6.121511458064322, 53.401690020434572, 0.0 ], [ -6.121832106909411, 53.402165967254071, 0.0 ], [ -6.122793758306655, 53.402105501171114, 0.0 ], [ -6.12235435345689, 53.402593670677682, 0.0 ], [ -6.122244441871241, 53.402636074787111, 0.0 ], [ -6.122276046475444, 53.4026592226448, 0.0 ], [ -6.122390565684167, 53.402610778878056, 0.0 ], [ -6.12261727790128, 53.40272445222967, 0.0 ], [ -6.122355028445885, 53.403245878303004, 0.0 ], [ -6.122917844402053, 53.403795020992348, 0.0 ], [ -6.122424401982759, 53.404264813705382, 0.0 ], [ -6.123631771384056, 53.405079718116809, 0.0 ], [ -6.124483993569887, 53.404877209395472, 0.0 ], [ -6.123652737100962, 53.405102248943322, 0.0 ], [ -6.12564896873057, 53.4098936699273, 0.0 ], [ -6.128166624118132, 53.413293020563685, 0.0 ], [ -6.127866833457688, 53.414409168312815, 0.0 ], [ -6.128833231793474, 53.415682238745319, 0.0 ], [ -6.128455728040361, 53.415878110306394, 0.0 ], [ -6.12932955006647, 53.417124197951345, 0.0 ], [ -6.128966862933686, 53.417510856384865, 0.0 ], [ -6.130138163785666, 53.418720611968766, 0.0 ], [ -6.12973018023292, 53.418609597426382, 0.0 ], [ -6.131105318514303, 53.419318109734313, 0.0 ], [ -6.133215409920578, 53.419522258069819, 0.0 ], [ -6.136163625953824, 53.419383966525892, 0.0 ], [ -6.139016337877221, 53.418513901336532, 0.0 ], [ -6.141214676335423, 53.418319302900528, 0.0 ], [ -6.14124112789229, 53.417949035824925, 0.0 ], [ -6.141408383326134, 53.418256703596313, 0.0 ], [ -6.141976957339628, 53.418151670872788, 0.0 ], [ -6.141443259396648, 53.417932228361032, 0.0 ], [ -6.142094023572706, 53.418144863791774, 0.0 ], [ -6.14246992178154, 53.417833963709903, 0.0 ], [ -6.141702276397205, 53.417763414400326, 0.0 ], [ -6.141720624870112, 53.417507712239541, 0.0 ], [ -6.141445861519998, 53.417772995593822, 0.0 ], [ -6.141721525890707, 53.417287871616011, 0.0 ], [ -6.141355747128982, 53.417073738516869, 0.0 ], [ -6.140791274389153, 53.417693683914656, 0.0 ], [ -6.140352649706236, 53.417630406125859, 0.0 ], [ -6.140733848675917, 53.4172181156855, 0.0 ], [ -6.139289588471143, 53.417291971186316, 0.0 ], [ -6.139286871957348, 53.416626701949241, 0.0 ], [ -6.139009509978839, 53.41734620991334, 0.0 ], [ -6.138445771334295, 53.417025346497581, 0.0 ], [ -6.137578693754208, 53.417069709040923, 0.0 ], [ -6.137110497253243, 53.41718923023361, 0.0 ], [ -6.137092399935345, 53.417600344217206, 0.0 ], [ -6.135496122513497, 53.417690927099208, 0.0 ], [ -6.135995617588413, 53.417216411880823, 0.0 ], [ -6.135522122576735, 53.417366134876794, 0.0 ], [ -6.136630133189048, 53.41465843656394, 0.0 ], [ -6.136395412240002, 53.412540803661194, 0.0 ], [ -6.136894965737893, 53.411626216170419, 0.0 ], [ -6.136377338208186, 53.409347679657834, 0.0 ], [ -6.134846942317255, 53.406811264526205, 0.0 ], [ -6.133604543893426, 53.406634640932474, 0.0 ], [ -6.133309417939492, 53.40570242765434, 0.0 ], [ -6.132082754367348, 53.405099625944452, 0.0 ], [ -6.130615024273954, 53.402144645342133, 0.0 ], [ -6.128840179448995, 53.400268289201804, 0.0 ], [ -6.126806585341273, 53.399256931492005, 0.0 ], [ -6.126675811967046, 53.398859750066933, 0.0 ], [ -6.125261296638637, 53.396552515919232, 0.0 ], [ -6.122766106299234, 53.394526507186228, 0.0 ], [ -6.120356392867585, 53.393475952693699, 0.0 ], [ -6.116859732640314, 53.392353735243795, 0.0 ], [ -6.113641754424778, 53.392101492229095, 0.0 ], [ -6.11310915351341, 53.39271435282825, 0.0 ], [ -6.115319793837759, 53.395584580797319, 0.0 ], [ -6.115459593983393, 53.396027489391443, 0.0 ], [ -6.11499605547543, 53.396236251381232, 0.0 ], [ -6.109610308863199, 53.393636391360829, 0.0 ], [ -6.106750066827037, 53.393021012928536, 0.0 ], [ -6.104331165446493, 53.393295508145385, 0.0 ], [ -6.101080457578736, 53.393009508901493, 0.0 ], [ -6.096224715513172, 53.392399325781383, 0.0 ], [ -6.093993938446749, 53.392506730576891, 0.0 ], [ -6.091007841890519, 53.392218838609793, 0.0 ], [ -6.088762731885926, 53.392496517107141, 0.0 ], [ -6.086310928041386, 53.392120255814021, 0.0 ], [ -6.085022361576667, 53.392248168459197, 0.0 ], [ -6.081776583735554, 53.391426817674365, 0.0 ], [ -6.079629056624774, 53.390062801732789, 0.0 ], [ -6.075678258761025, 53.389459772539666, 0.0 ], [ -6.074965190017513, 53.389712984403744, 0.0 ], [ -6.074937866731417, 53.390351354336445, 0.0 ], [ -6.074359882694, 53.390617078075145, 0.0 ], [ -6.072314028085131, 53.39064238912119, 0.0 ], [ -6.068449190615256, 53.39308769265191, 0.0 ], [ -6.067907619241096, 53.392167405867696, 0.0 ], [ -6.068660591671603, 53.392546591557078, 0.0 ], [ -6.070844168324861, 53.39076452398119, 0.0 ], [ -6.070900791358749, 53.389986947210481, 0.0 ], [ -6.071654522986969, 53.389959577732668, 0.0 ], [ -6.07085267507626, 53.389830668865542, 0.0 ], [ -6.070149798713225, 53.388692959923056, 0.0 ], [ -6.0696394532146, 53.388551767406696, 0.0 ], [ -6.068714543197022, 53.388808077326956, 0.0 ], [ -6.068543391766861, 53.389123500056023, 0.0 ], [ -6.069550919905008, 53.390658673261804, 0.0 ], [ -6.068285010719078, 53.391646969130619, 0.0 ], [ -6.067958306702011, 53.391237379443304, 0.0 ], [ -6.06864824012335, 53.391020058246006, 0.0 ], [ -6.06909358827821, 53.390375958519222, 0.0 ], [ -6.067295161872464, 53.388818988385097, 0.0 ], [ -6.066411696615424, 53.388442353347571, 0.0 ], [ -6.065282354044537, 53.38877909742795, 0.0 ], [ -6.063832511340797, 53.388748036575343, 0.0 ], [ -6.0633453372593, 53.390169931629288, 0.0 ], [ -6.063901333840545, 53.390750619616114, 0.0 ], [ -6.064689889415404, 53.391049421824547, 0.0 ], [ -6.066612616747236, 53.391018831333511, 0.0 ], [ -6.063594925389181, 53.391236240558719, 0.0 ], [ -6.063004857285322, 53.391367515691392, 0.0 ], [ -6.062905801543577, 53.39172724530777, 0.0 ], [ -6.063339439924511, 53.392236199194805, 0.0 ], [ -6.06614761558752, 53.393066334725447, 0.0 ], [ -6.066692847857911, 53.39289575719485, 0.0 ], [ -6.066750909423019, 53.394167488720228, 0.0 ], [ -6.066219979766968, 53.393453382571344, 0.0 ], [ -6.063058007608388, 53.392466411724428, 0.0 ], [ -6.062493873208108, 53.391808017291346, 0.0 ], [ -6.063205200747948, 53.388722578262943, 0.0 ], [ -6.062858277390568, 53.387877782572929, 0.0 ], [ -6.062382564260353, 53.386387947901788, 0.0 ], [ -6.059721674737664, 53.386161084804456, 0.0 ], [ -6.058623236676694, 53.38647283085681, 0.0 ], [ -6.059280628967358, 53.386127937182764, 0.0 ], [ -6.056039603892648, 53.38643661984829, 0.0 ], [ -6.055055064368368, 53.386183193414745, 0.0 ], [ -6.055373408379682, 53.385972926246467, 0.0 ], [ -6.054474710429757, 53.38623836190056, 0.0 ], [ -6.054646986568097, 53.385957402862331, 0.0 ], [ -6.053596727281119, 53.386041400263125, 0.0 ], [ -6.053437967173338, 53.385786863139245, 0.0 ], [ -6.049789163894713, 53.386177980675875, 0.0 ], [ -6.048335783513129, 53.385443051822392, 0.0 ], [ -6.047302806831117, 53.38588358132013, 0.0 ], [ -6.047591023670829, 53.385329929738752, 0.0 ], [ -6.045959121141738, 53.385258999123614, 0.0 ], [ -6.045144021899011, 53.384905974864061, 0.0 ], [ -6.045510664445922, 53.384500305317914, 0.0 ], [ -6.044932417441919, 53.38432301858569, 0.0 ], [ -6.045315081834199, 53.384273917181673, 0.0 ], [ -6.044857493532523, 53.383858342874582, 0.0 ], [ -6.045699801069379, 53.383121596755387, 0.0 ], [ -6.045232501724695, 53.382163137503596, 0.0 ], [ -6.04466365781943, 53.382068158325716, 0.0 ], [ -6.044478911563828, 53.380631820470313, 0.0 ], [ -6.043990035327681, 53.380623898781081, 0.0 ], [ -6.044426006994007, 53.380466014050761, 0.0 ], [ -6.044349964203199, 53.379896153514757, 0.0 ], [ -6.044880129401816, 53.379884885559534, 0.0 ], [ -6.044953492965195, 53.379317383073875, 0.0 ], [ -6.043927746181319, 53.378826519713229, 0.0 ], [ -6.045276160503508, 53.377461952580923, 0.0 ], [ -6.04488360528866, 53.377273684017212, 0.0 ], [ -6.045237316069639, 53.376794367128078, 0.0 ], [ -6.044708341610811, 53.377048346339855, 0.0 ], [ -6.044837902619152, 53.376674748302378, 0.0 ], [ -6.04443834604561, 53.376828826678462, 0.0 ], [ -6.044419912911588, 53.376633203745257, 0.0 ], [ -6.044986409013456, 53.376574891719841, 0.0 ], [ -6.045307977032068, 53.375129948990562, 0.0 ], [ -6.046386012138973, 53.374609728072627, 0.0 ], [ -6.046034573766749, 53.373908351431446, 0.0 ], [ -6.047899440787885, 53.372459448885955, 0.0 ], [ -6.048642401981275, 53.372379287992047, 0.0 ], [ -6.04826793812896, 53.372107822527347, 0.0 ], [ -6.049045392126937, 53.371991550086555, 0.0 ], [ -6.04997659099165, 53.371122838110495, 0.0 ], [ -6.04963616777243, 53.3699789665366, 0.0 ], [ -6.051231606660331, 53.369701039946257, 0.0 ], [ -6.052172732830797, 53.368110154706692, 0.0 ], [ -6.053533988745935, 53.367105606982719, 0.0 ], [ -6.05482930733065, 53.366760626375147, 0.0 ], [ -6.055045234223048, 53.366273282293925, 0.0 ], [ -6.05412527164533, 53.365404642579499, 0.0 ], [ -6.052731285705696, 53.365036023156371, 0.0 ], [ -6.05319172269948, 53.36456840211148, 0.0 ], [ -6.053772607849374, 53.36466641516369, 0.0 ], [ -6.05401522845802, 53.3641263859151, 0.0 ], [ -6.053001156208978, 53.364023823209379, 0.0 ], [ -6.053600687625981, 53.363718106612495, 0.0 ], [ -6.052142894280824, 53.363551400192733, 0.0 ], [ -6.051831599123895, 53.362583914863293, 0.0 ], [ -6.052562959603462, 53.362528619362422, 0.0 ], [ -6.052362513601461, 53.361991787822063, 0.0 ], [ -6.051830154337234, 53.361944715954948, 0.0 ], [ -6.052362244179042, 53.361807518291933, 0.0 ], [ -6.05156852669088, 53.361578385430079, 0.0 ], [ -6.05187926045011, 53.361099336154481, 0.0 ], [ -6.052408639180042, 53.361091978543492, 0.0 ], [ -6.052830914804334, 53.36164780074327, 0.0 ], [ -6.053545101303067, 53.361577387982109, 0.0 ], [ -6.055517876647047, 53.363248972810496, 0.0 ], [ -6.057465545247249, 53.364094697876418, 0.0 ], [ -6.05975583817157, 53.364095377707187, 0.0 ], [ -6.060849479132413, 53.363671639299639, 0.0 ], [ -6.061009217331401, 53.363298065267699, 0.0 ], [ -6.061246961805975, 53.363455452441073, 0.0 ], [ -6.061149153999838, 53.363103939830914, 0.0 ], [ -6.061485918950898, 53.363444234060573, 0.0 ], [ -6.06574654105749, 53.364534741620638, 0.0 ], [ -6.067545307490789, 53.364185289938398, 0.0 ], [ -6.069385448053478, 53.364397453915217, 0.0 ], [ -6.071180623559938, 53.363986767679719, 0.0 ], [ -6.07169645999893, 53.362924393385967, 0.0 ], [ -6.071254865340549, 53.36267807185201, 0.0 ], [ -6.072792998466674, 53.362144828010983, 0.0 ], [ -6.074416549080873, 53.362184342601239, 0.0 ], [ -6.074720019812006, 53.36128634381835, 0.0 ], [ -6.075371740947662, 53.361209579402683, 0.0 ], [ -6.074971986712882, 53.361016439369003, 0.0 ], [ -6.075529381063173, 53.360876760760171, 0.0 ], [ -6.074949016577053, 53.360558373847091, 0.0 ], [ -6.076372196946391, 53.359977298610957, 0.0 ], [ -6.077601853842668, 53.360335803461147, 0.0 ], [ -6.078080363228428, 53.360987448493212, 0.0 ], [ -6.079248113068367, 53.360874570467288, 0.0 ], [ -6.080507155578921, 53.361396479508798, 0.0 ], [ -6.081504225260438, 53.360768668812106, 0.0 ], [ -6.082134890666612, 53.361814102621842, 0.0 ], [ -6.082622601933693, 53.362475224608282, 0.0 ], [ -6.083701378875592, 53.362423522875154, 0.0 ], [ -6.085089944651475, 53.362842297391786, 0.0 ], [ -6.0856778192322, 53.363327221416554, 0.0 ], [ -6.085597318706468, 53.363829015706422, 0.0 ], [ -6.088232274444011, 53.365459256759983, 0.0 ], [ -6.088614959484117, 53.365338290131731, 0.0 ], [ -6.088641420443547, 53.365896089811308, 0.0 ], [ -6.089432554124404, 53.366081068644284, 0.0 ], [ -6.091094536568145, 53.367773142377231, 0.0 ], [ -6.094077383915258, 53.368742409536907, 0.0 ], [ -6.094613821679145, 53.369184130545456, 0.0 ], [ -6.096231948945245, 53.369195934550845, 0.0 ], [ -6.097631302986664, 53.371151849357076, 0.0 ], [ -6.097349943747107, 53.371601910240557, 0.0 ], [ -6.098030407198848, 53.372785392001035, 0.0 ], [ -6.098627323970939, 53.374284021853143, 0.0 ], [ -6.100651491640694, 53.375683218942115, 0.0 ], [ -6.101746353601599, 53.376048851709541, 0.0 ], [ -6.101500785746871, 53.376388483926767, 0.0 ], [ -6.102326923747715, 53.377199707708996, 0.0 ], [ -6.102790205465049, 53.379954751045133, 0.0 ], [ -6.101362032385517, 53.383909334686848, 0.0 ], [ -6.101851931533498, 53.385375051614929, 0.0 ], [ -6.105089894820723, 53.386853416871759, 0.0 ], [ -6.108847894411565, 53.387585265291463, 0.0 ], [ -6.112596051725051, 53.387676414006535, 0.0 ], [ -6.116298590104953, 53.388626825947235, 0.0 ], [ -6.119788320949903, 53.388630256747057, 0.0 ], [ -6.12374849949558, 53.388343915061533, 0.0 ], [ -6.131031589293869, 53.387405550273321, 0.0 ], [ -6.140736519901038, 53.385275513057444, 0.0 ], [ -6.141740101487597, 53.385259233659895, 0.0 ], [ -6.142428017436882, 53.386182082465048, 0.0 ], [ -6.14303368225284, 53.38549418904055, 0.0 ], [ -6.143171157320479, 53.385788450046199, 0.0 ], [ -6.144758524577966, 53.386114334937268, 0.0 ], [ -6.147334185468122, 53.387399501473958, 0.0 ], [ -6.147721649819641, 53.387477511916394, 0.0 ], [ -6.15099098811096, 53.388723835097124, 0.0 ], [ -6.149970034419987, 53.390591345855988, 0.0 ], [ -6.150369468751254, 53.39074584410973, 0.0 ], [ -6.14942126319576, 53.392075355766359, 0.0 ], [ -6.153684023657806, 53.391886189431013, 0.0 ], [ -6.155453046682362, 53.391365160628624, 0.0 ], [ -6.157351027982742, 53.39030949238456, 0.0 ], [ -6.157425045993954, 53.390324207430389, 0.0 ], [ -6.160367627659092, 53.390831147236028, 0.0 ], [ -6.161090746782734, 53.390804988332427, 0.0 ], [ -6.163801111779916, 53.390894621825574, 0.0 ], [ -6.167691231976066, 53.391125090355267, 0.0 ], [ -6.168744977303023, 53.391141980623829, 0.0 ], [ -6.171509984101364, 53.391268230344643, 0.0 ], [ -6.171747908911146, 53.391723717939513, 0.0 ], [ -6.174203512500932, 53.391607424374442, 0.0 ], [ -6.174133058879822, 53.39192642081322, 0.0 ], [ -6.174675965899871, 53.391984968967535, 0.0 ], [ -6.174938868198734, 53.3916982168533, 0.0 ], [ -6.17631781519154, 53.391505730487914, 0.0 ], [ -6.178151440743084, 53.391558539080137, 0.0 ], [ -6.178197122701069, 53.391072608875483, 0.0 ], [ -6.178717428843033, 53.391079470447643, 0.0 ], [ -6.178720838383758, 53.391316184823225, 0.0 ], [ -6.179220994536172, 53.391298378388534, 0.0 ], [ -6.179260248202855, 53.391567008703312, 0.0 ], [ -6.179253491577674, 53.392123282276977, 0.0 ], [ -6.18038831178083, 53.392095016374498, 0.0 ], [ -6.180287865880334, 53.392862255409987, 0.0 ], [ -6.184140464245373, 53.392794550219293, 0.0 ], [ -6.18423830805173, 53.392305277140707, 0.0 ], [ -6.184463008870518, 53.391181022102053, 0.0 ], [ -6.18449012643406, 53.391117887229086, 0.0 ], [ -6.190843433869396, 53.390706422974581, 0.0 ], [ -6.19010679603912, 53.392159359659807, 0.0 ], [ -6.190483647168937, 53.392195094071937, 0.0 ], [ -6.191700169984931, 53.392310513540039, 0.0 ], [ -6.192246365593395, 53.392856826101642, 0.0 ], [ -6.189887168889897, 53.394035302459649, 0.0 ], [ -6.187734361835769, 53.396103382157634, 0.0 ], [ -6.186807514778672, 53.397252752287265, 0.0 ] ], [ [ -6.121125682376956, 53.402146042051186, 0.0 ], [ -6.120095109052662, 53.401946543815662, 0.0 ], [ -6.120800398755155, 53.402194762276352, 0.0 ], [ -6.121125682376956, 53.402146042051186, 0.0 ] ], [ [ -6.122173421932224, 53.402688258738365, 0.0 ], [ -6.122096131566451, 53.402603990239328, 0.0 ], [ -6.122091505347186, 53.402663959861364, 0.0 ], [ -6.122018462347125, 53.402691663495084, 0.0 ], [ -6.122173421932224, 53.402688258738365, 0.0 ] ], [ [ -6.121751514930545, 53.402590299208931, 0.0 ], [ -6.121900987640552, 53.402680467430514, 0.0 ], [ -6.122018462347125, 53.402691663495084, 0.0 ], [ -6.121751514930545, 53.402590299208931, 0.0 ] ], [ [ -6.121751514930545, 53.402590299208931, 0.0 ], [ -6.121601322375683, 53.402533376487547, 0.0 ], [ -6.121199202778636, 53.40215816502311, 0.0 ], [ -6.121125682376956, 53.402146042051186, 0.0 ], [ -6.121523525150908, 53.402570442813214, 0.0 ], [ -6.121751514930545, 53.402590299208931, 0.0 ] ] ], [ [ [ -6.058428714314285, 53.400689459726138, 0.0 ], [ -6.059098423949888, 53.399852737050956, 0.0 ], [ -6.060826334492337, 53.399639029859863, 0.0 ], [ -6.062970451198828, 53.400046145106188, 0.0 ], [ -6.064561052884858, 53.402141091814535, 0.0 ], [ -6.067581171806228, 53.403266389163264, 0.0 ], [ -6.066024240972201, 53.404059215608193, 0.0 ], [ -6.068326802718444, 53.405791181526702, 0.0 ], [ -6.070327888900828, 53.408757826067358, 0.0 ], [ -6.060166056944865, 53.408022638252966, 0.0 ], [ -6.059480919544145, 53.407356333583543, 0.0 ], [ -6.060397892052143, 53.404620853272455, 0.0 ], [ -6.059980577860783, 53.403576802016197, 0.0 ], [ -6.059235591256365, 53.403139537414432, 0.0 ], [ -6.059404373988053, 53.402412956316269, 0.0 ], [ -6.058428714314285, 53.400689459726138, 0.0 ] ] ] ] } },
{ "type": "Feature", "properties": { "name": "Dublin 6W", "district_code": "D6W" }, "geometry": { "type": "Polygon", "coordinates": [ [ [ -6.276351788601011, 53.328481967496607, 0.0 ], [ -6.276754585385166, 53.328030733740533, 0.0 ], [ -6.276380568071371, 53.327814195654092, 0.0 ], [ -6.276538400145444, 53.327529660542965, 0.0 ], [ -6.274830292885832, 53.326398962848145, 0.0 ], [ -6.275848537122248, 53.325847873379708, 0.0 ], [ -6.275324465059438, 53.324707595274482, 0.0 ], [ -6.27613872861142, 53.324310309456514, 0.0 ], [ -6.274345409777421, 53.322987370988315, 0.0 ], [ -6.275427300726815, 53.32286091336011, 0.0 ], [ -6.27586538082236, 53.322789407914549, 0.0 ], [ -6.275806091717675, 53.322429738997137, 0.0 ], [ -6.276840793431313, 53.322530619011914, 0.0 ], [ -6.277353125810478, 53.322748704321789, 0.0 ], [ -6.27740189798694, 53.323323669350081, 0.0 ], [ -6.277924769056486, 53.323320343427547, 0.0 ], [ -6.278619313116471, 53.322223463113637, 0.0 ], [ -6.279395988548373, 53.322207614430631, 0.0 ], [ -6.279332423716574, 53.321664255371147, 0.0 ], [ -6.279289286218717, 53.321434791699723, 0.0 ], [ -6.279198502975488, 53.321174080514993, 0.0 ], [ -6.279150534493496, 53.321027778471958, 0.0 ], [ -6.278229125345617, 53.320995066922443, 0.0 ], [ -6.277097411066653, 53.32104433977856, 0.0 ], [ -6.277280095832613, 53.320593879473783, 0.0 ], [ -6.277969277248591, 53.320367349773093, 0.0 ], [ -6.278714988369663, 53.320095701839271, 0.0 ], [ -6.278839217120961, 53.320078978670281, 0.0 ], [ -6.278769843130802, 53.319867831743835, 0.0 ], [ -6.278848163170862, 53.319355282038067, 0.0 ], [ -6.279120823059343, 53.318664871965062, 0.0 ], [ -6.279168827853223, 53.318567142942889, 0.0 ], [ -6.278963889758923, 53.318433047103646, 0.0 ], [ -6.279018310905045, 53.318418911802738, 0.0 ], [ -6.279012176403563, 53.318300627462243, 0.0 ], [ -6.278865847645453, 53.317845327134194, 0.0 ], [ -6.279236861031627, 53.317620850063662, 0.0 ], [ -6.279637833706164, 53.317193129635804, 0.0 ], [ -6.280028558293374, 53.316752227100068, 0.0 ], [ -6.280199448470893, 53.31660000304975, 0.0 ], [ -6.27981510535614, 53.316497566944307, 0.0 ], [ -6.280192224760124, 53.316598011352497, 0.0 ], [ -6.281300354258565, 53.314852911427501, 0.0 ], [ -6.281432655272145, 53.314835133492466, 0.0 ], [ -6.282161484709106, 53.314965446659755, 0.0 ], [ -6.282235862966632, 53.314879601261815, 0.0 ], [ -6.282336129488276, 53.314697774325076, 0.0 ], [ -6.281716876500971, 53.314733346579928, 0.0 ], [ -6.281861603081626, 53.31453256609236, 0.0 ], [ -6.282010854851237, 53.314363938763556, 0.0 ], [ -6.281982164410287, 53.314258452534418, 0.0 ], [ -6.281613610897436, 53.314154721514505, 0.0 ], [ -6.281528864171213, 53.313805384465063, 0.0 ], [ -6.28189271306382, 53.31375804492761, 0.0 ], [ -6.281798204374808, 53.313522269161098, 0.0 ], [ -6.282213857893989, 53.313488707953518, 0.0 ], [ -6.281764923097108, 53.313524935600995, 0.0 ], [ -6.281548996621303, 53.3131686751925, 0.0 ], [ -6.281671387449665, 53.312855129714514, 0.0 ], [ -6.282003901275472, 53.312767969762596, 0.0 ], [ -6.282036142504611, 53.312630913498268, 0.0 ], [ -6.282442021635313, 53.31261860285877, 0.0 ], [ -6.282533881943135, 53.312235946395163, 0.0 ], [ -6.281499143000333, 53.312305171855236, 0.0 ], [ -6.281459683238608, 53.312116568441787, 0.0 ], [ -6.281643263668208, 53.311370489691612, 0.0 ], [ -6.281832788937875, 53.311018632443769, 0.0 ], [ -6.282414945542865, 53.310724921528738, 0.0 ], [ -6.282850304878003, 53.310258316998102, 0.0 ], [ -6.283116986060334, 53.31017020619008, 0.0 ], [ -6.283379028434933, 53.310191505290284, 0.0 ], [ -6.283524822674599, 53.309846296476145, 0.0 ], [ -6.283525534893998, 53.309843969773304, 0.0 ], [ -6.283090978163717, 53.309723383823048, 0.0 ], [ -6.282792507940338, 53.309508850789811, 0.0 ], [ -6.282145580159319, 53.309236806793962, 0.0 ], [ -6.281828906632725, 53.308930238691005, 0.0 ], [ -6.28232333586504, 53.30863517454484, 0.0 ], [ -6.282946892519405, 53.308394548990179, 0.0 ], [ -6.282941055434415, 53.308321030668715, 0.0 ], [ -6.282932370700984, 53.308210529497771, 0.0 ], [ -6.282680053434985, 53.307944168948843, 0.0 ], [ -6.282685847786734, 53.307799810638272, 0.0 ], [ -6.282695860683766, 53.307550350125865, 0.0 ], [ -6.283049045142238, 53.307489820785946, 0.0 ], [ -6.283233928450712, 53.307256000529229, 0.0 ], [ -6.283188992001916, 53.307219220752714, 0.0 ], [ -6.283021714622186, 53.307082168090872, 0.0 ], [ -6.282776528859092, 53.306632099865496, 0.0 ], [ -6.282439562815889, 53.306285692507664, 0.0 ], [ -6.282094816428032, 53.30613628524226, 0.0 ], [ -6.281281789228365, 53.306177062650093, 0.0 ], [ -6.28052520402792, 53.305903518834612, 0.0 ], [ -6.280682008563084, 53.305275250896791, 0.0 ], [ -6.2806529220358, 53.304911884331624, 0.0 ], [ -6.280852161913089, 53.304906037964066, 0.0 ], [ -6.283285528650739, 53.305140181501535, 0.0 ], [ -6.286463139729845, 53.304374957431023, 0.0 ], [ -6.286909263665289, 53.303627429302374, 0.0 ], [ -6.286434084724073, 53.302124412247984, 0.0 ], [ -6.286595069575312, 53.301401550193944, 0.0 ], [ -6.28851808612419, 53.300415554815686, 0.0 ], [ -6.289925587467785, 53.299687471679682, 0.0 ], [ -6.291914864248235, 53.298882138100588, 0.0 ], [ -6.295061234544217, 53.298702186670099, 0.0 ], [ -6.296498229812202, 53.298938711153781, 0.0 ], [ -6.296982143041323, 53.298417291811909, 0.0 ], [ -6.298173955453619, 53.29721118114405, 0.0 ], [ -6.301889775381598, 53.296440646495469, 0.0 ], [ -6.302803835420035, 53.296558372685311, 0.0 ], [ -6.303541628379572, 53.297093156925548, 0.0 ], [ -6.304408806133766, 53.297057942402994, 0.0 ], [ -6.305316809456932, 53.296538474456113, 0.0 ], [ -6.305597591889991, 53.295725071042355, 0.0 ], [ -6.305507448897031, 53.295101621956171, 0.0 ], [ -6.305935212027563, 53.294925866929816, 0.0 ], [ -6.306853838975886, 53.29533736379301, 0.0 ], [ -6.307395099045217, 53.295579911188, 0.0 ], [ -6.309233879844158, 53.295855510993874, 0.0 ], [ -6.310006773171105, 53.295838333728874, 0.0 ], [ -6.310500316861906, 53.295390700785077, 0.0 ], [ -6.31056408748916, 53.293147953034023, 0.0 ], [ -6.311492046498424, 53.292287886319343, 0.0 ], [ -6.31269981006906, 53.292470276529627, 0.0 ], [ -6.314415395282943, 53.293546885597173, 0.0 ], [ -6.31535012047018, 53.293641797967439, 0.0 ], [ -6.318212550807576, 53.292507347469851, 0.0 ], [ -6.32567468739926, 53.289576755419411, 0.0 ], [ -6.330491913269913, 53.288642828677986, 0.0 ], [ -6.330946399416992, 53.288554724696347, 0.0 ], [ -6.331013874391261, 53.289473728764712, 0.0 ], [ -6.331853027614507, 53.290686570408312, 0.0 ], [ -6.331353977422726, 53.291396939667521, 0.0 ], [ -6.335127785505533, 53.29718364367158, 0.0 ], [ -6.338161126100923, 53.299654662159632, 0.0 ], [ -6.341901952929934, 53.301591472209125, 0.0 ], [ -6.340543019142865, 53.303312868860601, 0.0 ], [ -6.340063288806804, 53.303528201491744, 0.0 ], [ -6.339006013909141, 53.303293359409047, 0.0 ], [ -6.338592987143896, 53.304538046952672, 0.0 ], [ -6.335839661850531, 53.304451481863772, 0.0 ], [ -6.334777691097413, 53.303723532815063, 0.0 ], [ -6.333506849351277, 53.303837997954453, 0.0 ], [ -6.332514961174065, 53.30395841754089, 0.0 ], [ -6.330511369822267, 53.303932723375205, 0.0 ], [ -6.330442978938446, 53.304188469738946, 0.0 ], [ -6.329093140918055, 53.304417370678507, 0.0 ], [ -6.328178097891767, 53.304141371426859, 0.0 ], [ -6.327430788779538, 53.303775857873219, 0.0 ], [ -6.325954286693095, 53.303946141182841, 0.0 ], [ -6.322663386696175, 53.304223657471823, 0.0 ], [ -6.32273196032147, 53.304652731644396, 0.0 ], [ -6.322483045926499, 53.304846252805874, 0.0 ], [ -6.322820968818655, 53.305179345834624, 0.0 ], [ -6.322353898511383, 53.305343552919425, 0.0 ], [ -6.322033993382799, 53.305368443896604, 0.0 ], [ -6.321956449559147, 53.305512243224008, 0.0 ], [ -6.321698947658525, 53.305750942658733, 0.0 ], [ -6.32235223993117, 53.305947718801285, 0.0 ], [ -6.321736291847222, 53.306556364707866, 0.0 ], [ -6.321058440219043, 53.306345038096389, 0.0 ], [ -6.320856402193606, 53.306532564529938, 0.0 ], [ -6.32124145086449, 53.30677491508181, 0.0 ], [ -6.320729464003707, 53.307067554717761, 0.0 ], [ -6.32016860142445, 53.307388086367538, 0.0 ], [ -6.3195997615725, 53.307353737309406, 0.0 ], [ -6.319400017078452, 53.307435322314866, 0.0 ], [ -6.31928977648586, 53.30729265347567, 0.0 ], [ -6.319432161283741, 53.307221945105582, 0.0 ], [ -6.319078315740251, 53.306862821850331, 0.0 ], [ -6.318618819760292, 53.307057052054198, 0.0 ], [ -6.317886911963573, 53.306391848077965, 0.0 ], [ -6.316330649749554, 53.306921945632688, 0.0 ], [ -6.312970176668764, 53.307597291956107, 0.0 ], [ -6.311286312972918, 53.308149697567757, 0.0 ], [ -6.310595461842636, 53.308308982394841, 0.0 ], [ -6.310241359141285, 53.307773119951186, 0.0 ], [ -6.309770988929366, 53.307464359591656, 0.0 ], [ -6.308262002529354, 53.307915836113736, 0.0 ], [ -6.30713115889618, 53.308228130694474, 0.0 ], [ -6.307850248190849, 53.30894175604557, 0.0 ], [ -6.307681620769815, 53.308980619474362, 0.0 ], [ -6.307380713412593, 53.3100197953014, 0.0 ], [ -6.303768260866961, 53.311118519690709, 0.0 ], [ -6.302129390586236, 53.311269841978948, 0.0 ], [ -6.300170709228048, 53.312183282492903, 0.0 ], [ -6.299689428665832, 53.312025059990006, 0.0 ], [ -6.299568941963716, 53.312104146675225, 0.0 ], [ -6.2984282343038, 53.312849812529855, 0.0 ], [ -6.297687653660391, 53.313446850850042, 0.0 ], [ -6.297164741211661, 53.313855452744399, 0.0 ], [ -6.296903200981109, 53.31407264979611, 0.0 ], [ -6.297271163038417, 53.314260544849191, 0.0 ], [ -6.297172707895938, 53.314432702490386, 0.0 ], [ -6.296725061708009, 53.31495580885008, 0.0 ], [ -6.297211904698358, 53.31510234790511, 0.0 ], [ -6.296961843912682, 53.315345055858373, 0.0 ], [ -6.296235400738426, 53.315147365773953, 0.0 ], [ -6.296075574908602, 53.31540565217653, 0.0 ], [ -6.296854841532459, 53.315644724421674, 0.0 ], [ -6.296775247210945, 53.315936874612227, 0.0 ], [ -6.29629926036696, 53.316440609456251, 0.0 ], [ -6.295536198052731, 53.317649144063623, 0.0 ], [ -6.294978282433214, 53.317989914325963, 0.0 ], [ -6.294210998901715, 53.31880289703399, 0.0 ], [ -6.293384311149584, 53.31922062031456, 0.0 ], [ -6.292402081198335, 53.318792653256438, 0.0 ], [ -6.291465854409445, 53.319327080580543, 0.0 ], [ -6.290794881070402, 53.319611383651463, 0.0 ], [ -6.290743317049571, 53.31958197219943, 0.0 ], [ -6.290508274494749, 53.320069901981881, 0.0 ], [ -6.291334941224887, 53.320456377463863, 0.0 ], [ -6.290385823052677, 53.320782443784111, 0.0 ], [ -6.290651514563421, 53.321671235343096, 0.0 ], [ -6.28968014237753, 53.322602426206849, 0.0 ], [ -6.289389784581546, 53.322770117985101, 0.0 ], [ -6.287528309559562, 53.323564125850538, 0.0 ], [ -6.287051903427768, 53.323742713132695, 0.0 ], [ -6.286477268364418, 53.323981007643496, 0.0 ], [ -6.288209201437816, 53.326730034681766, 0.0 ], [ -6.284987833096254, 53.328644012055889, 0.0 ], [ -6.28293773736769, 53.329840248536058, 0.0 ], [ -6.280614054880985, 53.328377375866609, 0.0 ], [ -6.280301391101594, 53.327844808479419, 0.0 ], [ -6.27763975836459, 53.327442113036156, 0.0 ], [ -6.277456729689504, 53.327700669159249, 0.0 ], [ -6.277129686358305, 53.327615141582008, 0.0 ], [ -6.27796034488066, 53.327832427936649, 0.0 ], [ -6.277634469165633, 53.328676844421523, 0.0 ], [ -6.277543726674767, 53.329023559740129, 0.0 ], [ -6.277218697541652, 53.329465492866468, 0.0 ], [ -6.277162125408392, 53.329778456089024, 0.0 ], [ -6.277085127654155, 53.329771681418059, 0.0 ], [ -6.275501996345267, 53.329712043491448, 0.0 ], [ -6.275170948764061, 53.329271236492389, 0.0 ], [ -6.275306874035342, 53.329063505552504, 0.0 ], [ -6.27499570493996, 53.328888229141874, 0.0 ], [ -6.275094446784351, 53.328755012752978, 0.0 ], [ -6.275712133661917, 53.328944607052286, 0.0 ], [ -6.275863312325328, 53.328730085128164, 0.0 ], [ -6.275845508471973, 53.328628080627709, 0.0 ], [ -6.275330041675507, 53.328489220636868, 0.0 ], [ -6.275321272411598, 53.328402716604657, 0.0 ], [ -6.276208610279302, 53.328642496279478, 0.0 ], [ -6.275291264031496, 53.32839455282533, 0.0 ], [ -6.275466606114276, 53.328231793635574, 0.0 ], [ -6.276351788601011, 53.328481967496607, 0.0 ] ] ] } },
{ "type": "Feature", "properties": { "name": "Dublin 8", "district_code": "D08" }, "geometry": { "type": "Polygon", "coordinates": [ [ [ -6.325862143775406, 53.341441852171698, 0.0 ], [ -6.32490005390393, 53.341414326400013, 0.0 ], [ -6.323037852318582, 53.341427624002883, 0.0 ], [ -6.320462668771714, 53.341554804733448, 0.0 ], [ -6.320037314574057, 53.340713633441105, 0.0 ], [ -6.319017454589325, 53.34162622031279, 0.0 ], [ -6.319175938276398, 53.341618386416727, 0.0 ], [ -6.319019551990898, 53.341916118996572, 0.0 ], [ -6.318804537295343, 53.342359622605677, 0.0 ], [ -6.318826981487081, 53.342513277384803, 0.0 ], [ -6.32553291641226, 53.342598684680844, 0.0 ], [ -6.327072514843914, 53.342515211011211, 0.0 ], [ -6.327167184267486, 53.342118811520685, 0.0 ], [ -6.327322314805843, 53.342123862760189, 0.0 ], [ -6.328111630085553, 53.342170339722252, 0.0 ], [ -6.32817780474705, 53.343312495831604, 0.0 ], [ -6.32824576738405, 53.345197369531832, 0.0 ], [ -6.329791227680524, 53.345495400365024, 0.0 ], [ -6.329602160140009, 53.346389772917689, 0.0 ], [ -6.33280620669242, 53.34655035469769, 0.0 ], [ -6.332521003374937, 53.347846237528969, 0.0 ], [ -6.331250813964404, 53.347469312122925, 0.0 ], [ -6.332342725821578, 53.351343825955141, 0.0 ], [ -6.343207746574666, 53.357569550843181, 0.0 ], [ -6.347046763970408, 53.36151653893301, 0.0 ], [ -6.353358080387963, 53.363027871456978, 0.0 ], [ -6.351082112031391, 53.366713390239276, 0.0 ], [ -6.349797072700947, 53.368805497647159, 0.0 ], [ -6.349289315410524, 53.36964111106343, 0.0 ], [ -6.348648211111707, 53.369716280639381, 0.0 ], [ -6.347120734735159, 53.369920287355015, 0.0 ], [ -6.337566126028164, 53.371178936799922, 0.0 ], [ -6.333794633504353, 53.370830991269962, 0.0 ], [ -6.329787042776315, 53.369783850479259, 0.0 ], [ -6.323062128376999, 53.365809989852629, 0.0 ], [ -6.321755545597188, 53.365445758256222, 0.0 ], [ -6.31892826359547, 53.364884830837745, 0.0 ], [ -6.314200928469091, 53.363040553864366, 0.0 ], [ -6.310464430327516, 53.361561467037724, 0.0 ], [ -6.306584722466106, 53.359556577514169, 0.0 ], [ -6.303722803130895, 53.357935625944002, 0.0 ], [ -6.298809351645499, 53.352782761626123, 0.0 ], [ -6.298190965358621, 53.352145578129679, 0.0 ], [ -6.297642961387075, 53.351561437150664, 0.0 ], [ -6.295120897824821, 53.348887387404822, 0.0 ], [ -6.29511243071159, 53.348453854817116, 0.0 ], [ -6.294780383551241, 53.348405067448745, 0.0 ], [ -6.29399309457614, 53.348296470623751, 0.0 ], [ -6.293082824702577, 53.348276980112061, 0.0 ], [ -6.292883547991284, 53.348377942952631, 0.0 ], [ -6.291651117238681, 53.348282465217885, 0.0 ], [ -6.290710884659013, 53.348197542757511, 0.0 ], [ -6.290334633131884, 53.348114313976943, 0.0 ], [ -6.289946191535212, 53.348060210883148, 0.0 ], [ -6.289928511911988, 53.347960278126017, 0.0 ], [ -6.291930679757459, 53.348001631105916, 0.0 ], [ -6.291828296739317, 53.347408111432451, 0.0 ], [ -6.2892914640278, 53.346961902129522, 0.0 ], [ -6.286057925550913, 53.346829028533378, 0.0 ], [ -6.28564612491261, 53.346814123954857, 0.0 ], [ -6.284067806437543, 53.346763661403898, 0.0 ], [ -6.282965736038414, 53.346675001659015, 0.0 ], [ -6.282735616434144, 53.346652185263835, 0.0 ], [ -6.282062039293854, 53.346585413159616, 0.0 ], [ -6.280486488818379, 53.346426454992084, 0.0 ], [ -6.280410933634697, 53.346413861119203, 0.0 ], [ -6.279794111666212, 53.346294504017372, 0.0 ], [ -6.278755765246136, 53.346103628893154, 0.0 ], [ -6.277966680199271, 53.345952475309531, 0.0 ], [ -6.277694000839992, 53.345900811784823, 0.0 ], [ -6.277526390335735, 53.345870169037944, 0.0 ], [ -6.276796194290368, 53.345736486062464, 0.0 ], [ -6.275737720529618, 53.345544664592303, 0.0 ], [ -6.272124081215892, 53.345281700805359, 0.0 ], [ -6.27010354306765, 53.345446657550873, 0.0 ], [ -6.269659703146976, 53.345492263324523, 0.0 ], [ -6.268141611594113, 53.345647574965483, 0.0 ], [ -6.267822724633645, 53.344862944983127, 0.0 ], [ -6.267738810058539, 53.344656434899107, 0.0 ], [ -6.267635137582841, 53.344234548905021, 0.0 ], [ -6.268374929219354, 53.344127092984365, 0.0 ], [ -6.268725311598857, 53.344021442630698, 0.0 ], [ -6.268852599147944, 53.343983022264894, 0.0 ], [ -6.26963755438273, 53.343836845323501, 0.0 ], [ -6.2700214658464, 53.343799359021688, 0.0 ], [ -6.270086748463648, 53.343575958823138, 0.0 ], [ -6.269929313241004, 53.343171990892955, 0.0 ], [ -6.269918179141281, 53.342933011523506, 0.0 ], [ -6.269230836445194, 53.343042855652136, 0.0 ], [ -6.268891955584138, 53.343011603436466, 0.0 ], [ -6.268621213684975, 53.342652998115852, 0.0 ], [ -6.268541074227985, 53.342374727136033, 0.0 ], [ -6.267454866398578, 53.341488984582377, 0.0 ], [ -6.266520319674992, 53.341690048972076, 0.0 ], [ -6.2661612790346, 53.341612565971765, 0.0 ], [ -6.266083491695479, 53.341487397458266, 0.0 ], [ -6.266060618682627, 53.341498570002742, 0.0 ], [ -6.265585776728971, 53.341478814571055, 0.0 ], [ -6.265598691213686, 53.341413927300344, 0.0 ], [ -6.265723654209305, 53.341310581244024, 0.0 ], [ -6.265892435216363, 53.341207961856917, 0.0 ], [ -6.266273040436205, 53.340753833738766, 0.0 ], [ -6.266394035952017, 53.340720717546631, 0.0 ], [ -6.266540208288389, 53.340030295891346, 0.0 ], [ -6.267275456185177, 53.340069829118654, 0.0 ], [ -6.267245970328734, 53.339776743053804, 0.0 ], [ -6.266460966432504, 53.339693702495161, 0.0 ], [ -6.266908803382472, 53.339416809126057, 0.0 ], [ -6.266958481578055, 53.339272999519437, 0.0 ], [ -6.266775867092853, 53.338364059922874, 0.0 ], [ -6.266315392449211, 53.33835736911508, 0.0 ], [ -6.266333209085878, 53.338186850982176, 0.0 ], [ -6.266333230030192, 53.337917652723341, 0.0 ], [ -6.266504027930401, 53.33769165293014, 0.0 ], [ -6.26583230811372, 53.33770525997717, 0.0 ], [ -6.265752672155096, 53.337430499478515, 0.0 ], [ -6.266090842674924, 53.33740179887667, 0.0 ], [ -6.265853536720917, 53.336412875871289, 0.0 ], [ -6.26586756735208, 53.336412001232304, 0.0 ], [ -6.265827278076708, 53.336327465139981, 0.0 ], [ -6.265880272622264, 53.336104966884932, 0.0 ], [ -6.2656639424801, 53.335484507700059, 0.0 ], [ -6.26562141287597, 53.335381962406728, 0.0 ], [ -6.265733764427237, 53.335375326562541, 0.0 ], [ -6.266045822821787, 53.334945819135349, 0.0 ], [ -6.265627656315827, 53.334822173781696, 0.0 ], [ -6.265955707210044, 53.334560080926416, 0.0 ], [ -6.265663812225993, 53.334117299863081, 0.0 ], [ -6.26547769523843, 53.333680370437577, 0.0 ], [ -6.2648432575062, 53.332581855066181, 0.0 ], [ -6.264803636902092, 53.332279632228953, 0.0 ], [ -6.265250776160808, 53.332244070254028, 0.0 ], [ -6.265203454224769, 53.331878278329185, 0.0 ], [ -6.265077649897719, 53.331319535143159, 0.0 ], [ -6.264891396466242, 53.331331836618318, 0.0 ], [ -6.264726345133331, 53.330080514545415, 0.0 ], [ -6.264942666278939, 53.330074762727733, 0.0 ], [ -6.267685793627112, 53.329903854784064, 0.0 ], [ -6.267935266439311, 53.329889770459488, 0.0 ], [ -6.268840697373621, 53.32983541183782, 0.0 ], [ -6.270217602371782, 53.329761458499149, 0.0 ], [ -6.270623522151046, 53.329736963595785, 0.0 ], [ -6.271555313934313, 53.329673618762854, 0.0 ], [ -6.271640513831668, 53.329667392976553, 0.0 ], [ -6.272443775457041, 53.329631390771887, 0.0 ], [ -6.273572949548313, 53.329620144261334, 0.0 ], [ -6.275501996345267, 53.329712043491448, 0.0 ], [ -6.277085127654155, 53.329771681418059, 0.0 ], [ -6.277162125408392, 53.329778456089024, 0.0 ], [ -6.27835016470995, 53.329882974329728, 0.0 ], [ -6.278456946341874, 53.329894312614698, 0.0 ], [ -6.278841823510089, 53.329937167677066, 0.0 ], [ -6.280753487925635, 53.330197081044602, 0.0 ], [ -6.281386708150696, 53.330290964790727, 0.0 ], [ -6.283904678239146, 53.330674610530551, 0.0 ], [ -6.284022981707881, 53.330688985799029, 0.0 ], [ -6.284535594972727, 53.330752175586994, 0.0 ], [ -6.286574358696096, 53.331049775826216, 0.0 ], [ -6.287903404723989, 53.331243319848006, 0.0 ], [ -6.29318977447516, 53.332187157641677, 0.0 ], [ -6.29327709167181, 53.332211686453626, 0.0 ], [ -6.294783382322361, 53.332648214208369, 0.0 ], [ -6.295031300199399, 53.332722944572758, 0.0 ], [ -6.296483847895495, 53.333157154474499, 0.0 ], [ -6.298528408112972, 53.333930019153655, 0.0 ], [ -6.299978194927593, 53.334482251833556, 0.0 ], [ -6.303664823892772, 53.335913973119389, 0.0 ], [ -6.306248726710456, 53.336906582964716, 0.0 ], [ -6.306613155997793, 53.336864478376391, 0.0 ], [ -6.306669192349035, 53.336856824845768, 0.0 ], [ -6.309290692623392, 53.336548408769183, 0.0 ], [ -6.31185697348635, 53.336251108236986, 0.0 ], [ -6.312451768017351, 53.336183483179468, 0.0 ], [ -6.312964436886978, 53.33612556956421, 0.0 ], [ -6.314201850405476, 53.335977049583441, 0.0 ], [ -6.31760832232116, 53.335583367368379, 0.0 ], [ -6.317664178315133, 53.335577054379605, 0.0 ], [ -6.318363671267391, 53.335498292870561, 0.0 ], [ -6.32096126962865, 53.335201238622979, 0.0 ], [ -6.324952827896347, 53.334733698210343, 0.0 ], [ -6.327106088185663, 53.334481323823752, 0.0 ], [ -6.328184545210989, 53.334350923260175, 0.0 ], [ -6.328296232668347, 53.334335590586711, 0.0 ], [ -6.332790545194124, 53.333804635110681, 0.0 ], [ -6.336622837380454, 53.333355871579883, 0.0 ], [ -6.338804269628649, 53.333098286684567, 0.0 ], [ -6.339991599932096, 53.336489243854949, 0.0 ], [ -6.341189815727659, 53.336863369879353, 0.0 ], [ -6.342573551978276, 53.337273407343083, 0.0 ], [ -6.343556906567526, 53.337421168197196, 0.0 ], [ -6.344018748245353, 53.33799023874203, 0.0 ], [ -6.339056852589745, 53.338915892481126, 0.0 ], [ -6.336710563322416, 53.339372789994513, 0.0 ], [ -6.328529639051582, 53.340939513280574, 0.0 ], [ -6.327273386315485, 53.341184091787461, 0.0 ], [ -6.325862143775406, 53.341441852171698, 0.0 ] ] ] } },
{ "type": "Feature", "properties": { "name": "Dublin 12", "district_code": "D12" }, "geometry": { "type": "Polygon", "coordinates": [ [ [ -6.277456729689504, 53.327700669159249, 0.0 ], [ -6.27763975836459, 53.327442113036156, 0.0 ], [ -6.280301391101594, 53.327844808479419, 0.0 ], [ -6.280614054880985, 53.328377375866609, 0.0 ], [ -6.28293773736769, 53.329840248536058, 0.0 ], [ -6.284987833096254, 53.328644012055889, 0.0 ], [ -6.288209201437816, 53.326730034681766, 0.0 ], [ -6.286477268364418, 53.323981007643496, 0.0 ], [ -6.287051903427768, 53.323742713132695, 0.0 ], [ -6.287528309559562, 53.323564125850538, 0.0 ], [ -6.289389784581546, 53.322770117985101, 0.0 ], [ -6.28968014237753, 53.322602426206849, 0.0 ], [ -6.290651514563421, 53.321671235343096, 0.0 ], [ -6.290385823052677, 53.320782443784111, 0.0 ], [ -6.291334941224887, 53.320456377463863, 0.0 ], [ -6.290508274494749, 53.320069901981881, 0.0 ], [ -6.290743317049571, 53.31958197219943, 0.0 ], [ -6.290794881070402, 53.319611383651463, 0.0 ], [ -6.291465854409445, 53.319327080580543, 0.0 ], [ -6.292402081198335, 53.318792653256438, 0.0 ], [ -6.293384311149584, 53.31922062031456, 0.0 ], [ -6.294210998901715, 53.31880289703399, 0.0 ], [ -6.294978282433214, 53.317989914325963, 0.0 ], [ -6.295536198052731, 53.317649144063623, 0.0 ], [ -6.29629926036696, 53.316440609456251, 0.0 ], [ -6.296775247210945, 53.315936874612227, 0.0 ], [ -6.296854841532459, 53.315644724421674, 0.0 ], [ -6.296075574908602, 53.31540565217653, 0.0 ], [ -6.296235400738426, 53.315147365773953, 0.0 ], [ -6.296961843912682, 53.315345055858373, 0.0 ], [ -6.297211904698358, 53.31510234790511, 0.0 ], [ -6.296725061708009, 53.31495580885008, 0.0 ], [ -6.297172707895938, 53.314432702490386, 0.0 ], [ -6.297271163038417, 53.314260544849191, 0.0 ], [ -6.296903200981109, 53.31407264979611, 0.0 ], [ -6.297164741211661, 53.313855452744399, 0.0 ], [ -6.297687653660391, 53.313446850850042, 0.0 ], [ -6.2984282343038, 53.312849812529855, 0.0 ], [ -6.299568941963716, 53.312104146675225, 0.0 ], [ -6.299689428665832, 53.312025059990006, 0.0 ], [ -6.300170709228048, 53.312183282492903, 0.0 ], [ -6.302129390586236, 53.311269841978948, 0.0 ], [ -6.303768260866961, 53.311118519690709, 0.0 ], [ -6.307380713412593, 53.3100197953014, 0.0 ], [ -6.307681620769815, 53.308980619474362, 0.0 ], [ -6.307850248190849, 53.30894175604557, 0.0 ], [ -6.30713115889618, 53.308228130694474, 0.0 ], [ -6.308262002529354, 53.307915836113736, 0.0 ], [ -6.309770988929366, 53.307464359591656, 0.0 ], [ -6.310241359141285, 53.307773119951186, 0.0 ], [ -6.310595461842636, 53.308308982394841, 0.0 ], [ -6.311286312972918, 53.308149697567757, 0.0 ], [ -6.312970176668764, 53.307597291956107, 0.0 ], [ -6.316330649749554, 53.306921945632688, 0.0 ], [ -6.317886911963573, 53.306391848077965, 0.0 ], [ -6.318618819760292, 53.307057052054198, 0.0 ], [ -6.319078315740251, 53.306862821850331, 0.0 ], [ -6.319432161283741, 53.307221945105582, 0.0 ], [ -6.31928977648586, 53.30729265347567, 0.0 ], [ -6.319400017078452, 53.307435322314866, 0.0 ], [ -6.3195997615725, 53.307353737309406, 0.0 ], [ -6.32016860142445, 53.307388086367538, 0.0 ], [ -6.320729464003707, 53.307067554717761, 0.0 ], [ -6.32124145086449, 53.30677491508181, 0.0 ], [ -6.320856402193606, 53.306532564529938, 0.0 ], [ -6.321058440219043, 53.306345038096389, 0.0 ], [ -6.321736291847222, 53.306556364707866, 0.0 ], [ -6.32235223993117, 53.305947718801285, 0.0 ], [ -6.321698947658525, 53.305750942658733, 0.0 ], [ -6.321956449559147, 53.305512243224008, 0.0 ], [ -6.322033993382799, 53.305368443896604, 0.0 ], [ -6.322353898511383, 53.305343552919425, 0.0 ], [ -6.322820968818655, 53.305179345834624, 0.0 ], [ -6.322483045926499, 53.304846252805874, 0.0 ], [ -6.32273196032147, 53.304652731644396, 0.0 ], [ -6.322663386696175, 53.304223657471823, 0.0 ], [ -6.325954286693095, 53.303946141182841, 0.0 ], [ -6.327430788779538, 53.303775857873219, 0.0 ], [ -6.328178097891767, 53.304141371426859, 0.0 ], [ -6.329093140918055, 53.304417370678507, 0.0 ], [ -6.330442978938446, 53.304188469738946, 0.0 ], [ -6.330511369822267, 53.303932723375205, 0.0 ], [ -6.332514961174065, 53.30395841754089, 0.0 ], [ -6.333506849351277, 53.303837997954453, 0.0 ], [ -6.334777691097413, 53.303723532815063, 0.0 ], [ -6.335839661850531, 53.304451481863772, 0.0 ], [ -6.338592987143896, 53.304538046952672, 0.0 ], [ -6.339006013909141, 53.303293359409047, 0.0 ], [ -6.340063288806804, 53.303528201491744, 0.0 ], [ -6.340543019142865, 53.303312868860601, 0.0 ], [ -6.341901952929934, 53.301591472209125, 0.0 ], [ -6.348033184314149, 53.303986529778719, 0.0 ], [ -6.350012666069573, 53.304624860842331, 0.0 ], [ -6.34789335556365, 53.3070216166577, 0.0 ], [ -6.350440276931645, 53.307429880988941, 0.0 ], [ -6.353090921905543, 53.308070699251445, 0.0 ], [ -6.354152094703033, 53.307848868734425, 0.0 ], [ -6.354976897290343, 53.308070391984216, 0.0 ], [ -6.355652933447204, 53.308736481570001, 0.0 ], [ -6.351925571301554, 53.310996706350906, 0.0 ], [ -6.352293913116864, 53.311684808065777, 0.0 ], [ -6.355525777491558, 53.312044627932238, 0.0 ], [ -6.356516005828528, 53.312531145150651, 0.0 ], [ -6.357063650400071, 53.313116630140271, 0.0 ], [ -6.357428932419634, 53.313651694192366, 0.0 ], [ -6.358731046058274, 53.313211941248042, 0.0 ], [ -6.359574686953263, 53.314472274694452, 0.0 ], [ -6.359308745838834, 53.315196479204118, 0.0 ], [ -6.358233309666138, 53.315785866243054, 0.0 ], [ -6.357286338473777, 53.316455839348855, 0.0 ], [ -6.357521150859191, 53.317194575374877, 0.0 ], [ -6.356263127072251, 53.317965328564007, 0.0 ], [ -6.356700155452108, 53.319153474890882, 0.0 ], [ -6.355863019811427, 53.31924701055631, 0.0 ], [ -6.352536693093077, 53.319043461682099, 0.0 ], [ -6.350336923029215, 53.31806741190902, 0.0 ], [ -6.348699159565598, 53.317309156611564, 0.0 ], [ -6.347110616955004, 53.317549878486396, 0.0 ], [ -6.345728984500465, 53.316979119214281, 0.0 ], [ -6.34453589977034, 53.317198955466878, 0.0 ], [ -6.345074419427538, 53.318020758469153, 0.0 ], [ -6.343130175439294, 53.319357185649544, 0.0 ], [ -6.345119847163819, 53.320612413470649, 0.0 ], [ -6.345299043741502, 53.321887716252952, 0.0 ], [ -6.345204099134569, 53.32186491737103, 0.0 ], [ -6.345847087926275, 53.322996459705493, 0.0 ], [ -6.346181532805931, 53.323421384428102, 0.0 ], [ -6.346925961011877, 53.323457948726038, 0.0 ], [ -6.34769689187894, 53.32281186379609, 0.0 ], [ -6.349275491154266, 53.322833719938608, 0.0 ], [ -6.350426808731257, 53.322560677217488, 0.0 ], [ -6.351281227305623, 53.322020885636434, 0.0 ], [ -6.352380490306007, 53.321957248236664, 0.0 ], [ -6.353063903129563, 53.322439553854771, 0.0 ], [ -6.353701884013336, 53.323076454117349, 0.0 ], [ -6.354557047420986, 53.322767465792424, 0.0 ], [ -6.355386287218009, 53.323653720180886, 0.0 ], [ -6.357407519740424, 53.323576408801259, 0.0 ], [ -6.358512856607273, 53.32335532569963, 0.0 ], [ -6.35994030619418, 53.322744440796981, 0.0 ], [ -6.359280102674811, 53.321658309891099, 0.0 ], [ -6.359205805046921, 53.321087528059017, 0.0 ], [ -6.362381271569358, 53.319939785204973, 0.0 ], [ -6.362890075160925, 53.319775365277152, 0.0 ], [ -6.363628502234108, 53.320378357008892, 0.0 ], [ -6.364526264781442, 53.320994853820906, 0.0 ], [ -6.365405212049451, 53.320954410975936, 0.0 ], [ -6.366149071011047, 53.319861215874973, 0.0 ], [ -6.365525909260587, 53.318923662156841, 0.0 ], [ -6.366911092554971, 53.318476149647552, 0.0 ], [ -6.369745252811837, 53.317902556307267, 0.0 ], [ -6.369872739433321, 53.319156888166063, 0.0 ], [ -6.369965259114331, 53.320831836752546, 0.0 ], [ -6.372503465047967, 53.323421825811415, 0.0 ], [ -6.374692557806978, 53.325692596642661, 0.0 ], [ -6.375244534150773, 53.3261912279971, 0.0 ], [ -6.37617720705133, 53.327033892257866, 0.0 ], [ -6.377797706695231, 53.32849799626576, 0.0 ], [ -6.377290380646345, 53.328540710757288, 0.0 ], [ -6.38033558499765, 53.331555547498184, 0.0 ], [ -6.382577257422568, 53.333669407686934, 0.0 ], [ -6.379017408129059, 53.333944933002691, 0.0 ], [ -6.377992582577001, 53.334024210542545, 0.0 ], [ -6.373806340109418, 53.334350114492153, 0.0 ], [ -6.36812939037668, 53.334800738383137, 0.0 ], [ -6.36367269841372, 53.335147664708849, 0.0 ], [ -6.354156027924323, 53.335942443040487, 0.0 ], [ -6.355747166731536, 53.332740602795177, 0.0 ], [ -6.356948174005939, 53.33267239185615, 0.0 ], [ -6.357886435819449, 53.332238779305023, 0.0 ], [ -6.358321477024869, 53.331193961925536, 0.0 ], [ -6.358100481543274, 53.330812249542802, 0.0 ], [ -6.350628487979727, 53.331695805499294, 0.0 ], [ -6.349533008984459, 53.331818442917296, 0.0 ], [ -6.346463469565718, 53.33219343615589, 0.0 ], [ -6.338804269628649, 53.333098286684567, 0.0 ], [ -6.336622837380454, 53.333355871579883, 0.0 ], [ -6.332790545194124, 53.333804635110681, 0.0 ], [ -6.328296232668347, 53.334335590586711, 0.0 ], [ -6.328184545210989, 53.334350923260175, 0.0 ], [ -6.327106088185663, 53.334481323823752, 0.0 ], [ -6.324952827896347, 53.334733698210343, 0.0 ], [ -6.32096126962865, 53.335201238622979, 0.0 ], [ -6.318363671267391, 53.335498292870561, 0.0 ], [ -6.317664178315133, 53.335577054379605, 0.0 ], [ -6.31760832232116, 53.335583367368379, 0.0 ], [ -6.314201850405476, 53.335977049583441, 0.0 ], [ -6.312964436886978, 53.33612556956421, 0.0 ], [ -6.312451768017351, 53.336183483179468, 0.0 ], [ -6.31185697348635, 53.336251108236986, 0.0 ], [ -6.309290692623392, 53.336548408769183, 0.0 ], [ -6.306669192349035, 53.336856824845768, 0.0 ], [ -6.306613155997793, 53.336864478376391, 0.0 ], [ -6.306248726710456, 53.336906582964716, 0.0 ], [ -6.303664823892772, 53.335913973119389, 0.0 ], [ -6.299978194927593, 53.334482251833556, 0.0 ], [ -6.298528408112972, 53.333930019153655, 0.0 ], [ -6.296483847895495, 53.333157154474499, 0.0 ], [ -6.295031300199399, 53.332722944572758, 0.0 ], [ -6.294783382322361, 53.332648214208369, 0.0 ], [ -6.29327709167181, 53.332211686453626, 0.0 ], [ -6.29318977447516, 53.332187157641677, 0.0 ], [ -6.287903404723989, 53.331243319848006, 0.0 ], [ -6.286574358696096, 53.331049775826216, 0.0 ], [ -6.284535594972727, 53.330752175586994, 0.0 ], [ -6.284022981707881, 53.330688985799029, 0.0 ], [ -6.283904678239146, 53.330674610530551, 0.0 ], [ -6.281386708150696, 53.330290964790727, 0.0 ], [ -6.280753487925635, 53.330197081044602, 0.0 ], [ -6.278841823510089, 53.329937167677066, 0.0 ], [ -6.278456946341874, 53.329894312614698, 0.0 ], [ -6.27835016470995, 53.329882974329728, 0.0 ], [ -6.277162125408392, 53.329778456089024, 0.0 ], [ -6.277218697541652, 53.329465492866468, 0.0 ], [ -6.277543726674767, 53.329023559740129, 0.0 ], [ -6.277634469165633, 53.328676844421523, 0.0 ], [ -6.27796034488066, 53.327832427936649, 0.0 ], [ -6.277129686358305, 53.327615141582008, 0.0 ], [ -6.277456729689504, 53.327700669159249, 0.0 ] ] ] } },
{ "type": "Feature", "properties": { "name": "Dublin 17", "district_code": "D17" }, "geometry": { "type": "Polygon", "coordinates": [ [ [ -6.176366678144315, 53.424587271668024, 0.0 ], [ -6.174050599273397, 53.424004310683436, 0.0 ], [ -6.169318198137295, 53.423047041431388, 0.0 ], [ -6.166843379766501, 53.422710750594682, 0.0 ], [ -6.164325100894102, 53.423072939364438, 0.0 ], [ -6.162242489380738, 53.422673282193983, 0.0 ], [ -6.166506211922105, 53.418543184932304, 0.0 ], [ -6.166019567731058, 53.418383628916267, 0.0 ], [ -6.166083262713006, 53.417722529293236, 0.0 ], [ -6.167126573330338, 53.414122826990386, 0.0 ], [ -6.169412597056138, 53.414469434046097, 0.0 ], [ -6.169631622498079, 53.411368952586066, 0.0 ], [ -6.173365706565547, 53.410574321454369, 0.0 ], [ -6.179659311762177, 53.411875597588306, 0.0 ], [ -6.178339483224539, 53.409839573148574, 0.0 ], [ -6.178019628963207, 53.408400250657586, 0.0 ], [ -6.17711929994489, 53.408438279531019, 0.0 ], [ -6.176989712147395, 53.407914799911126, 0.0 ], [ -6.177892564928937, 53.40782908276428, 0.0 ], [ -6.177705597426931, 53.406987710965623, 0.0 ], [ -6.177970760178114, 53.405648457332703, 0.0 ], [ -6.178156538008411, 53.405240437522956, 0.0 ], [ -6.178555637544181, 53.404287565978983, 0.0 ], [ -6.178866334673612, 53.40388792254533, 0.0 ], [ -6.175951958277505, 53.403641011367711, 0.0 ], [ -6.176038338565874, 53.402216336828666, 0.0 ], [ -6.176457167787187, 53.402249790196471, 0.0 ], [ -6.177377756774878, 53.402187448550642, 0.0 ], [ -6.17752068966095, 53.401803583137955, 0.0 ], [ -6.178512686997587, 53.400647278081763, 0.0 ], [ -6.179266783880787, 53.400256555599348, 0.0 ], [ -6.181415599333158, 53.400288951078444, 0.0 ], [ -6.180292208911925, 53.400099526011964, 0.0 ], [ -6.179948995023482, 53.39968694381048, 0.0 ], [ -6.180735557621418, 53.398790396130586, 0.0 ], [ -6.181843531903852, 53.398767548468044, 0.0 ], [ -6.181887136067889, 53.398943394572612, 0.0 ], [ -6.182601533522424, 53.39869693807433, 0.0 ], [ -6.182856364103374, 53.397784370414037, 0.0 ], [ -6.183480987957547, 53.396698203340449, 0.0 ], [ -6.186807514778672, 53.397252752287265, 0.0 ], [ -6.187734361835769, 53.396103382157634, 0.0 ], [ -6.189887168889897, 53.394035302459649, 0.0 ], [ -6.192246365593395, 53.392856826101642, 0.0 ], [ -6.191700169984931, 53.392310513540039, 0.0 ], [ -6.190483647168937, 53.392195094071937, 0.0 ], [ -6.191659345817898, 53.391345810416112, 0.0 ], [ -6.193656171501544, 53.390432454135194, 0.0 ], [ -6.195213957468051, 53.391282761481868, 0.0 ], [ -6.19849262109492, 53.393269355496592, 0.0 ], [ -6.201521995583413, 53.390739894340719, 0.0 ], [ -6.204417007211464, 53.391694261415118, 0.0 ], [ -6.205289721513247, 53.391943867891769, 0.0 ], [ -6.208806563061148, 53.393161663251455, 0.0 ], [ -6.209877876719105, 53.393532591202373, 0.0 ], [ -6.21073895852175, 53.393833485603054, 0.0 ], [ -6.21256556559065, 53.394530387286522, 0.0 ], [ -6.213997267571421, 53.395128414022153, 0.0 ], [ -6.216252994803243, 53.396062226821236, 0.0 ], [ -6.21526837765734, 53.397306494730451, 0.0 ], [ -6.219831880712105, 53.397992937876978, 0.0 ], [ -6.220988575547681, 53.398736521757151, 0.0 ], [ -6.223363805592044, 53.399224633424211, 0.0 ], [ -6.223887929198598, 53.397832064689474, 0.0 ], [ -6.224726639810073, 53.39779285823105, 0.0 ], [ -6.225863577427782, 53.395423832261045, 0.0 ], [ -6.228513963385261, 53.395945952389972, 0.0 ], [ -6.229900404379014, 53.396403797039362, 0.0 ], [ -6.230451263610407, 53.395559430006436, 0.0 ], [ -6.232849206139623, 53.396096316583431, 0.0 ], [ -6.232936315739412, 53.397310478036175, 0.0 ], [ -6.233653528817193, 53.39726060191451, 0.0 ], [ -6.236898116155224, 53.397035325493043, 0.0 ], [ -6.236981618886912, 53.397952548741316, 0.0 ], [ -6.236067764877236, 53.399151919650102, 0.0 ], [ -6.235205051402257, 53.400265213486151, 0.0 ], [ -6.234714010713078, 53.400732082021342, 0.0 ], [ -6.234546577736405, 53.400899393538964, 0.0 ], [ -6.233946273149351, 53.401479332770826, 0.0 ], [ -6.233755990722146, 53.401665090555532, 0.0 ], [ -6.232486662046809, 53.402844433975822, 0.0 ], [ -6.238786396614194, 53.403810924821265, 0.0 ], [ -6.239944483152855, 53.403751244913565, 0.0 ], [ -6.240506992618111, 53.403722235657618, 0.0 ], [ -6.237564748531109, 53.407601560975849, 0.0 ], [ -6.238289066747408, 53.409413038897206, 0.0 ], [ -6.236955094761218, 53.40949203772913, 0.0 ], [ -6.235341544939073, 53.409973965661131, 0.0 ], [ -6.234990912865344, 53.411400694166112, 0.0 ], [ -6.233084458839856, 53.411661196316714, 0.0 ], [ -6.225695038555179, 53.410991822197495, 0.0 ], [ -6.22295312364989, 53.410462262217628, 0.0 ], [ -6.216445821177087, 53.410610425978867, 0.0 ], [ -6.211333884870417, 53.409439360957244, 0.0 ], [ -6.202811289384552, 53.408150806937599, 0.0 ], [ -6.198865542238249, 53.407328779365976, 0.0 ], [ -6.196256887937809, 53.406970131098547, 0.0 ], [ -6.194881500549824, 53.407115805500325, 0.0 ], [ -6.194690049852739, 53.407131156745088, 0.0 ], [ -6.191174137060769, 53.42327658899314, 0.0 ], [ -6.189850725635801, 53.423044860176823, 0.0 ], [ -6.182733760350421, 53.423465894699525, 0.0 ], [ -6.182475566534372, 53.424848944074675, 0.0 ], [ -6.176366678144315, 53.424587271668024, 0.0 ] ] ] } },
{ "type": "Feature", "properties": { "name": "Dublin 20", "district_code": "D20" }, "geometry": { "type": "Polygon", "coordinates": [ [ [ -6.338259206658058, 53.3431939377517, 0.0 ], [ -6.337875691894083, 53.342809025363906, 0.0 ], [ -6.338917817376813, 53.342394174468986, 0.0 ], [ -6.339973326901143, 53.342077471760973, 0.0 ], [ -6.339973323411361, 53.342077561594039, 0.0 ], [ -6.339780200002927, 53.343165138365848, 0.0 ], [ -6.339860024446203, 53.343166968174053, 0.0 ], [ -6.339842192153337, 53.344585590966602, 0.0 ], [ -6.343548034715444, 53.344651299906147, 0.0 ], [ -6.346425360265988, 53.345605217451393, 0.0 ], [ -6.346622897107964, 53.345811266915611, 0.0 ], [ -6.34729783327859, 53.345608048267565, 0.0 ], [ -6.348331459066274, 53.345556658126533, 0.0 ], [ -6.34948238103349, 53.345309951467229, 0.0 ], [ -6.35065120879412, 53.344952028314104, 0.0 ], [ -6.351531887378007, 53.34579173775257, 0.0 ], [ -6.3528658295694, 53.347930732132376, 0.0 ], [ -6.353114205996247, 53.349978062718826, 0.0 ], [ -6.353089743272045, 53.350098435711239, 0.0 ], [ -6.353040463847999, 53.350245520436118, 0.0 ], [ -6.356566211085749, 53.351160590059948, 0.0 ], [ -6.359889913768972, 53.35218530869966, 0.0 ], [ -6.359972767726566, 53.351837618493448, 0.0 ], [ -6.360234072638347, 53.350607589849218, 0.0 ], [ -6.36048069859515, 53.349346439638708, 0.0 ], [ -6.360807121387501, 53.347312776929101, 0.0 ], [ -6.36095332277539, 53.346837515805703, 0.0 ], [ -6.362585626732229, 53.346771035373592, 0.0 ], [ -6.363782108759589, 53.346940966506807, 0.0 ], [ -6.364090237832891, 53.345464577750533, 0.0 ], [ -6.368398972717377, 53.346078144449983, 0.0 ], [ -6.369056699256417, 53.346248473708265, 0.0 ], [ -6.369396565739804, 53.34631154174658, 0.0 ], [ -6.370833106700695, 53.346660939548038, 0.0 ], [ -6.370987044494676, 53.34659059716175, 0.0 ], [ -6.373103040595683, 53.3469346814353, 0.0 ], [ -6.376595616736509, 53.347442084262276, 0.0 ], [ -6.37814837775321, 53.347594427289735, 0.0 ], [ -6.378733562518702, 53.347764975030238, 0.0 ], [ -6.379593477083881, 53.346871913893409, 0.0 ], [ -6.379620948281984, 53.345641276063134, 0.0 ], [ -6.381249950121834, 53.345721990596189, 0.0 ], [ -6.383222680202863, 53.346569621905104, 0.0 ], [ -6.383511056716112, 53.346707451893423, 0.0 ], [ -6.386334891940839, 53.34734967600815, 0.0 ], [ -6.385897626705582, 53.34935556668546, 0.0 ], [ -6.385245665757067, 53.352346610907439, 0.0 ], [ -6.384636317079976, 53.355142107548062, 0.0 ], [ -6.384287190977645, 53.3564907168915, 0.0 ], [ -6.386553367971522, 53.3564633167463, 0.0 ], [ -6.390366476702956, 53.355450624989793, 0.0 ], [ -6.395347708085231, 53.355673477742435, 0.0 ], [ -6.398705589802712, 53.355225320513242, 0.0 ], [ -6.401449912966806, 53.356092793161977, 0.0 ], [ -6.403513730476345, 53.3560682920914, 0.0 ], [ -6.403417740788184, 53.357055065339942, 0.0 ], [ -6.404463503014776, 53.357301124391462, 0.0 ], [ -6.404825140069131, 53.353712892140535, 0.0 ], [ -6.406525532983903, 53.353725904358555, 0.0 ], [ -6.406481551041136, 53.354323652205892, 0.0 ], [ -6.408458139251344, 53.354426520294076, 0.0 ], [ -6.408900290905939, 53.356034357999377, 0.0 ], [ -6.40963310027281, 53.356023454396194, 0.0 ], [ -6.411925050708977, 53.356367931432786, 0.0 ], [ -6.411711472827776, 53.357176619906426, 0.0 ], [ -6.411043234793257, 53.357119997156261, 0.0 ], [ -6.410549013836922, 53.357538190503419, 0.0 ], [ -6.408906169818518, 53.357516296804555, 0.0 ], [ -6.408332346323363, 53.358211150510314, 0.0 ], [ -6.411621460152436, 53.358800640745855, 0.0 ], [ -6.40252911101374, 53.361744735735329, 0.0 ], [ -6.407009133896038, 53.362322694366519, 0.0 ], [ -6.408120637962821, 53.362873573550281, 0.0 ], [ -6.408974073284422, 53.365615072946568, 0.0 ], [ -6.409042045614714, 53.365706668461058, 0.0 ], [ -6.407475991898495, 53.365531455948727, 0.0 ], [ -6.403880822694479, 53.364185551953518, 0.0 ], [ -6.395374891701517, 53.363033092886312, 0.0 ], [ -6.39140492879852, 53.362434429470902, 0.0 ], [ -6.390585770139973, 53.362293596984294, 0.0 ], [ -6.389158471529619, 53.362170616812328, 0.0 ], [ -6.385725212017422, 53.363448077018901, 0.0 ], [ -6.384003020400308, 53.363087266057207, 0.0 ], [ -6.382295607572682, 53.363099276123769, 0.0 ], [ -6.382479939569899, 53.362518807989169, 0.0 ], [ -6.382025017074969, 53.363951182881742, 0.0 ], [ -6.379292084246237, 53.363724180148211, 0.0 ], [ -6.374319766434589, 53.363241207863716, 0.0 ], [ -6.367819612242887, 53.362996716926204, 0.0 ], [ -6.365069587325447, 53.362284155793581, 0.0 ], [ -6.363288768345507, 53.361195373102987, 0.0 ], [ -6.362516062786709, 53.360977147258218, 0.0 ], [ -6.360681928799988, 53.360147259599692, 0.0 ], [ -6.35998798272673, 53.360137724457658, 0.0 ], [ -6.35892718623669, 53.360642294175655, 0.0 ], [ -6.355092714942931, 53.360218470643801, 0.0 ], [ -6.353358080387963, 53.363027871456978, 0.0 ], [ -6.347046763970408, 53.36151653893301, 0.0 ], [ -6.343207746574666, 53.357569550843181, 0.0 ], [ -6.332342725821578, 53.351343825955141, 0.0 ], [ -6.331250813964404, 53.347469312122925, 0.0 ], [ -6.332521003374937, 53.347846237528969, 0.0 ], [ -6.33280620669242, 53.34655035469769, 0.0 ], [ -6.329602160140009, 53.346389772917689, 0.0 ], [ -6.329791227680524, 53.345495400365024, 0.0 ], [ -6.333314994187485, 53.345924336697777, 0.0 ], [ -6.33387044190599, 53.343227734914819, 0.0 ], [ -6.334000289608188, 53.343029920925517, 0.0 ], [ -6.335422329433023, 53.343302696539723, 0.0 ], [ -6.336912883914132, 53.343088622453948, 0.0 ], [ -6.337536607685113, 53.34350456883665, 0.0 ], [ -6.338259206658058, 53.3431939377517, 0.0 ] ] ] } },
{ "type": "Feature", "properties": { "name": "Dublin 22", "district_code": "D22" }, "geometry": { "type": "Polygon", "coordinates": [ [ [ -6.459425186901075, 53.321595097083041, 0.0 ], [ -6.459519680320833, 53.32182452377608, 0.0 ], [ -6.4589601100977, 53.323191118070724, 0.0 ], [ -6.458983174615097, 53.324464751430916, 0.0 ], [ -6.457680839840917, 53.324281372064874, 0.0 ], [ -6.454530611540664, 53.325071275416796, 0.0 ], [ -6.452650432206338, 53.326708251808725, 0.0 ], [ -6.451405182412509, 53.329962751430919, 0.0 ], [ -6.447773890734318, 53.329656073317366, 0.0 ], [ -6.44619817890053, 53.330875820763254, 0.0 ], [ -6.443069711689679, 53.330763218188679, 0.0 ], [ -6.431721285100759, 53.33034861466993, 0.0 ], [ -6.428767693758298, 53.330240541819578, 0.0 ], [ -6.423745766065102, 53.330059155688993, 0.0 ], [ -6.419759135331039, 53.329903320384446, 0.0 ], [ -6.414314078395427, 53.329673956539672, 0.0 ], [ -6.411454666061037, 53.329606253770358, 0.0 ], [ -6.410659919081069, 53.329580028869707, 0.0 ], [ -6.409192278500185, 53.329527480419173, 0.0 ], [ -6.410168239567023, 53.337853210777432, 0.0 ], [ -6.407808153639388, 53.337984960978538, 0.0 ], [ -6.408155779358814, 53.339099717512369, 0.0 ], [ -6.408159126495227, 53.339651630221923, 0.0 ], [ -6.408163273608065, 53.340108909096671, 0.0 ], [ -6.407971691495901, 53.34094934460034, 0.0 ], [ -6.412020808922507, 53.341333617961887, 0.0 ], [ -6.412655621805836, 53.341443181272453, 0.0 ], [ -6.414364511393195, 53.341881692838676, 0.0 ], [ -6.413040701119234, 53.344238469874313, 0.0 ], [ -6.412338348267222, 53.345172063990837, 0.0 ], [ -6.412596281937652, 53.345474708609132, 0.0 ], [ -6.411501712017632, 53.347564247021232, 0.0 ], [ -6.414759735859642, 53.348363113560524, 0.0 ], [ -6.414855001593377, 53.348386489827057, 0.0 ], [ -6.413179167785058, 53.349865939510863, 0.0 ], [ -6.411676113241285, 53.35119361071574, 0.0 ], [ -6.410739598915227, 53.351310748664034, 0.0 ], [ -6.410095764805392, 53.352288611133723, 0.0 ], [ -6.408881438133171, 53.353440513004706, 0.0 ], [ -6.406241982911739, 53.353249615066652, 0.0 ], [ -6.404246025304637, 53.353026729829807, 0.0 ], [ -6.404181411779344, 53.353433025042293, 0.0 ], [ -6.403743941949169, 53.353704545287094, 0.0 ], [ -6.404825140069131, 53.353712892140535, 0.0 ], [ -6.404463503014776, 53.357301124391462, 0.0 ], [ -6.403417740788184, 53.357055065339942, 0.0 ], [ -6.403513730476345, 53.3560682920914, 0.0 ], [ -6.401449912966806, 53.356092793161977, 0.0 ], [ -6.398705589802712, 53.355225320513242, 0.0 ], [ -6.395347708085231, 53.355673477742435, 0.0 ], [ -6.390366476702956, 53.355450624989793, 0.0 ], [ -6.386553367971522, 53.3564633167463, 0.0 ], [ -6.384287190977645, 53.3564907168915, 0.0 ], [ -6.384636317079976, 53.355142107548062, 0.0 ], [ -6.385245665757067, 53.352346610907439, 0.0 ], [ -6.385897626705582, 53.34935556668546, 0.0 ], [ -6.386334891940839, 53.34734967600815, 0.0 ], [ -6.383511056716112, 53.346707451893423, 0.0 ], [ -6.383222680202863, 53.346569621905104, 0.0 ], [ -6.381249950121834, 53.345721990596189, 0.0 ], [ -6.379620948281984, 53.345641276063134, 0.0 ], [ -6.379721324088456, 53.34509804983805, 0.0 ], [ -6.38036971224058, 53.343943612453913, 0.0 ], [ -6.381244110670231, 53.34371810314348, 0.0 ], [ -6.382111436478674, 53.343345446147566, 0.0 ], [ -6.381024851822385, 53.341197648728638, 0.0 ], [ -6.381202696829408, 53.339978577581157, 0.0 ], [ -6.381838057404129, 53.338844448139895, 0.0 ], [ -6.381765738703228, 53.337728671493387, 0.0 ], [ -6.382565056798349, 53.337418455338138, 0.0 ], [ -6.384152968523774, 53.338014402822587, 0.0 ], [ -6.38562163153334, 53.337968222647788, 0.0 ], [ -6.385325685610096, 53.337337117207703, 0.0 ], [ -6.385796357955166, 53.337050833583326, 0.0 ], [ -6.382577257422568, 53.333669407686934, 0.0 ], [ -6.38033558499765, 53.331555547498184, 0.0 ], [ -6.377290380646345, 53.328540710757288, 0.0 ], [ -6.377797706695231, 53.32849799626576, 0.0 ], [ -6.37617720705133, 53.327033892257866, 0.0 ], [ -6.375244534150773, 53.3261912279971, 0.0 ], [ -6.374692557806978, 53.325692596642661, 0.0 ], [ -6.372503465047967, 53.323421825811415, 0.0 ], [ -6.369965259114331, 53.320831836752546, 0.0 ], [ -6.369872739433321, 53.319156888166063, 0.0 ], [ -6.369745252811837, 53.317902556307267, 0.0 ], [ -6.366911092554971, 53.318476149647552, 0.0 ], [ -6.365525909260587, 53.318923662156841, 0.0 ], [ -6.366149071011047, 53.319861215874973, 0.0 ], [ -6.365405212049451, 53.320954410975936, 0.0 ], [ -6.364526264781442, 53.320994853820906, 0.0 ], [ -6.363628502234108, 53.320378357008892, 0.0 ], [ -6.362890075160925, 53.319775365277152, 0.0 ], [ -6.362381271569358, 53.319939785204973, 0.0 ], [ -6.359205805046921, 53.321087528059017, 0.0 ], [ -6.359280102674811, 53.321658309891099, 0.0 ], [ -6.35994030619418, 53.322744440796981, 0.0 ], [ -6.358512856607273, 53.32335532569963, 0.0 ], [ -6.357407519740424, 53.323576408801259, 0.0 ], [ -6.355386287218009, 53.323653720180886, 0.0 ], [ -6.354557047420986, 53.322767465792424, 0.0 ], [ -6.353701884013336, 53.323076454117349, 0.0 ], [ -6.353063903129563, 53.322439553854771, 0.0 ], [ -6.352380490306007, 53.321957248236664, 0.0 ], [ -6.351281227305623, 53.322020885636434, 0.0 ], [ -6.350426808731257, 53.322560677217488, 0.0 ], [ -6.349275491154266, 53.322833719938608, 0.0 ], [ -6.34769689187894, 53.32281186379609, 0.0 ], [ -6.346925961011877, 53.323457948726038, 0.0 ], [ -6.346181532805931, 53.323421384428102, 0.0 ], [ -6.345847087926275, 53.322996459705493, 0.0 ], [ -6.345204099134569, 53.32186491737103, 0.0 ], [ -6.345299043741502, 53.321887716252952, 0.0 ], [ -6.345119847163819, 53.320612413470649, 0.0 ], [ -6.343130175439294, 53.319357185649544, 0.0 ], [ -6.345074419427538, 53.318020758469153, 0.0 ], [ -6.34453589977034, 53.317198955466878, 0.0 ], [ -6.345728984500465, 53.316979119214281, 0.0 ], [ -6.347110616955004, 53.317549878486396, 0.0 ], [ -6.348699159565598, 53.317309156611564, 0.0 ], [ -6.350336923029215, 53.31806741190902, 0.0 ], [ -6.352536693093077, 53.319043461682099, 0.0 ], [ -6.355863019811427, 53.31924701055631, 0.0 ], [ -6.356700155452108, 53.319153474890882, 0.0 ], [ -6.356263127072251, 53.317965328564007, 0.0 ], [ -6.357521150859191, 53.317194575374877, 0.0 ], [ -6.357286338473777, 53.316455839348855, 0.0 ], [ -6.358233309666138, 53.315785866243054, 0.0 ], [ -6.359308745838834, 53.315196479204118, 0.0 ], [ -6.359798437819402, 53.313863526736185, 0.0 ], [ -6.361293146713249, 53.313779000379348, 0.0 ], [ -6.361813163140578, 53.31394379639331, 0.0 ], [ -6.362173647025632, 53.314841901670299, 0.0 ], [ -6.363437577807721, 53.316198937354919, 0.0 ], [ -6.364367378384879, 53.315975302567551, 0.0 ], [ -6.366132419974762, 53.3145546459644, 0.0 ], [ -6.36784765979857, 53.313290934583044, 0.0 ], [ -6.374221596023422, 53.311775577637547, 0.0 ], [ -6.377367214289833, 53.310951596186754, 0.0 ], [ -6.380554267367876, 53.307868921936141, 0.0 ], [ -6.382295037091499, 53.306097970766942, 0.0 ], [ -6.380674369026343, 53.305058517071245, 0.0 ], [ -6.389232338723709, 53.301797379600167, 0.0 ], [ -6.397039022651619, 53.311876072776506, 0.0 ], [ -6.397630879194399, 53.311784796643543, 0.0 ], [ -6.397833936085838, 53.31172694446316, 0.0 ], [ -6.400561403108145, 53.310610104660825, 0.0 ], [ -6.401315511749432, 53.310157506191459, 0.0 ], [ -6.401832057526947, 53.30983824965687, 0.0 ], [ -6.407218067376761, 53.306630622167475, 0.0 ], [ -6.407285785298175, 53.306603483562988, 0.0 ], [ -6.410902904606397, 53.30519574703461, 0.0 ], [ -6.417925932224328, 53.302587558245747, 0.0 ], [ -6.415688990876971, 53.301599009908138, 0.0 ], [ -6.416889649603798, 53.30129290970433, 0.0 ], [ -6.414936013663514, 53.300388820315376, 0.0 ], [ -6.416724471101608, 53.298184780843819, 0.0 ], [ -6.417924032557194, 53.297068646225988, 0.0 ], [ -6.418607832108149, 53.296712438433516, 0.0 ], [ -6.420145802682422, 53.296331143899401, 0.0 ], [ -6.420958118368441, 53.295794076471424, 0.0 ], [ -6.422157505339442, 53.294677807691563, 0.0 ], [ -6.424361610237973, 53.294414836440474, 0.0 ], [ -6.424956924960831, 53.295559697956016, 0.0 ], [ -6.427321502476357, 53.295243694059018, 0.0 ], [ -6.426625569432455, 53.295885523512162, 0.0 ], [ -6.43027978705528, 53.296757170610391, 0.0 ], [ -6.434977226098777, 53.294992975717349, 0.0 ], [ -6.439788113122844, 53.293449032083437, 0.0 ], [ -6.439955270856501, 53.292209602146343, 0.0 ], [ -6.439484432558841, 53.291587396729021, 0.0 ], [ -6.441425918285006, 53.29140444353235, 0.0 ], [ -6.446130800007013, 53.290483174711632, 0.0 ], [ -6.450956069333487, 53.294763346173895, 0.0 ], [ -6.456151611002905, 53.299432348105015, 0.0 ], [ -6.470417093900615, 53.302830026210017, 0.0 ], [ -6.477957958368804, 53.303364758387474, 0.0 ], [ -6.480224412253011, 53.301348611731349, 0.0 ], [ -6.481483554367577, 53.300545570162384, 0.0 ], [ -6.481217827826666, 53.299797257256898, 0.0 ], [ -6.481490960033859, 53.297389691690533, 0.0 ], [ -6.481987995875921, 53.294270604725497, 0.0 ], [ -6.487194902809049, 53.294541878765777, 0.0 ], [ -6.487791709321976, 53.293587008181831, 0.0 ], [ -6.48891160365371, 53.292820682128003, 0.0 ], [ -6.4892504680671, 53.291667405006606, 0.0 ], [ -6.490501335088719, 53.290945686287351, 0.0 ], [ -6.490584923719641, 53.290139797437554, 0.0 ], [ -6.492744825464169, 53.290716197115117, 0.0 ], [ -6.493145808177321, 53.289358677022861, 0.0 ], [ -6.49594466333227, 53.289188904468894, 0.0 ], [ -6.496591587639527, 53.288370252250218, 0.0 ], [ -6.498941849813465, 53.288710756618748, 0.0 ], [ -6.499694407749795, 53.286993804470725, 0.0 ], [ -6.498803496439169, 53.283101643618295, 0.0 ], [ -6.499521864711371, 53.282693190711349, 0.0 ], [ -6.502705986216217, 53.282970950252228, 0.0 ], [ -6.509115646272488, 53.281768131969542, 0.0 ], [ -6.511016278455558, 53.278437005954871, 0.0 ], [ -6.513038854210199, 53.276344035137342, 0.0 ], [ -6.515266790242801, 53.275349319976407, 0.0 ], [ -6.520991481819958, 53.275420469996931, 0.0 ], [ -6.524188312620707, 53.276143082869211, 0.0 ], [ -6.523500307244443, 53.279128836484475, 0.0 ], [ -6.52387928518991, 53.280954951801647, 0.0 ], [ -6.52340757457381, 53.281173002905263, 0.0 ], [ -6.526417175976528, 53.28221734200244, 0.0 ], [ -6.534812824746459, 53.28512469963276, 0.0 ], [ -6.533040786482231, 53.287304075061996, 0.0 ], [ -6.530699779543818, 53.287157150696608, 0.0 ], [ -6.528587709878113, 53.290863646845317, 0.0 ], [ -6.526731593415225, 53.299798169658452, 0.0 ], [ -6.526012097896698, 53.299695983992073, 0.0 ], [ -6.526970527203122, 53.301596112701453, 0.0 ], [ -6.540437682377784, 53.305737783848272, 0.0 ], [ -6.542407383286216, 53.306980909573326, 0.0 ], [ -6.528084021451713, 53.313546976174479, 0.0 ], [ -6.53029219525829, 53.314341417872214, 0.0 ], [ -6.530729605187932, 53.315160577127862, 0.0 ], [ -6.531016619509104, 53.31532041287349, 0.0 ], [ -6.525540470076621, 53.31580929191599, 0.0 ], [ -6.516227444514985, 53.31737393141885, 0.0 ], [ -6.507726023948503, 53.319788020335018, 0.0 ], [ -6.504304983601146, 53.322347196448526, 0.0 ], [ -6.501718428726484, 53.321470854659324, 0.0 ], [ -6.50112497445448, 53.320964026426246, 0.0 ], [ -6.499565975747548, 53.323030719840737, 0.0 ], [ -6.499382973066947, 53.324858732187707, 0.0 ], [ -6.498364405610719, 53.326542757314265, 0.0 ], [ -6.475258699558176, 53.32871184721035, 0.0 ], [ -6.468712514758698, 53.323748671299633, 0.0 ], [ -6.465380726622072, 53.322356122679587, 0.0 ], [ -6.462356715858473, 53.322057516410403, 0.0 ], [ -6.459425186901075, 53.321595097083041, 0.0 ] ] ] } },
{ "type": "Feature", "properties": { "name": "Dublin 24", "district_code": "D24" }, "geometry": { "type": "Polygon", "coordinates": [ [ [ -6.30466929423773, 53.224559509978938, 0.0 ], [ -6.307452897617818, 53.223139459876322, 0.0 ], [ -6.310826805298908, 53.222222884427602, 0.0 ], [ -6.309611096100218, 53.220994101926294, 0.0 ], [ -6.308452908476187, 53.218702348917773, 0.0 ], [ -6.30765278928143, 53.214470494123141, 0.0 ], [ -6.312125957853034, 53.194528847735683, 0.0 ], [ -6.331991478455547, 53.178209363180507, 0.0 ], [ -6.340632167375127, 53.179744742923866, 0.0 ], [ -6.35253045250206, 53.169931915676749, 0.0 ], [ -6.380631958229527, 53.178506528282021, 0.0 ], [ -6.427369481984954, 53.192910651092909, 0.0 ], [ -6.447150416991061, 53.200900025408203, 0.0 ], [ -6.44334406849637, 53.203194391439098, 0.0 ], [ -6.445359427000358, 53.204495416912017, 0.0 ], [ -6.44148505729349, 53.206223297934585, 0.0 ], [ -6.44198182686787, 53.207804711703147, 0.0 ], [ -6.441876386541315, 53.209815705584624, 0.0 ], [ -6.444071130966024, 53.209625613754959, 0.0 ], [ -6.451614377111996, 53.208139171067053, 0.0 ], [ -6.452992744153033, 53.209023719167526, 0.0 ], [ -6.45873436327185, 53.210535703532138, 0.0 ], [ -6.458741825559615, 53.210953931026985, 0.0 ], [ -6.457646856899472, 53.211875972592992, 0.0 ], [ -6.467997529269588, 53.214369806184123, 0.0 ], [ -6.468000427126726, 53.21461045706441, 0.0 ], [ -6.467838481300867, 53.21914479827992, 0.0 ], [ -6.471898220056473, 53.22306139253908, 0.0 ], [ -6.477351712315283, 53.227163557042978, 0.0 ], [ -6.480128912441179, 53.229571161504097, 0.0 ], [ -6.478351292007511, 53.23183281463438, 0.0 ], [ -6.475262386750217, 53.234409874185424, 0.0 ], [ -6.473324675338894, 53.236067109385317, 0.0 ], [ -6.471808911054374, 53.23680142897301, 0.0 ], [ -6.471960719658987, 53.237746231825007, 0.0 ], [ -6.473054893053766, 53.237984868956261, 0.0 ], [ -6.474907805689144, 53.237919790959268, 0.0 ], [ -6.478491868305738, 53.238417703025689, 0.0 ], [ -6.487057384353656, 53.2406262795432, 0.0 ], [ -6.496350789304321, 53.242333793877755, 0.0 ], [ -6.505056484785979, 53.244858855449017, 0.0 ], [ -6.50496138083956, 53.245339424481685, 0.0 ], [ -6.50815637358744, 53.24611414311056, 0.0 ], [ -6.510173115113996, 53.247001415265167, 0.0 ], [ -6.510542831971814, 53.246583236242074, 0.0 ], [ -6.511105764171021, 53.247298889983959, 0.0 ], [ -6.513079983194195, 53.247701393015092, 0.0 ], [ -6.514700949044718, 53.247567007910718, 0.0 ], [ -6.515061356173502, 53.247930482303822, 0.0 ], [ -6.512691111998038, 53.249620080596401, 0.0 ], [ -6.511962197545696, 53.254483419855426, 0.0 ], [ -6.511874869974246, 53.261172509010585, 0.0 ], [ -6.510810856721492, 53.261103136696988, 0.0 ], [ -6.510692372044404, 53.262388927188994, 0.0 ], [ -6.50888575621144, 53.262103892405491, 0.0 ], [ -6.506848827368758, 53.264821375504546, 0.0 ], [ -6.508857706035942, 53.26610817331035, 0.0 ], [ -6.510171687508128, 53.265211234213268, 0.0 ], [ -6.515359869749152, 53.264027066235016, 0.0 ], [ -6.516705893553007, 53.264473989403953, 0.0 ], [ -6.517363413697003, 53.265124095178379, 0.0 ], [ -6.518152287156897, 53.264650705634942, 0.0 ], [ -6.518728694133959, 53.26487241366285, 0.0 ], [ -6.521394965090545, 53.266316995041734, 0.0 ], [ -6.523373785449086, 53.267389077133316, 0.0 ], [ -6.52541613791186, 53.268008375021587, 0.0 ], [ -6.526625591296098, 53.273080894676902, 0.0 ], [ -6.527256424844005, 53.273799551843062, 0.0 ], [ -6.52470418156648, 53.27390488630698, 0.0 ], [ -6.524188312620707, 53.276143082869211, 0.0 ], [ -6.520991481819958, 53.275420469996931, 0.0 ], [ -6.515266790242801, 53.275349319976407, 0.0 ], [ -6.513038854210199, 53.276344035137342, 0.0 ], [ -6.511016278455558, 53.278437005954871, 0.0 ], [ -6.509115646272488, 53.281768131969542, 0.0 ], [ -6.502705986216217, 53.282970950252228, 0.0 ], [ -6.499521864711371, 53.282693190711349, 0.0 ], [ -6.498803496439169, 53.283101643618295, 0.0 ], [ -6.499694407749795, 53.286993804470725, 0.0 ], [ -6.498941849813465, 53.288710756618748, 0.0 ], [ -6.496591587639527, 53.288370252250218, 0.0 ], [ -6.49594466333227, 53.289188904468894, 0.0 ], [ -6.493145808177321, 53.289358677022861, 0.0 ], [ -6.492744825464169, 53.290716197115117, 0.0 ], [ -6.490584923719641, 53.290139797437554, 0.0 ], [ -6.490501335088719, 53.290945686287351, 0.0 ], [ -6.4892504680671, 53.291667405006606, 0.0 ], [ -6.48891160365371, 53.292820682128003, 0.0 ], [ -6.487791709321976, 53.293587008181831, 0.0 ], [ -6.487194902809049, 53.294541878765777, 0.0 ], [ -6.481987995875921, 53.294270604725497, 0.0 ], [ -6.481490960033859, 53.297389691690533, 0.0 ], [ -6.481217827826666, 53.299797257256898, 0.0 ], [ -6.481483554367577, 53.300545570162384, 0.0 ], [ -6.480224412253011, 53.301348611731349, 0.0 ], [ -6.477957958368804, 53.303364758387474, 0.0 ], [ -6.470417093900615, 53.302830026210017, 0.0 ], [ -6.456151611002905, 53.299432348105015, 0.0 ], [ -6.450956069333487, 53.294763346173895, 0.0 ], [ -6.446130800007013, 53.290483174711632, 0.0 ], [ -6.441425918285006, 53.29140444353235, 0.0 ], [ -6.439484432558841, 53.291587396729021, 0.0 ], [ -6.439955270856501, 53.292209602146343, 0.0 ], [ -6.439788113122844, 53.293449032083437, 0.0 ], [ -6.434977226098777, 53.294992975717349, 0.0 ], [ -6.43027978705528, 53.296757170610391, 0.0 ], [ -6.426625569432455, 53.295885523512162, 0.0 ], [ -6.427321502476357, 53.295243694059018, 0.0 ], [ -6.424956924960831, 53.295559697956016, 0.0 ], [ -6.424361610237973, 53.294414836440474, 0.0 ], [ -6.422157505339442, 53.294677807691563, 0.0 ], [ -6.420958118368441, 53.295794076471424, 0.0 ], [ -6.420145802682422, 53.296331143899401, 0.0 ], [ -6.418607832108149, 53.296712438433516, 0.0 ], [ -6.417924032557194, 53.297068646225988, 0.0 ], [ -6.416724471101608, 53.298184780843819, 0.0 ], [ -6.414936013663514, 53.300388820315376, 0.0 ], [ -6.416889649603798, 53.30129290970433, 0.0 ], [ -6.415688990876971, 53.301599009908138, 0.0 ], [ -6.417925932224328, 53.302587558245747, 0.0 ], [ -6.410902904606397, 53.30519574703461, 0.0 ], [ -6.407285785298175, 53.306603483562988, 0.0 ], [ -6.407218067376761, 53.306630622167475, 0.0 ], [ -6.401832057526947, 53.30983824965687, 0.0 ], [ -6.401315511749432, 53.310157506191459, 0.0 ], [ -6.400561403108145, 53.310610104660825, 0.0 ], [ -6.397833936085838, 53.31172694446316, 0.0 ], [ -6.397630879194399, 53.311784796643543, 0.0 ], [ -6.397039022651619, 53.311876072776506, 0.0 ], [ -6.389232338723709, 53.301797379600167, 0.0 ], [ -6.380674369026343, 53.305058517071245, 0.0 ], [ -6.382295037091499, 53.306097970766942, 0.0 ], [ -6.380554267367876, 53.307868921936141, 0.0 ], [ -6.377367214289833, 53.310951596186754, 0.0 ], [ -6.374221596023422, 53.311775577637547, 0.0 ], [ -6.36784765979857, 53.313290934583044, 0.0 ], [ -6.366132419974762, 53.3145546459644, 0.0 ], [ -6.364367378384879, 53.315975302567551, 0.0 ], [ -6.363437577807721, 53.316198937354919, 0.0 ], [ -6.362173647025632, 53.314841901670299, 0.0 ], [ -6.361813163140578, 53.31394379639331, 0.0 ], [ -6.361293146713249, 53.313779000379348, 0.0 ], [ -6.359798437819402, 53.313863526736185, 0.0 ], [ -6.359574686953263, 53.314472274694452, 0.0 ], [ -6.358731046058274, 53.313211941248042, 0.0 ], [ -6.357428932419634, 53.313651694192366, 0.0 ], [ -6.357063650400071, 53.313116630140271, 0.0 ], [ -6.356516005828528, 53.312531145150651, 0.0 ], [ -6.355525777491558, 53.312044627932238, 0.0 ], [ -6.352293913116864, 53.311684808065777, 0.0 ], [ -6.351925571301554, 53.310996706350906, 0.0 ], [ -6.355652933447204, 53.308736481570001, 0.0 ], [ -6.354976897290343, 53.308070391984216, 0.0 ], [ -6.354152094703033, 53.307848868734425, 0.0 ], [ -6.353090921905543, 53.308070699251445, 0.0 ], [ -6.350440276931645, 53.307429880988941, 0.0 ], [ -6.34789335556365, 53.3070216166577, 0.0 ], [ -6.350012666069573, 53.304624860842331, 0.0 ], [ -6.348033184314149, 53.303986529778719, 0.0 ], [ -6.341901952929934, 53.301591472209125, 0.0 ], [ -6.338161126100923, 53.299654662159632, 0.0 ], [ -6.335127785505533, 53.29718364367158, 0.0 ], [ -6.331353977422726, 53.291396939667521, 0.0 ], [ -6.331853027614507, 53.290686570408312, 0.0 ], [ -6.331013874391261, 53.289473728764712, 0.0 ], [ -6.330946399416992, 53.288554724696347, 0.0 ], [ -6.330491913269913, 53.288642828677986, 0.0 ], [ -6.32992291412242, 53.287423064702068, 0.0 ], [ -6.329319197413104, 53.286421764997435, 0.0 ], [ -6.329575300552956, 53.286347964230913, 0.0 ], [ -6.330170650835816, 53.286513957117045, 0.0 ], [ -6.330293215089703, 53.286333841134933, 0.0 ], [ -6.330185574433062, 53.285490493991674, 0.0 ], [ -6.330354710670015, 53.284509277865006, 0.0 ], [ -6.329543699399549, 53.284519759967424, 0.0 ], [ -6.330103643140546, 53.283550220434982, 0.0 ], [ -6.330336139843052, 53.282409451051258, 0.0 ], [ -6.331084358397892, 53.280898663741539, 0.0 ], [ -6.331237395915689, 53.280583520237734, 0.0 ], [ -6.331392058956324, 53.280118654884255, 0.0 ], [ -6.331411501255407, 53.279137049441516, 0.0 ], [ -6.331129439547566, 53.276640476605799, 0.0 ], [ -6.3310244694367, 53.274992267025119, 0.0 ], [ -6.330888049817214, 53.273865745143411, 0.0 ], [ -6.332120943469986, 53.273655056935041, 0.0 ], [ -6.332211297446514, 53.272395177015511, 0.0 ], [ -6.33149105051678, 53.272421231999871, 0.0 ], [ -6.330422673021581, 53.27250793234937, 0.0 ], [ -6.329835075466829, 53.272646031132659, 0.0 ], [ -6.329834951869169, 53.272646029401159, 0.0 ], [ -6.328725369196192, 53.271585593104149, 0.0 ], [ -6.328091621083555, 53.271049544781732, 0.0 ], [ -6.327831677195968, 53.270831169116448, 0.0 ], [ -6.327689891846427, 53.270712602367226, 0.0 ], [ -6.327049037373242, 53.270166022179822, 0.0 ], [ -6.32647598131374, 53.269359370486178, 0.0 ], [ -6.327862615853539, 53.266965024932524, 0.0 ], [ -6.325031585120812, 53.26503144968077, 0.0 ], [ -6.324386497126466, 53.264074389126847, 0.0 ], [ -6.322941720532614, 53.263452935386731, 0.0 ], [ -6.322441673595302, 53.26270885934435, 0.0 ], [ -6.322130076935495, 53.26207178778764, 0.0 ], [ -6.32249814428329, 53.26148095395029, 0.0 ], [ -6.324087125638078, 53.261745268922006, 0.0 ], [ -6.325125612289964, 53.260907864077197, 0.0 ], [ -6.325931323871232, 53.261094453609964, 0.0 ], [ -6.325884177365923, 53.261696905929988, 0.0 ], [ -6.326634967408855, 53.262540122815203, 0.0 ], [ -6.326555954613674, 53.264037990626626, 0.0 ], [ -6.327787314597716, 53.265152649770023, 0.0 ], [ -6.329380537324986, 53.265385403586315, 0.0 ], [ -6.330591545531121, 53.263121501920068, 0.0 ], [ -6.331384666553943, 53.26242963261857, 0.0 ], [ -6.33107375558557, 53.261403312181329, 0.0 ], [ -6.328369267133059, 53.259029720335292, 0.0 ], [ -6.329231280990773, 53.257650867329581, 0.0 ], [ -6.329098141856976, 53.256458411640764, 0.0 ], [ -6.331197816849396, 53.256223030589936, 0.0 ], [ -6.330609362568035, 53.254389178141444, 0.0 ], [ -6.328329036799231, 53.254475955114458, 0.0 ], [ -6.328753580953201, 53.248040710676314, 0.0 ], [ -6.326659721533182, 53.24673714961191, 0.0 ], [ -6.326620934843321, 53.245295598715025, 0.0 ], [ -6.327328816963909, 53.244548359813315, 0.0 ], [ -6.326131479654806, 53.242361860142559, 0.0 ], [ -6.325479997089348, 53.239930535705042, 0.0 ], [ -6.323080545371275, 53.237780046957702, 0.0 ], [ -6.319994723691718, 53.23410547875347, 0.0 ], [ -6.317056015362533, 53.231711045791307, 0.0 ], [ -6.315927039125916, 53.232126537209489, 0.0 ], [ -6.314993061647209, 53.231722611264814, 0.0 ], [ -6.310876593862568, 53.228753635227172, 0.0 ], [ -6.308646650954394, 53.226291822039272, 0.0 ], [ -6.306415973788905, 53.225063248287938, 0.0 ], [ -6.30466929423773, 53.224559509978938, 0.0 ] ] ] } },
{ "type": "Feature", "properties": { "name": "Lucan", "district_code": "K78" }, "geometry": { "type": "Polygon", "coordinates": [ [ [ -6.403743941949169, 53.353704545287094, 0.0 ], [ -6.404181411779344, 53.353433025042293, 0.0 ], [ -6.404246025304637, 53.353026729829807, 0.0 ], [ -6.406241982911739, 53.353249615066652, 0.0 ], [ -6.408881438133171, 53.353440513004706, 0.0 ], [ -6.410095764805392, 53.352288611133723, 0.0 ], [ -6.410739598915227, 53.351310748664034, 0.0 ], [ -6.411676113241285, 53.35119361071574, 0.0 ], [ -6.413179167785058, 53.349865939510863, 0.0 ], [ -6.414855001593377, 53.348386489827057, 0.0 ], [ -6.414759735859642, 53.348363113560524, 0.0 ], [ -6.411501712017632, 53.347564247021232, 0.0 ], [ -6.412596281937652, 53.345474708609132, 0.0 ], [ -6.412338348267222, 53.345172063990837, 0.0 ], [ -6.413040701119234, 53.344238469874313, 0.0 ], [ -6.414364511393195, 53.341881692838676, 0.0 ], [ -6.412655621805836, 53.341443181272453, 0.0 ], [ -6.412020808922507, 53.341333617961887, 0.0 ], [ -6.407971691495901, 53.34094934460034, 0.0 ], [ -6.408163273608065, 53.340108909096671, 0.0 ], [ -6.408159126495227, 53.339651630221923, 0.0 ], [ -6.408155779358814, 53.339099717512369, 0.0 ], [ -6.407808153639388, 53.337984960978538, 0.0 ], [ -6.410168239567023, 53.337853210777432, 0.0 ], [ -6.409192278500185, 53.329527480419173, 0.0 ], [ -6.410659919081069, 53.329580028869707, 0.0 ], [ -6.411454666061037, 53.329606253770358, 0.0 ], [ -6.414314078395427, 53.329673956539672, 0.0 ], [ -6.419759135331039, 53.329903320384446, 0.0 ], [ -6.423745766065102, 53.330059155688993, 0.0 ], [ -6.428767693758298, 53.330240541819578, 0.0 ], [ -6.431721285100759, 53.33034861466993, 0.0 ], [ -6.443069711689679, 53.330763218188679, 0.0 ], [ -6.44619817890053, 53.330875820763254, 0.0 ], [ -6.447773890734318, 53.329656073317366, 0.0 ], [ -6.451405182412509, 53.329962751430919, 0.0 ], [ -6.452650432206338, 53.326708251808725, 0.0 ], [ -6.454530611540664, 53.325071275416796, 0.0 ], [ -6.457680839840917, 53.324281372064874, 0.0 ], [ -6.458983174615097, 53.324464751430916, 0.0 ], [ -6.4589601100977, 53.323191118070724, 0.0 ], [ -6.459519680320833, 53.32182452377608, 0.0 ], [ -6.459425186901075, 53.321595097083041, 0.0 ], [ -6.462356715858473, 53.322057516410403, 0.0 ], [ -6.465380726622072, 53.322356122679587, 0.0 ], [ -6.468712514758698, 53.323748671299633, 0.0 ], [ -6.475258699558176, 53.32871184721035, 0.0 ], [ -6.498364405610719, 53.326542757314265, 0.0 ], [ -6.496278098331049, 53.329002914379693, 0.0 ], [ -6.49338173537829, 53.330358250946098, 0.0 ], [ -6.495229939808264, 53.331025207174022, 0.0 ], [ -6.49508456938248, 53.332498930830816, 0.0 ], [ -6.493491521075948, 53.333385263059746, 0.0 ], [ -6.492962512542324, 53.334343441804137, 0.0 ], [ -6.491154968001903, 53.334181011875266, 0.0 ], [ -6.490476407233712, 53.336710545011869, 0.0 ], [ -6.489154828992366, 53.337624971535334, 0.0 ], [ -6.490434558351946, 53.338568730055137, 0.0 ], [ -6.490873965825481, 53.338222139839374, 0.0 ], [ -6.492522510002852, 53.337900538819412, 0.0 ], [ -6.493483589766726, 53.340145920691079, 0.0 ], [ -6.492760590434822, 53.341109378033678, 0.0 ], [ -6.493393700988752, 53.341100656645253, 0.0 ], [ -6.494178262332281, 53.341595462132837, 0.0 ], [ -6.496630065330454, 53.341124851957396, 0.0 ], [ -6.496168723613871, 53.342158586509974, 0.0 ], [ -6.49773538398712, 53.343010248550264, 0.0 ], [ -6.49358039278751, 53.343949324508522, 0.0 ], [ -6.485324423286376, 53.346804094324867, 0.0 ], [ -6.478873094369202, 53.349871053192601, 0.0 ], [ -6.477245228370418, 53.350395950259283, 0.0 ], [ -6.476666378288153, 53.350456331174428, 0.0 ], [ -6.478813370570371, 53.354105515490083, 0.0 ], [ -6.480248177923998, 53.353428128763831, 0.0 ], [ -6.478436703648073, 53.354283348764625, 0.0 ], [ -6.478497966089491, 53.354556555338846, 0.0 ], [ -6.478899603301776, 53.358294468978926, 0.0 ], [ -6.472527284986493, 53.358459882756094, 0.0 ], [ -6.47105324679803, 53.358341958390888, 0.0 ], [ -6.470179888403631, 53.359667816574444, 0.0 ], [ -6.467145898014361, 53.360833002851336, 0.0 ], [ -6.467123561929949, 53.361072065755835, 0.0 ], [ -6.466240624306133, 53.362452599158459, 0.0 ], [ -6.466746037114004, 53.362930782656399, 0.0 ], [ -6.468577163749146, 53.363261863143514, 0.0 ], [ -6.474949820614937, 53.36297918793916, 0.0 ], [ -6.474874756472253, 53.364518765534655, 0.0 ], [ -6.473650049181695, 53.365320832902192, 0.0 ], [ -6.473173197580657, 53.367731955446985, 0.0 ], [ -6.473076582282848, 53.367778894835055, 0.0 ], [ -6.473023471391824, 53.367787652670295, 0.0 ], [ -6.472961444489969, 53.370519737484706, 0.0 ], [ -6.471884063371552, 53.373408607874431, 0.0 ], [ -6.472075706634188, 53.373816957346655, 0.0 ], [ -6.47008405493424, 53.379355075503575, 0.0 ], [ -6.468619495883869, 53.380552633218258, 0.0 ], [ -6.46697232814066, 53.384197672335837, 0.0 ], [ -6.466610533794915, 53.384998165216594, 0.0 ], [ -6.463434685999094, 53.38405511568326, 0.0 ], [ -6.462332812815319, 53.385865120416845, 0.0 ], [ -6.459185475755647, 53.384888710081675, 0.0 ], [ -6.455445710747219, 53.384492363788034, 0.0 ], [ -6.453802979840656, 53.382922650211398, 0.0 ], [ -6.448933286510704, 53.378342745414528, 0.0 ], [ -6.445177591210793, 53.374192574709006, 0.0 ], [ -6.442759180743597, 53.373849521472074, 0.0 ], [ -6.438867725907826, 53.373435209796654, 0.0 ], [ -6.435789701811055, 53.372148992700858, 0.0 ], [ -6.427130045447665, 53.371567806956868, 0.0 ], [ -6.421370015243474, 53.367701868764641, 0.0 ], [ -6.420136440828454, 53.366710793752233, 0.0 ], [ -6.418794582852805, 53.367350047269284, 0.0 ], [ -6.413947425826855, 53.368209337477744, 0.0 ], [ -6.412197853933899, 53.367800216853389, 0.0 ], [ -6.408120637962821, 53.362873573550281, 0.0 ], [ -6.407009133896038, 53.362322694366519, 0.0 ], [ -6.40252911101374, 53.361744735735329, 0.0 ], [ -6.411621460152436, 53.358800640745855, 0.0 ], [ -6.408332346323363, 53.358211150510314, 0.0 ], [ -6.408906169818518, 53.357516296804555, 0.0 ], [ -6.410549013836922, 53.357538190503419, 0.0 ], [ -6.411043234793257, 53.357119997156261, 0.0 ], [ -6.411711472827776, 53.357176619906426, 0.0 ], [ -6.411925050708977, 53.356367931432786, 0.0 ], [ -6.40963310027281, 53.356023454396194, 0.0 ], [ -6.408900290905939, 53.356034357999377, 0.0 ], [ -6.408458139251344, 53.354426520294076, 0.0 ], [ -6.406481551041136, 53.354323652205892, 0.0 ], [ -6.406525532983903, 53.353725904358555, 0.0 ], [ -6.404825140069131, 53.353712892140535, 0.0 ], [ -6.403743941949169, 53.353704545287094, 0.0 ] ] ] } }
]
}
