{
"type": "FeatureCollection",
"crs": { "type": "name", "properties": { "name": "urn:ogc:def:crs:EPSG::2157" } },
"features": [
{ "type": "Feature", "properties": { "RoutingKey": "A41", "Descriptor": "BALLYBOUGHAL", "local_authority": "Fingal", "CountyName": "Co. Dublin" }, "geometry": { "type": "Polygon", "coordinates": [ [ [ 715881.218756992486306, 757000.175680605578236, 0.0 ], [ 716410.108144934056327, 756778.03200695104897, 0.0 ], [ 716687.468673067633063, 756318.934414720861241, 0.0 ], [ 716744.855885139084421, 756127.651251415605657, 0.0 ], [ 716467.478861687355675, 756003.309195134905167, 0.0 ], [ 716495.240482243942097, 755882.987205335171893, 0.0 ], [ 716614.369670395855792, 755833.046379449195229, 0.0 ], [ 716671.542443330632523, 755819.426154207554646, 0.0 ], [ 716685.142833199235611, 755871.157009695773013, 0.0 ], [ 716766.811153683811426, 755794.935749202617444, 0.0 ], [ 716930.156042312271893, 755797.645794019452296, 0.0 ], [ 717044.493340522632934, 755754.095073808566667, 0.0 ], [ 716998.20747761009261, 755479.140526805305853, 0.0 ], [ 717202.378278821706772, 755421.979581518215127, 0.0 ], [ 717183.317938623717055, 755269.53706053190399, 0.0 ], [ 717313.993849526392296, 755187.85570974368602, 0.0 ], [ 717213.265188843826763, 754616.176255714497529, 0.0 ], [ 717297.646989174885675, 754542.675040203495882, 0.0 ], [ 717403.819104868569411, 754550.845175315393135, 0.0 ], [ 717409.262559879687615, 754512.734545068815351, 0.0 ], [ 717433.758107429603115, 754542.675040203495882, 0.0 ], [ 717458.261902638711035, 754499.124319992610253, 0.0 ], [ 717512.712948067812249, 754493.684230028302409, 0.0 ], [ 717564.434018332394771, 754518.17463503323961, 0.0 ], [ 717591.659541046945378, 754447.393464504391886, 0.0 ], [ 717654.267521333647892, 754458.283644598443061, 0.0 ], [ 717812.160707291797735, 754395.672609181609005, 0.0 ], [ 717948.280073205707595, 754937.401567910797894, 0.0 ], [ 718002.722870975732803, 754893.850847699912265, 0.0 ], [ 718002.90431947610341, 754893.800846872967668, 0.0 ], [ 718036.026918452698737, 753966.085504974820651, 0.0 ], [ 718284.710335868643597, 753746.101867041550577, 0.0 ], [ 718542.944542531389743, 753707.841234314371832, 0.0 ], [ 718819.727734527317807, 753630.339952653157525, 0.0 ], [ 718813.855401242617518, 753448.35694314725697, 0.0 ], [ 718863.6960052306531, 753181.18252480623778, 0.0 ], [ 718923.516276738839224, 753001.729557140381075, 0.0 ], [ 719165.725281755323522, 752577.952549016918056, 0.0 ], [ 719180.092703920905478, 752543.201974336523563, 0.0 ], [ 719272.911859519197606, 752318.768262811121531, 0.0 ], [ 719401.336159485508688, 751822.000047610723414, 0.0 ], [ 719398.911347707849927, 751250.100589943351224, 0.0 ], [ 719335.899232124909759, 750889.03461889049504, 0.0 ], [ 719211.425560871139169, 750543.678907642723061, 0.0 ], [ 718975.055898503051139, 750643.860564375878312, 0.0 ], [ 719068.303932374925353, 751044.257185851107351, 0.0 ], [ 719018.834473046823405, 751072.687656014109962, 0.0 ], [ 719178.096770416945219, 751621.226727364002727, 0.0 ], [ 718881.741883358336054, 751723.798423622036353, 0.0 ], [ 718889.709122056374326, 751777.239307389361784, 0.0 ], [ 718797.475550254690461, 751780.039353694533929, 0.0 ], [ 718737.34186770033557, 751849.840508016524836, 0.0 ], [ 718602.97100551740732, 751392.472944396315143, 0.0 ], [ 718462.653581117745489, 751094.398015044629574, 0.0 ], [ 718491.272958221496083, 751063.987512137275189, 0.0 ], [ 718428.970141321769916, 750871.324326010188088, 0.0 ], [ 718356.242283309926279, 750886.674579861806706, 0.0 ], [ 718195.38818773208186, 750849.45396433363203, 0.0 ], [ 718321.915526103577577, 751180.9294460399542, 0.0 ], [ 718481.491234519751742, 751954.932245949166827, 0.0 ], [ 718403.27043554210104, 752041.993685709428973, 0.0 ], [ 718230.589196803746745, 752074.074216234497726, 0.0 ], [ 718214.794929612544365, 752151.505496738129295, 0.0 ], [ 718148.516741022933275, 752177.915933495154604, 0.0 ], [ 718121.464419149560854, 752154.865552304312587, 0.0 ], [ 718072.308370867511258, 752252.59716852044221, 0.0 ], [ 717948.453274046885781, 752251.337147683138028, 0.0 ], [ 717922.167984470608644, 752301.48797704197932, 0.0 ], [ 717896.855918669025414, 752282.447662166785449, 0.0 ], [ 717847.856575910001993, 752314.238187895854935, 0.0 ], [ 717519.088388558127917, 751478.88437340722885, 0.0 ], [ 717419.093769536120817, 751641.687065722653642, 0.0 ], [ 717247.4517358453013, 751767.989154416951351, 0.0 ], [ 717129.856612287461758, 751759.569015170680359, 0.0 ], [ 716842.961790225468576, 751906.211440238985233, 0.0 ], [ 716659.352403169381432, 751937.101951084332541, 0.0 ], [ 716481.862779171206057, 752034.693564985296689, 0.0 ], [ 716169.342480261577293, 751214.470000709872693, 0.0 ], [ 716300.092620096169412, 751071.857642287854105, 0.0 ], [ 716328.868702723062597, 751110.708284772234038, 0.0 ], [ 716331.771878728992306, 751108.63825053954497, 0.0 ], [ 716401.052215233794414, 750815.523403214057907, 0.0 ], [ 716400.450136118917726, 750814.433385188109241, 0.0 ], [ 716402.000696031143889, 750811.513336898526177, 0.0 ], [ 716414.825805943692103, 750757.232439239509404, 0.0 ], [ 716185.276957657653838, 750690.281332049635239, 0.0 ], [ 715955.719861712423153, 750432.037061389070004, 0.0 ], [ 715687.918370484840125, 750298.144847174640745, 0.0 ], [ 715467.945054422831163, 750317.27516353817191, 0.0 ], [ 715171.449957159347832, 750575.509434033418074, 0.0 ], [ 715018.414642415591516, 750661.590857586823404, 0.0 ], [ 714865.379327671835199, 750527.698643372394145, 0.0 ], [ 714760.172188093769364, 750546.828959736041725, 0.0 ], [ 714343.409725721576251, 750701.621519585605711, 0.0 ], [ 714336.968303958536126, 751011.046636638580821, 0.0 ], [ 714374.569381830631755, 751376.352677810704336, 0.0 ], [ 714381.291224003420211, 751434.853645258233882, 0.0 ], [ 714225.938317050342448, 751440.703742002951913, 0.0 ], [ 714231.521982266334817, 751764.599098354578018, 0.0 ], [ 714097.200606037979014, 751803.329738854430616, 0.0 ], [ 714171.685215439763851, 752100.424651999375783, 0.0 ], [ 713954.153206473682076, 752199.4562897143187, 0.0 ], [ 713952.379959765472449, 752275.517547561437823, 0.0 ], [ 714001.898905048263259, 752325.028366336249746, 0.0 ], [ 714049.652851281920448, 752294.95786905172281, 0.0 ], [ 714023.128379591507837, 752397.53956547495909, 0.0 ], [ 714069.109079117071815, 752569.672412085928954, 0.0 ], [ 714066.758496271329932, 752596.222851158236153, 0.0 ], [ 714372.83737341791857, 752631.873440722352825, 0.0 ], [ 714468.477228431031108, 752909.248027746449225, 0.0 ], [ 714497.179082125891, 753258.333800679305568, 0.0 ], [ 714473.269118372700177, 753717.431392909609713, 0.0 ], [ 714439.849603668204509, 753785.602520275278948, 0.0 ], [ 714439.783622395363636, 753776.492369618150406, 0.0 ], [ 714117.720781898009591, 753714.671347265946679, 0.0 ], [ 714068.218331933370791, 753739.121751609374769, 0.0 ], [ 714058.189178458414972, 753856.803697749855928, 0.0 ], [ 714111.238121839240193, 754100.817733080824837, 0.0 ], [ 714067.063659658306278, 754183.299097099108621, 0.0 ], [ 714120.467252380796708, 754271.890562161919661, 0.0 ], [ 714084.721897808020003, 754380.912365087191574, 0.0 ], [ 714179.231823523296043, 754983.382328307954594, 0.0 ], [ 714235.36539141042158, 754979.962271749507636, 0.0 ], [ 714210.267764745629393, 755649.453343317843974, 0.0 ], [ 714050.304416351485997, 755940.298153102979995, 0.0 ], [ 714106.182306806207635, 756094.630705345189199, 0.0 ], [ 714222.532033838913776, 756415.906018368434161, 0.0 ], [ 714222.532033838913776, 756415.916018533753231, 0.0 ], [ 714219.84329696977511, 756644.149792902055196, 0.0 ], [ 714057.257192979217507, 757772.738456700579263, 0.0 ], [ 714401.572217749198899, 757753.608140337048098, 0.0 ], [ 714793.723665344063193, 758021.422569261980243, 0.0 ], [ 715319.767610893468373, 758059.673201823839918, 0.0 ], [ 715789.364577509812079, 758019.122531225671992, 0.0 ], [ 715674.235504025127739, 757761.278267180081457, 0.0 ], [ 715754.023358233156614, 757710.817432694602758, 0.0 ], [ 715811.484799236641265, 757723.557643383159302, 0.0 ], [ 715879.981608126312494, 757652.126462104963139, 0.0 ], [ 715933.01405618886929, 757686.347028020420112, 0.0 ], [ 716019.523752569803037, 757605.805696085095406, 0.0 ], [ 716226.572986810002476, 757521.204297007177956, 0.0 ], [ 716181.664482968510129, 757339.731295935343951, 0.0 ], [ 716083.723531064228155, 757372.231833406258374, 0.0 ], [ 715872.245303883217275, 757178.838635206688195, 0.0 ], [ 715881.218756992486306, 757000.175680605578236, 0.0 ] ] ] } },
{ "type": "Feature", "properties": { "RoutingKey": "A45", "Descriptor": "OLDTOWN", "local_authority": "Fingal", "CountyName": "Co. Dublin" }, "geometry": { "type": "Polygon", "coordinates": [ [ [ 714497.179082125891, 753258.333800679305568, 0.0 ], [ 714468.477228431031108, 752909.248027746449225, 0.0 ], [ 714372.83737341791857, 752631.873440722352825, 0.0 ], [ 714066.758496271329932, 752596.222851158236153, 0.0 ], [ 714069.109079117071815, 752569.672412085928954, 0.0 ], [ 714023.128379591507837, 752397.53956547495909, 0.0 ], [ 714049.652851281920448, 752294.95786905172281, 0.0 ], [ 714001.898905048263259, 752325.028366336249746, 0.0 ], [ 713952.379959765472449, 752275.517547561437823, 0.0 ], [ 713954.153206473682076, 752199.4562897143187, 0.0 ], [ 714171.685215439763851, 752100.424651999375783, 0.0 ], [ 714097.200606037979014, 751803.329738854430616, 0.0 ], [ 713778.77498320711311, 751853.700571851572022, 0.0 ], [ 713760.84457230695989, 751893.351227566017769, 0.0 ], [ 713697.815961405751295, 751903.951402864186093, 0.0 ], [ 713666.169693409348838, 751713.998261553817429, 0.0 ], [ 713374.598448633332737, 751704.798109408235177, 0.0 ], [ 713183.995046653901227, 751738.348664243589155, 0.0 ], [ 713179.920703054638579, 751860.550685133901425, 0.0 ], [ 712600.720594555954449, 751919.211655227351002, 0.0 ], [ 712598.172067891573533, 751795.749613499734551, 0.0 ], [ 712528.561825022450648, 751603.896440768032335, 0.0 ], [ 712471.578748247236945, 751484.59446783666499, 0.0 ], [ 712209.575361372320913, 751579.176031959475949, 0.0 ], [ 712137.07843781542033, 751324.241816038265824, 0.0 ], [ 712157.549127720762044, 751298.221385730896145, 0.0 ], [ 712136.28666254109703, 751112.328311563120224, 0.0 ], [ 711914.746291248593479, 751249.830585478106514, 0.0 ], [ 711541.737660442828201, 751374.172641758807003, 0.0 ], [ 710355.749023730051704, 751029.856947710155509, 0.0 ], [ 710016.349603788228706, 750715.001740858191624, 0.0 ], [ 709697.495102683780715, 751483.964457417954691, 0.0 ], [ 709363.044278206652962, 751647.257157836807892, 0.0 ], [ 709234.207595285028219, 751674.057601043605246, 0.0 ], [ 709209.250178824993782, 751649.937202157452703, 0.0 ], [ 709117.709410388488322, 751718.378333988366649, 0.0 ], [ 708880.119094472378492, 751799.379673531046137, 0.0 ], [ 708813.461513563757762, 751806.789796074386686, 0.0 ], [ 708806.929367550415918, 751715.568287517875433, 0.0 ], [ 708292.258943910477683, 751949.31215300806798, 0.0 ], [ 708338.858217869070359, 752339.498605634784326, 0.0 ], [ 708334.396234291838482, 752924.058272667811252, 0.0 ], [ 708262.295198372099549, 753032.290062528336421, 0.0 ], [ 708266.715943653834984, 753079.560844258987345, 0.0 ], [ 708291.030042703496292, 753321.824850649223663, 0.0 ], [ 708464.865953716798685, 753325.904918122570962, 0.0 ], [ 708283.986541825463064, 754094.597630217205733, 0.0 ], [ 708327.055817685904913, 754096.927668749704026, 0.0 ], [ 708305.801600165315904, 754334.601599232526496, 0.0 ], [ 708321.884535425459035, 754154.718624455505051, 0.0 ], [ 708020.663529493263923, 754337.041639584233053, 0.0 ], [ 707977.742711496655829, 754701.89767331443727, 0.0 ], [ 708024.671891819569282, 754695.437566481763497, 0.0 ], [ 708109.680514242849313, 754597.285943319904618, 0.0 ], [ 708173.797816146281548, 754733.64819838211406, 0.0 ], [ 708138.085452209925279, 754756.718579903710634, 0.0 ], [ 708149.929090688587166, 754836.619901255122386, 0.0 ], [ 708430.118565896060318, 754867.010403831605799, 0.0 ], [ 708434.613540109712631, 754775.538891140720807, 0.0 ], [ 708510.228078809333965, 754864.480361991561949, 0.0 ], [ 708397.499074124963954, 755079.413916410296224, 0.0 ], [ 708442.24262478435412, 755131.024769913870841, 0.0 ], [ 708508.347612532787025, 755139.654912633122876, 0.0 ], [ 708598.082143624778837, 755382.288925142260268, 0.0 ], [ 708563.161554962629452, 755454.190114193130285, 0.0 ], [ 708645.110295856953599, 755595.612452935427427, 0.0 ], [ 708631.081027714768425, 755793.165719931130297, 0.0 ], [ 708753.402059941319749, 755899.587479858775623, 0.0 ], [ 709002.976224540965632, 755946.168250178452581, 0.0 ], [ 709112.043268581386656, 756155.691715128836222, 0.0 ], [ 709204.656232701963745, 756222.002811734797433, 0.0 ], [ 709250.678170523140579, 756188.782262356835417, 0.0 ], [ 709674.385161863989197, 756493.317298541194759, 0.0 ], [ 710598.518869565799832, 756931.06453769444488, 0.0 ], [ 711214.602509594289586, 756931.05453752912581, 0.0 ], [ 711719.722143987426534, 756705.090800701174885, 0.0 ], [ 711755.87988151574973, 756761.42173226212617, 0.0 ], [ 711851.107353573432192, 756909.784185775090009, 0.0 ], [ 712167.603024173062295, 756605.71915736340452, 0.0 ], [ 712271.003926406614482, 756564.508475850452669, 0.0 ], [ 712292.398354131961241, 756525.857836673618294, 0.0 ], [ 712473.253023046068847, 756473.766975231817923, 0.0 ], [ 712760.453008495154791, 756319.524424477946013, 0.0 ], [ 712994.051457403111272, 756239.593102630460635, 0.0 ], [ 713058.432684397906996, 756203.232501324615441, 0.0 ], [ 713075.464100455399603, 756152.791667169891298, 0.0 ], [ 713116.001344969845377, 756159.721781775238924, 0.0 ], [ 713156.522094166022725, 756096.490736105130054, 0.0 ], [ 713253.29187847697176, 756078.500438594259322, 0.0 ], [ 713600.460593298193999, 755821.606190259451978, 0.0 ], [ 713647.6124604169745, 755933.008032544166781, 0.0 ], [ 713978.714735296438448, 755742.614883957314305, 0.0 ], [ 714050.304416351485997, 755940.298153102979995, 0.0 ], [ 714210.267764745629393, 755649.453343317843974, 0.0 ], [ 714235.36539141042158, 754979.962271749507636, 0.0 ], [ 714179.231823523296043, 754983.382328307954594, 0.0 ], [ 714084.721897808020003, 754380.912365087191574, 0.0 ], [ 714120.467252380796708, 754271.890562161919661, 0.0 ], [ 714067.063659658306278, 754183.299097099108621, 0.0 ], [ 714111.238121839240193, 754100.817733080824837, 0.0 ], [ 714058.189178458414972, 753856.803697749855928, 0.0 ], [ 714068.218331933370791, 753739.121751609374769, 0.0 ], [ 714117.720781898009591, 753714.671347265946679, 0.0 ], [ 714439.783622395363636, 753776.492369618150406, 0.0 ], [ 714439.849603668204509, 753785.602520275278948, 0.0 ], [ 714473.269118372700177, 753717.431392909609713, 0.0 ], [ 714497.179082125891, 753258.333800679305568, 0.0 ] ] ] } },
{ "type": "Feature", "properties": { "RoutingKey": "D11", "Descriptor": "DUBLIN 11", "local_authority": "Fingal", "CountyName": "Dublin 11" }, "geometry": { "type": "Polygon", "coordinates": [ [ [ 715481.157804313348606, 739765.450664951000363, 0.0 ], [ 715460.530408884980716, 739719.829910507425666, 0.0 ], [ 715450.352797546074726, 739648.928737994050607, 0.0 ], [ 715471.442061884445138, 739402.764667107374407, 0.0 ], [ 715472.687458409694955, 739372.344164034584537, 0.0 ], [ 715442.674226916744374, 739130.920171535923146, 0.0 ], [ 715424.191222856286913, 739067.609124542796053, 0.0 ], [ 715388.610821465612389, 739078.629306786693633, 0.0 ], [ 715383.719959614798427, 739067.459122062078677, 0.0 ], [ 715369.773168063606136, 739020.038337850826792, 0.0 ], [ 715062.96849691553507, 739078.619306621374562, 0.0 ], [ 715053.904319556197152, 739041.658695393009111, 0.0 ], [ 715249.142905954038724, 739002.618049766519107, 0.0 ], [ 715327.281228340580128, 738929.64684302045498, 0.0 ], [ 715345.360097104799934, 738784.364440443110652, 0.0 ], [ 715340.05685229843948, 738776.634312607813627, 0.0 ], [ 715362.309036571066827, 738743.26376074925065, 0.0 ], [ 715364.676114735077135, 738677.042665631743148, 0.0 ], [ 715336.873255882877856, 738641.522078217472881, 0.0 ], [ 715323.742982583469711, 738432.238617236143909, 0.0 ], [ 715303.519722451339476, 738298.366403352352791, 0.0 ], [ 715185.685416779248044, 738325.566853174124844, 0.0 ], [ 715139.54801173065789, 737945.860573861049488, 0.0 ], [ 715140.727426983066835, 737945.670570718939416, 0.0 ], [ 715137.626307158614509, 737754.747413367265835, 0.0 ], [ 715080.874164838343859, 737716.906787585816346, 0.0 ], [ 715102.161372995469719, 737622.305223132250831, 0.0 ], [ 715093.336377750150859, 737598.914836318581365, 0.0 ], [ 715095.513759754598141, 737598.264825569232926, 0.0 ], [ 715108.107935212086886, 737551.084045326919295, 0.0 ], [ 715108.627537735854276, 737480.392876286525279, 0.0 ], [ 715052.197054120828398, 737414.591788114863448, 0.0 ], [ 714974.76803041761741, 737386.741327543626539, 0.0 ], [ 714866.797925038379617, 737457.742501710774377, 0.0 ], [ 714821.658486741827801, 737445.662301937001757, 0.0 ], [ 714896.423516553360969, 737369.571043593692593, 0.0 ], [ 714888.109876172733493, 737325.080307837459259, 0.0 ], [ 714927.880088390200399, 737289.439718438661657, 0.0 ], [ 714906.089773027575575, 737265.099315914441831, 0.0 ], [ 714955.34479321888648, 737214.45847845217213, 0.0 ], [ 714953.596289488021284, 737170.687754602986388, 0.0 ], [ 714887.60676896723453, 737125.847013058606535, 0.0 ], [ 714922.172708287602291, 737071.006106138578616, 0.0 ], [ 715061.764338685781695, 737081.976287555648014, 0.0 ], [ 715004.451355546247214, 736933.223827593028545, 0.0 ], [ 714991.098395450855605, 736896.923227279447019, 0.0 ], [ 714931.739992852555588, 736884.433020725264214, 0.0 ], [ 714890.674898155266419, 736800.511632892885245, 0.0 ], [ 714939.080409458489157, 736772.361167360446416, 0.0 ], [ 714925.743944681249559, 736707.810099860769697, 0.0 ], [ 714933.79365997039713, 736686.879753729561344, 0.0 ], [ 714956.334512311848812, 736649.039127948111854, 0.0 ], [ 715003.024510520626791, 736631.328835067804903, 0.0 ], [ 715010.265955217182636, 736588.668129575322382, 0.0 ], [ 715014.290812861756422, 736570.157823465066031, 0.0 ], [ 715027.973679321468808, 736551.637517189374194, 0.0 ], [ 715013.490789928357117, 736519.446984845213592, 0.0 ], [ 715003.354416884947568, 736512.73687387816608, 0.0 ], [ 715014.587728589656763, 736488.146467219456099, 0.0 ], [ 715000.607946402044035, 736473.556225936394185, 0.0 ], [ 714998.19138228346128, 736433.30556029942818, 0.0 ], [ 714957.134535245248117, 736388.224814785993658, 0.0 ], [ 714934.041089743608609, 736326.033786314888857, 0.0 ], [ 714776.469562490703538, 736399.915008110110648, 0.0 ], [ 714643.34409683290869, 736467.166120261303149, 0.0 ], [ 714328.497958054882474, 736626.218750560889021, 0.0 ], [ 714060.861420009285212, 736772.301166368182749, 0.0 ], [ 713826.289747326634824, 736985.55469300376717, 0.0 ], [ 713716.975273513002321, 737023.745324573363177, 0.0 ], [ 713409.288102840306237, 737124.136984779383056, 0.0 ], [ 713126.805778400972486, 737206.188341686502099, 0.0 ], [ 713126.970731583074667, 737197.808203101740219, 0.0 ], [ 712910.494422982796095, 737252.759111840859987, 0.0 ], [ 712907.294331248966046, 737243.838964325841516, 0.0 ], [ 712882.221447561518289, 737267.799360565841198, 0.0 ], [ 712791.175538671435788, 737312.590101283276454, 0.0 ], [ 712598.62568914250005, 737400.651557581149973, 0.0 ], [ 712568.851639763684943, 737413.881776373134926, 0.0 ], [ 712554.533703552675433, 737402.081581229926087, 0.0 ], [ 712414.331746380543336, 737419.84187493706122, 0.0 ], [ 712438.901522862492129, 737440.952224045060575, 0.0 ], [ 712464.279569936916232, 737460.352544873720035, 0.0 ], [ 712454.638056439929642, 737517.35348751489073, 0.0 ], [ 712453.969996052212082, 737614.365091823972762, 0.0 ], [ 712454.605065803509206, 737662.335885130916722, 0.0 ], [ 712348.614398610196076, 737769.937664572848007, 0.0 ], [ 712169.186574721825309, 737797.368118198239245, 0.0 ], [ 712085.728512210771441, 737743.697230627178214, 0.0 ], [ 712057.653480608132668, 737775.777761152246967, 0.0 ], [ 712051.063600981025957, 737780.837844832334667, 0.0 ], [ 711918.152574460138567, 737802.70820650877431, 0.0 ], [ 711798.545022079953924, 737906.499922942603007, 0.0 ], [ 711711.738409971236251, 737939.020460744155571, 0.0 ], [ 711638.400225185323507, 737922.700190851115622, 0.0 ], [ 711483.410215233103372, 737918.67012420471292, 0.0 ], [ 711518.701948555069976, 738118.623430890613236, 0.0 ], [ 711626.168946728575975, 738420.128416966181248, 0.0 ], [ 711667.968083086539991, 738524.620144976302981, 0.0 ], [ 711664.982430489500985, 738796.26463724009227, 0.0 ], [ 711512.738891020184383, 738978.367648730520159, 0.0 ], [ 711491.839322841144167, 739118.689969281549565, 0.0 ], [ 711502.495298408321105, 739134.90023735538125, 0.0 ], [ 711461.339479460846633, 739160.66066336305812, 0.0 ], [ 711487.030937581323087, 739233.761872258968651, 0.0 ], [ 710762.251398172229528, 739700.849596624379046, 0.0 ], [ 709951.366297678556293, 739162.080686846398748, 0.0 ], [ 709839.651755064493045, 739923.783283343538642, 0.0 ], [ 709815.123216878157109, 739926.973336098366417, 0.0 ], [ 709620.965073823346756, 739989.954377634101547, 0.0 ], [ 709555.965272395405918, 740054.105438518919982, 0.0 ], [ 709471.039126563118771, 740230.208350783912465, 0.0 ], [ 709205.068615657393821, 740499.352801703847945, 0.0 ], [ 709322.531776669551618, 740575.834066496812738, 0.0 ], [ 709441.710450776154175, 740728.116584836971015, 0.0 ], [ 709461.579061566619202, 740834.058336826507002, 0.0 ], [ 709640.34707272646483, 740926.749869693419896, 0.0 ], [ 709696.563117204699665, 740966.090520281111822, 0.0 ], [ 709704.002505719778128, 740888.059229854959995, 0.0 ], [ 709904.95671987941023, 740904.349499251926318, 0.0 ], [ 709958.50877046585083, 740980.510758752818219, 0.0 ], [ 709949.040457810158841, 740910.929608069127426, 0.0 ], [ 709984.645602178177796, 740986.340855166781694, 0.0 ], [ 709958.162368783261627, 741224.694796895142645, 0.0 ], [ 710017.759953495697118, 741423.338081916910596, 0.0 ], [ 710004.134820649749599, 741499.629343567648903, 0.0 ], [ 710016.267127197235823, 741494.879265014198609, 0.0 ], [ 710165.99513063870836, 742127.039719235268421, 0.0 ], [ 710249.50267910445109, 742164.900345347472467, 0.0 ], [ 710388.541716342326254, 742522.426257857354358, 0.0 ], [ 710315.723134080297314, 742701.199214277672581, 0.0 ], [ 709918.449890179676004, 742707.819323756382801, 0.0 ], [ 709732.01980370876845, 742702.589237264939584, 0.0 ], [ 709740.745827044709586, 742852.881722695427015, 0.0 ], [ 709813.737610148033127, 743105.645902730058879, 0.0 ], [ 709949.320878219790757, 743285.928884122055024, 0.0 ], [ 709777.464405392296612, 743356.830056635430083, 0.0 ], [ 709664.69416241243016, 743201.687490997719578, 0.0 ], [ 709470.263846607063897, 743313.859346016310155, 0.0 ], [ 709343.513821439584717, 743144.146539426292293, 0.0 ], [ 709257.581461196299642, 743169.926965764723718, 0.0 ], [ 709062.087197365937755, 743131.266326422453858, 0.0 ], [ 708907.418846118845977, 743275.198706674040295, 0.0 ], [ 708637.844108183053322, 743455.011680293362588, 0.0 ], [ 708476.75083049107343, 743409.720931307179853, 0.0 ], [ 708431.759850058471784, 743482.062127634533681, 0.0 ], [ 708527.581153571954928, 743565.563508521066979, 0.0 ], [ 708554.196349512552842, 743769.386879207449965, 0.0 ], [ 708455.207944901660085, 743793.867284046951681, 0.0 ], [ 708379.634644497651607, 743697.005682218587026, 0.0 ], [ 708360.755752800148912, 743746.016492724535055, 0.0 ], [ 708419.008969077956863, 743901.989072088385001, 0.0 ], [ 708473.039383892551996, 743997.430650433525443, 0.0 ], [ 708404.361126502626576, 744093.752243331633508, 0.0 ], [ 708419.528571601724252, 744139.23299546004273, 0.0 ], [ 708389.210176721680909, 744196.303939258912578, 0.0 ], [ 708474.829125919030048, 744289.955488001694903, 0.0 ], [ 708431.12478030717466, 744352.386520441854373, 0.0 ], [ 708443.611736196209677, 744427.297759270761162, 0.0 ], [ 708094.001714279060252, 744601.220635483856313, 0.0 ], [ 707924.850473638856784, 744652.991491633583792, 0.0 ], [ 707948.867656960617751, 744757.113213524804451, 0.0 ], [ 707908.371650741668418, 744781.183611583895981, 0.0 ], [ 707883.364748327061534, 744889.9354100440396, 0.0 ], [ 708016.952082894742489, 744942.406277769943699, 0.0 ], [ 708004.390898073790595, 745032.327764827758074, 0.0 ], [ 707929.807316762628034, 745036.557834781589918, 0.0 ], [ 707898.020838561467826, 745036.657836435362697, 0.0 ], [ 707771.477004871703684, 745037.40784883860033, 0.0 ], [ 707672.900983216241002, 744920.065908320830204, 0.0 ], [ 707580.131313572637737, 744877.825209774076939, 0.0 ], [ 707553.72230910975486, 744802.353961684159003, 0.0 ], [ 707041.60865979315713, 745872.731662831152789, 0.0 ], [ 706955.53608934499789, 746528.212502708192915, 0.0 ], [ 706723.801611395319924, 746971.829838937032036, 0.0 ], [ 706658.141997238853946, 747088.101761759608053, 0.0 ], [ 706695.800808724714443, 747172.733161333599128, 0.0 ], [ 706768.198760372237302, 747196.783559062052518, 0.0 ], [ 706823.911697644856758, 747286.145036858739331, 0.0 ], [ 706737.055599581450224, 747289.805097386240959, 0.0 ], [ 706658.760571671882644, 747341.575953535852022, 0.0 ], [ 706483.654521155869588, 747482.208279213518836, 0.0 ], [ 706438.457349245552905, 747582.409936277428642, 0.0 ], [ 706217.05718815792352, 747728.962359857396223, 0.0 ], [ 706141.409658821998164, 747844.19426548096817, 0.0 ], [ 706154.086310870479792, 747921.575545157655142, 0.0 ], [ 705786.306695939041674, 747998.806822353741154, 0.0 ], [ 705813.474485039943829, 748084.818244749563746, 0.0 ], [ 705908.231840528431349, 748134.689069477957673, 0.0 ], [ 705934.574863718589768, 748485.784875651239417, 0.0 ], [ 705871.298823044169694, 748516.735387488850392, 0.0 ], [ 705873.649405889795162, 748591.236619537346996, 0.0 ], [ 705553.359812100650743, 748656.587700267205946, 0.0 ], [ 705531.957136716111563, 748781.549766801181249, 0.0 ], [ 705614.417232475010678, 748796.890020487364382, 0.0 ], [ 705645.593383902218193, 748877.061346303904429, 0.0 ], [ 705620.462766601005569, 748973.00293291779235, 0.0 ], [ 705716.531499887700193, 749126.655473914579488, 0.0 ], [ 705854.671542282914743, 749064.424444781965576, 0.0 ], [ 705905.31216920434963, 749171.936222735443152, 0.0 ], [ 705699.895971467485651, 749209.946851328248158, 0.0 ], [ 705664.79393430496566, 749285.098094126209617, 0.0 ], [ 705780.467353290761821, 749310.228509715176187, 0.0 ], [ 705896.041800367296673, 749208.826832806109451, 0.0 ], [ 705982.007151247002184, 749191.016538272146136, 0.0 ], [ 705999.81384726066608, 749325.388760424568318, 0.0 ], [ 706163.711329049197957, 749344.409074969124049, 0.0 ], [ 706232.133909006835893, 749450.960837046499364, 0.0 ], [ 706358.982906083576381, 749514.161882220534608, 0.0 ], [ 706399.412931029684842, 749667.014409987255931, 0.0 ], [ 706401.474845806602389, 749759.145933593041264, 0.0 ], [ 707122.757377753965557, 749362.049366691731848, 0.0 ], [ 707491.444235187256709, 749616.613576494040899, 0.0 ], [ 707436.292138734017499, 749673.074510204838589, 0.0 ], [ 707527.445267192553729, 749579.752966919448227, 0.0 ], [ 708221.856925767031498, 749799.036593276425265, 0.0 ], [ 709003.124682404915802, 748183.479876345605589, 0.0 ], [ 709464.498732890700921, 747507.208692652639002, 0.0 ], [ 709484.94467981881462, 747591.300083296373487, 0.0 ], [ 709710.996520643122494, 747484.098310469533317, 0.0 ], [ 709793.605074266088195, 747678.141519418451935, 0.0 ], [ 709756.886495918501168, 747710.792059369850904, 0.0 ], [ 709797.011357477516867, 747811.463724206434563, 0.0 ], [ 709833.779421779792756, 747800.633545104647055, 0.0 ], [ 709930.763645227416418, 748001.196861878503114, 0.0 ], [ 710324.234718279447407, 747845.12428086088039, 0.0 ], [ 710414.68679571384564, 747750.512716241995804, 0.0 ], [ 710596.836347107775509, 747696.971830820781179, 0.0 ], [ 710699.52795065799728, 747703.891945260693319, 0.0 ], [ 710917.224912806297652, 747578.199866654351354, 0.0 ], [ 711093.733065370586701, 746958.559619483537972, 0.0 ], [ 711305.615427847951651, 746521.572392898844555, 0.0 ], [ 711848.542331590899266, 746223.627465697005391, 0.0 ], [ 712086.89143214491196, 745780.010129468166269, 0.0 ], [ 712331.871650621527806, 745574.746734967804514, 0.0 ], [ 712431.198209255817346, 745409.223997670225799, 0.0 ], [ 712192.824365724460222, 744945.74633300548885, 0.0 ], [ 711879.075165607733652, 744068.251821623765863, 0.0 ], [ 711880.559744247118942, 744068.291822285274975, 0.0 ], [ 711884.63408784638159, 744058.971668155165389, 0.0 ], [ 711610.160240400466137, 743886.368813771638088, 0.0 ], [ 711186.403763104928657, 743866.518485501059331, 0.0 ], [ 711106.954062920296565, 743734.086295431363396, 0.0 ], [ 711203.097025139024481, 743086.2955827282276, 0.0 ], [ 711351.439421850489452, 743084.885559410206042, 0.0 ], [ 711364.314017717610113, 742826.051278992556036, 0.0 ], [ 711502.280859271530062, 742808.49098859296646, 0.0 ], [ 711302.638022910105065, 742646.70831314579118, 0.0 ], [ 711833.597573287785053, 741481.909050522022881, 0.0 ], [ 711843.775184626691043, 741463.448745238594711, 0.0 ], [ 712407.981048867572099, 741582.220709405024536, 0.0 ], [ 713056.849133849260397, 741880.1656366068637, 0.0 ], [ 714354.585303812520579, 741628.56147575576324, 0.0 ], [ 714617.974297417560592, 741213.374609689926729, 0.0 ], [ 715372.362933023483492, 741293.895941294613294, 0.0 ], [ 714866.649467174429446, 741239.915048596914858, 0.0 ], [ 714890.493449654895812, 740871.478955662227236, 0.0 ], [ 714905.256759457755834, 740871.648958473582752, 0.0 ], [ 715035.231619336293079, 740831.85830044397153, 0.0 ], [ 715101.567541539669037, 740706.146221506758593, 0.0 ], [ 715136.85102720244322, 740516.75308945751749, 0.0 ], [ 715455.210668760468252, 740432.40169451397378, 0.0 ], [ 715456.051929989480413, 740409.341313157696277, 0.0 ], [ 715459.639661701279692, 740320.569845118210651, 0.0 ], [ 715460.093282952206209, 740309.109655597712845, 0.0 ], [ 715458.22106433485169, 740229.968346814857796, 0.0 ], [ 715446.04751949175261, 740034.025106444605626, 0.0 ], [ 715443.416516236495227, 739921.043238030630164, 0.0 ], [ 715444.670160420821048, 739794.87115148617886, 0.0 ], [ 715481.157804313348606, 739765.450664951000363, 0.0 ] ] ] } },
{ "type": "Feature", "properties": { "RoutingKey": "D15", "Descriptor": "DUBLIN 15", "local_authority": "Fingal", "CountyName": "Dublin 15" }, "geometry": { "type": "Polygon", "coordinates": [ [ [ 712464.279569936916232, 737460.352544873720035, 0.0 ], [ 712438.901522862492129, 737440.952224045060575, 0.0 ], [ 712414.331746380543336, 737419.84187493706122, 0.0 ], [ 712394.48787856742274, 737422.351916446350515, 0.0 ], [ 712121.449123806320131, 737471.002720998832956, 0.0 ], [ 712019.722496371716261, 737463.972604739712551, 0.0 ], [ 711952.339121461613104, 737463.972604739712551, 0.0 ], [ 711830.768626213772222, 737463.972604739712551, 0.0 ], [ 711483.22051907365676, 737454.412446640664712, 0.0 ], [ 711050.251406554714777, 737436.132144333911128, 0.0 ], [ 711092.941290096263401, 737228.588712127879262, 0.0 ], [ 711129.173256556503475, 737063.055974664981477, 0.0 ], [ 711077.336719064507633, 737090.916435401537456, 0.0 ], [ 711057.270164455403574, 737160.037578477873467, 0.0 ], [ 711005.400636326987296, 737138.987230362254195, 0.0 ], [ 711006.373860101681203, 737063.955989548820071, 0.0 ], [ 710965.35825135896448, 737019.545255115604959, 0.0 ], [ 710879.13722304685507, 736920.783621865790337, 0.0 ], [ 710627.278456874424592, 736953.644165290053934, 0.0 ], [ 709994.757232244242914, 736798.841605275170878, 0.0 ], [ 709893.640931583591737, 736773.79119100922253, 0.0 ], [ 709851.173734838026576, 736764.441036382922903, 0.0 ], [ 709819.535714500700124, 736670.689485986367799, 0.0 ], [ 709739.401458610198461, 736435.945603958563879, 0.0 ], [ 709597.401511752512306, 736022.398765014368109, 0.0 ], [ 709489.159233622835018, 735707.163551878067665, 0.0 ], [ 709232.863226850400679, 735748.444234548718669, 0.0 ], [ 709163.549899709178135, 735690.683279338991269, 0.0 ], [ 709117.338265728554688, 735690.683279338991269, 0.0 ], [ 708993.145014884532429, 735780.214759947150014, 0.0 ], [ 708941.160019528586417, 735803.315141964820214, 0.0 ], [ 708819.861697031301446, 735921.737100343219936, 0.0 ], [ 708635.023408768232912, 735996.828342148801312, 0.0 ], [ 708201.798618817003444, 736014.158628744888119, 0.0 ], [ 707869.657138890004717, 736060.369392945664003, 0.0 ], [ 707687.202424109098502, 736081.499742384417914, 0.0 ], [ 707660.537742213811725, 735921.447095547337085, 0.0 ], [ 707671.342175644938834, 735986.308168173651211, 0.0 ], [ 707557.738919095136225, 735982.398103511775844, 0.0 ], [ 707442.213957973290235, 736019.948724497342482, 0.0 ], [ 707216.92914944596123, 735872.656288679572754, 0.0 ], [ 707121.627448456245475, 735884.196479522972368, 0.0 ], [ 707066.75577241263818, 735898.636718325433321, 0.0 ], [ 706801.040938939200714, 735959.297721494105645, 0.0 ], [ 706232.076175393071026, 736074.829632078879513, 0.0 ], [ 705989.471282739541493, 736219.232020103139803, 0.0 ], [ 705884.816736321663484, 736236.402304053073749, 0.0 ], [ 705889.567387967719696, 736226.312137189088389, 0.0 ], [ 705953.165087347384542, 735922.557113903923891, 0.0 ], [ 705669.618814883055165, 736464.656078752013855, 0.0 ], [ 705552.180396848241799, 736507.58678870962467, 0.0 ], [ 705231.742345195030794, 736404.825089309597388, 0.0 ], [ 705144.020242925384082, 736331.723880413686857, 0.0 ], [ 705059.489984730374999, 736440.175673912512138, 0.0 ], [ 704666.703467384329997, 736861.842647141660564, 0.0 ], [ 704089.07041411602404, 736913.843507095007226, 0.0 ], [ 703881.130432692123577, 737052.465799532132223, 0.0 ], [ 703621.197208253317513, 737092.9064683112083, 0.0 ], [ 703459.452365491772071, 737127.5670415032655, 0.0 ], [ 703199.527388711925596, 737583.884587759035639, 0.0 ], [ 702864.507475756341591, 738086.422898381133564, 0.0 ], [ 702751.448564707767218, 738258.705747472587973, 0.0 ], [ 702501.725942244171165, 738297.4263878071215, 0.0 ], [ 702290.025028267293237, 738401.548109698225744, 0.0 ], [ 702221.066350467619486, 738198.584753234288655, 0.0 ], [ 702007.550951486919075, 738298.966413274989463, 0.0 ], [ 701985.397739123669453, 738209.384931840002537, 0.0 ], [ 701749.687889484106563, 738502.329776353901252, 0.0 ], [ 701656.514084544149227, 738588.841207018587738, 0.0 ], [ 701682.156056710053235, 738577.161013859906234, 0.0 ], [ 701743.559878767002374, 738666.522491656593047, 0.0 ], [ 701882.763869187096134, 738724.393448685412295, 0.0 ], [ 702001.5054173610406, 738660.952399542322382, 0.0 ], [ 702090.918289747787639, 738658.822364317369647, 0.0 ], [ 702128.808035688707605, 738738.20367706916295, 0.0 ], [ 702162.854372485307977, 738718.983359217178077, 0.0 ], [ 702199.465731264441274, 738774.144271429278888, 0.0 ], [ 702084.716050098766573, 739299.452958611538634, 0.0 ], [ 701986.51942076231353, 739357.223913986701518, 0.0 ], [ 702003.856000206666067, 739449.645442388369702, 0.0 ], [ 702148.264263523742557, 739709.569740831968375, 0.0 ], [ 702067.395965972566046, 740061.925567842670716, 0.0 ], [ 701976.737697060569189, 740129.916692231665365, 0.0 ], [ 701973.925245304824784, 740152.417064326815307, 0.0 ], [ 702004.482822298887186, 740219.438172674388625, 0.0 ], [ 702063.610290442127734, 740236.438453812967055, 0.0 ], [ 702117.82215375720989, 740431.591681118588895, 0.0 ], [ 702224.258194542257115, 740528.163278151070699, 0.0 ], [ 702153.303583238623105, 740588.294272554805502, 0.0 ], [ 702120.774815717712045, 740560.693816118058749, 0.0 ], [ 702003.493103205924854, 740666.395564138540067, 0.0 ], [ 702010.396393879083917, 740767.917243032017723, 0.0 ], [ 702071.495052549056709, 740877.30905207619071, 0.0 ], [ 702166.120445491978899, 740919.68975293810945, 0.0 ], [ 702183.184852185891941, 741000.791094134561718, 0.0 ], [ 702266.981068720342591, 741118.423039448214695, 0.0 ], [ 702353.094877463998273, 741083.822467248537578, 0.0 ], [ 702429.212523369118571, 741098.422708696918562, 0.0 ], [ 702463.399070370593108, 741253.40527168859262, 0.0 ], [ 702468.760048790602013, 741282.005744662950747, 0.0 ], [ 702795.169405637774616, 741216.204656491288915, 0.0 ], [ 702826.089879632578231, 741392.997580167255364, 0.0 ], [ 702574.651744074653834, 741474.768932443810627, 0.0 ], [ 702617.275646343361586, 741706.582766016479582, 0.0 ], [ 702511.573647218872793, 741736.29325734754093, 0.0 ], [ 702525.264761337661184, 741937.476584374671802, 0.0 ], [ 702499.804237672127783, 742005.247705125366338, 0.0 ], [ 702536.168166678049602, 742015.867880754289217, 0.0 ], [ 702551.261382845230401, 742111.539462903048843, 0.0 ], [ 702624.715034858556464, 742141.499958368483931, 0.0 ], [ 702602.462850585929118, 742194.170829401933588, 0.0 ], [ 702625.308866314240731, 742236.891535886679776, 0.0 ], [ 702589.728464923566207, 742268.922065584920347, 0.0 ], [ 702630.430662620230578, 742309.312733537051827, 0.0 ], [ 702589.934656401281245, 742322.442950675264001, 0.0 ], [ 702613.094083175761625, 742349.763402481563389, 0.0 ], [ 702596.532783687463962, 742389.90406629932113, 0.0 ], [ 702481.370719566359185, 742551.146732816239819, 0.0 ], [ 702403.075691656791605, 742537.35650476324372, 0.0 ], [ 702311.592656833934598, 742600.34754646429792, 0.0 ], [ 702289.010566196986474, 742648.248338613659143, 0.0 ], [ 702217.618828960577957, 742681.688891629804857, 0.0 ], [ 702224.398404747131281, 742783.420573996147141, 0.0 ], [ 702005.258102255058475, 742971.603686035028659, 0.0 ], [ 701997.035186124616303, 742929.572990961140022, 0.0 ], [ 701943.02126662817318, 742955.353417299571447, 0.0 ], [ 701971.54991948173847, 743042.254854413913563, 0.0 ], [ 702126.168784774141386, 743204.277533830027096, 0.0 ], [ 701989.670026541454718, 743336.879726710962132, 0.0 ], [ 702128.263690187595785, 743539.563078544451855, 0.0 ], [ 701905.263483233051375, 743753.576617748476565, 0.0 ], [ 701905.733599802129902, 743753.126610306673683, 0.0 ], [ 702434.952894108137116, 743946.009800071944483, 0.0 ], [ 703030.854512299993075, 744475.698559688869864, 0.0 ], [ 703136.803941197809763, 745045.10797617782373, 0.0 ], [ 703694.312706243246794, 745271.34171747090295, 0.0 ], [ 703747.485364510677755, 745561.256511876126751, 0.0 ], [ 703741.538802294060588, 745705.978905192343518, 0.0 ], [ 703929.52769633627031, 745712.769017482409254, 0.0 ], [ 704041.390696814283729, 745683.308530285721645, 0.0 ], [ 704127.768430649419315, 745873.131669446127489, 0.0 ], [ 704272.06122673896607, 745855.991385992383584, 0.0 ], [ 704326.520519827259704, 745882.581825726199895, 0.0 ], [ 704490.566459479858167, 745764.629875120474026, 0.0 ], [ 704561.29838398762513, 746016.484040105948225, 0.0 ], [ 704355.675994773046114, 746083.905155068496242, 0.0 ], [ 704294.849508853629231, 746157.8463778559817, 0.0 ], [ 704177.204899341100827, 746182.766789972083643, 0.0 ], [ 704210.847100841463543, 746241.997769491979852, 0.0 ], [ 704197.213720336440019, 746318.029026843025349, 0.0 ], [ 704237.247857645270415, 746548.572839413071051, 0.0 ], [ 704295.6165411506081, 746691.055195685126819, 0.0 ], [ 704299.880580909317359, 746844.707736681797542, 0.0 ], [ 704215.449294623569585, 746828.707472080830485, 0.0 ], [ 704091.4952258936828, 746904.508725628140382, 0.0 ], [ 703926.030688874656335, 746918.278953350381926, 0.0 ], [ 703763.667271679965779, 747008.150439581368119, 0.0 ], [ 703706.428517472464591, 747078.251598864560947, 0.0 ], [ 703591.893275443580933, 747113.562182805966586, 0.0 ], [ 703533.788517029606737, 747034.220870715565979, 0.0 ], [ 703394.625764905125834, 747071.501487236004323, 0.0 ], [ 703219.83312543516513, 747200.363618266535923, 0.0 ], [ 703015.835525064845569, 747297.835230182856321, 0.0 ], [ 702977.277718736208044, 747338.265898796613328, 0.0 ], [ 702979.817997741396539, 747390.91676949930843, 0.0 ], [ 702868.33438958239276, 747487.528367193415761, 0.0 ], [ 702615.659105158294551, 747593.850125467171893, 0.0 ], [ 702540.910570665029809, 747441.577607292332686, 0.0 ], [ 702492.75248913501855, 747456.727857836405747, 0.0 ], [ 702366.489075854886323, 747260.974620608263649, 0.0 ], [ 702243.93710917327553, 747286.10503619723022, 0.0 ], [ 702249.199115684023127, 747330.095763684716076, 0.0 ], [ 702162.285284006851725, 747389.926753127132542, 0.0 ], [ 702043.329296696232632, 747238.704252316732891, 0.0 ], [ 701989.447339745471254, 747277.72489761246834, 0.0 ], [ 701989.447339745471254, 747552.059434362337925, 0.0 ], [ 702021.885383016197011, 748119.498818272259086, 0.0 ], [ 702573.125927139772102, 748800.420078865019605, 0.0 ], [ 703108.143325798446313, 749108.465173096279614, 0.0 ], [ 704145.756575163337402, 748865.27115132601466, 0.0 ], [ 704470.013292983407155, 748800.410078699700534, 0.0 ], [ 704761.840215191827156, 748946.322491695638746, 0.0 ], [ 705086.105180670972914, 749286.79812223999761, 0.0 ], [ 705554.745418830658309, 749406.240097486646846, 0.0 ], [ 705544.064700286253355, 749333.488894378882833, 0.0 ], [ 705597.864180645905435, 749287.488133650971577, 0.0 ], [ 705664.79393430496566, 749285.098094126209617, 0.0 ], [ 705699.895971467485651, 749209.946851328248158, 0.0 ], [ 705905.31216920434963, 749171.936222735443152, 0.0 ], [ 705854.671542282914743, 749064.424444781965576, 0.0 ], [ 705716.531499887700193, 749126.655473914579488, 0.0 ], [ 705620.462766601005569, 748973.00293291779235, 0.0 ], [ 705645.593383902218193, 748877.061346303904429, 0.0 ], [ 705614.417232475010678, 748796.890020487364382, 0.0 ], [ 705531.957136716111563, 748781.549766801181249, 0.0 ], [ 705553.359812100650743, 748656.587700267205946, 0.0 ], [ 705873.649405889795162, 748591.236619537346996, 0.0 ], [ 705871.298823044169694, 748516.735387488850392, 0.0 ], [ 705934.574863718589768, 748485.784875651239417, 0.0 ], [ 705908.231840528431349, 748134.689069477957673, 0.0 ], [ 705813.474485039943829, 748084.818244749563746, 0.0 ], [ 705786.306695939041674, 747998.806822353741154, 0.0 ], [ 706154.086310870479792, 747921.575545157655142, 0.0 ], [ 706141.409658821998164, 747844.19426548096817, 0.0 ], [ 706217.05718815792352, 747728.962359857396223, 0.0 ], [ 706438.457349245552905, 747582.409936277428642, 0.0 ], [ 706483.654521155869588, 747482.208279213518836, 0.0 ], [ 706658.760571671882644, 747341.575953535852022, 0.0 ], [ 706737.055599581450224, 747289.805097386240959, 0.0 ], [ 706823.911697644856758, 747286.145036858739331, 0.0 ], [ 706768.198760372237302, 747196.783559062052518, 0.0 ], [ 706695.800808724714443, 747172.733161333599128, 0.0 ], [ 706658.141997238853946, 747088.101761759608053, 0.0 ], [ 706723.801611395319924, 746971.829838937032036, 0.0 ], [ 706955.53608934499789, 746528.212502708192915, 0.0 ], [ 707041.60865979315713, 745872.731662831152789, 0.0 ], [ 707553.72230910975486, 744802.353961684159003, 0.0 ], [ 707580.131313572637737, 744877.825209774076939, 0.0 ], [ 707672.900983216241002, 744920.065908320830204, 0.0 ], [ 707771.477004871703684, 745037.40784883860033, 0.0 ], [ 707898.020838561467826, 745036.657836435362697, 0.0 ], [ 707929.807316762628034, 745036.557834781589918, 0.0 ], [ 708004.390898073790595, 745032.327764827758074, 0.0 ], [ 708016.952082894742489, 744942.406277769943699, 0.0 ], [ 707883.364748327061534, 744889.9354100440396, 0.0 ], [ 707908.371650741668418, 744781.183611583895981, 0.0 ], [ 707948.867656960617751, 744757.113213524804451, 0.0 ], [ 707924.850473638856784, 744652.991491633583792, 0.0 ], [ 708094.001714279060252, 744601.220635483856313, 0.0 ], [ 708443.611736196209677, 744427.297759270761162, 0.0 ], [ 708431.12478030717466, 744352.386520441854373, 0.0 ], [ 708474.829125919030048, 744289.955488001694903, 0.0 ], [ 708389.210176721680909, 744196.303939258912578, 0.0 ], [ 708419.528571601724252, 744139.23299546004273, 0.0 ], [ 708404.361126502626576, 744093.752243331633508, 0.0 ], [ 708473.039383892551996, 743997.430650433525443, 0.0 ], [ 708419.008969077956863, 743901.989072088385001, 0.0 ], [ 708360.755752800148912, 743746.016492724535055, 0.0 ], [ 708379.634644497651607, 743697.005682218587026, 0.0 ], [ 708455.207944901660085, 743793.867284046951681, 0.0 ], [ 708554.196349512552842, 743769.386879207449965, 0.0 ], [ 708527.581153571954928, 743565.563508521066979, 0.0 ], [ 708431.759850058471784, 743482.062127634533681, 0.0 ], [ 708476.75083049107343, 743409.720931307179853, 0.0 ], [ 708637.844108183053322, 743455.011680293362588, 0.0 ], [ 708907.418846118845977, 743275.198706674040295, 0.0 ], [ 709062.087197365937755, 743131.266326422453858, 0.0 ], [ 709257.581461196299642, 743169.926965764723718, 0.0 ], [ 709343.513821439584717, 743144.146539426292293, 0.0 ], [ 709470.263846607063897, 743313.859346016310155, 0.0 ], [ 709664.69416241243016, 743201.687490997719578, 0.0 ], [ 709777.464405392296612, 743356.830056635430083, 0.0 ], [ 709949.320878219790757, 743285.928884122055024, 0.0 ], [ 709813.737610148033127, 743105.645902730058879, 0.0 ], [ 709740.745827044709586, 742852.881722695427015, 0.0 ], [ 709732.01980370876845, 742702.589237264939584, 0.0 ], [ 709918.449890179676004, 742707.819323756382801, 0.0 ], [ 710315.723134080297314, 742701.199214277672581, 0.0 ], [ 710388.541716342326254, 742522.426257857354358, 0.0 ], [ 710249.50267910445109, 742164.900345347472467, 0.0 ], [ 710165.99513063870836, 742127.039719235268421, 0.0 ], [ 710016.267127197235823, 741494.879265014198609, 0.0 ], [ 710004.134820649749599, 741499.629343567648903, 0.0 ], [ 710017.759953495697118, 741423.338081916910596, 0.0 ], [ 709958.162368783261627, 741224.694796895142645, 0.0 ], [ 709984.645602178177796, 740986.340855166781694, 0.0 ], [ 709949.040457810158841, 740910.929608069127426, 0.0 ], [ 709958.50877046585083, 740980.510758752818219, 0.0 ], [ 709904.95671987941023, 740904.349499251926318, 0.0 ], [ 709704.002505719778128, 740888.059229854959995, 0.0 ], [ 709696.563117204699665, 740966.090520281111822, 0.0 ], [ 709640.34707272646483, 740926.749869693419896, 0.0 ], [ 709461.579061566619202, 740834.058336826507002, 0.0 ], [ 709441.710450776154175, 740728.116584836971015, 0.0 ], [ 709322.531776669551618, 740575.834066496812738, 0.0 ], [ 709205.068615657393821, 740499.352801703847945, 0.0 ], [ 709471.039126563118771, 740230.208350783912465, 0.0 ], [ 709555.965272395405918, 740054.105438518919982, 0.0 ], [ 709620.965073823346756, 739989.954377634101547, 0.0 ], [ 709815.123216878157109, 739926.973336098366417, 0.0 ], [ 709839.651755064493045, 739923.783283343538642, 0.0 ], [ 709951.366297678556293, 739162.080686846398748, 0.0 ], [ 710762.251398172229528, 739700.849596624379046, 0.0 ], [ 711487.030937581323087, 739233.761872258968651, 0.0 ], [ 711461.339479460846633, 739160.66066336305812, 0.0 ], [ 711502.495298408321105, 739134.90023735538125, 0.0 ], [ 711491.839322841144167, 739118.689969281549565, 0.0 ], [ 711512.738891020184383, 738978.367648730520159, 0.0 ], [ 711664.982430489500985, 738796.26463724009227, 0.0 ], [ 711667.968083086539991, 738524.620144976302981, 0.0 ], [ 711626.168946728575975, 738420.128416966181248, 0.0 ], [ 711518.701948555069976, 738118.623430890613236, 0.0 ], [ 711483.410215233103372, 737918.67012420471292, 0.0 ], [ 711638.400225185323507, 737922.700190851115622, 0.0 ], [ 711711.738409971236251, 737939.020460744155571, 0.0 ], [ 711798.545022079953924, 737906.499922942603007, 0.0 ], [ 711918.152574460138567, 737802.70820650877431, 0.0 ], [ 712051.063600981025957, 737780.837844832334667, 0.0 ], [ 712057.653480608132668, 737775.777761152246967, 0.0 ], [ 712085.728512210771441, 737743.697230627178214, 0.0 ], [ 712169.186574721825309, 737797.368118198239245, 0.0 ], [ 712348.614398610196076, 737769.937664572848007, 0.0 ], [ 712454.605065803509206, 737662.335885130916722, 0.0 ], [ 712453.969996052212082, 737614.365091823972762, 0.0 ], [ 712454.638056439929642, 737517.35348751489073, 0.0 ], [ 712464.279569936916232, 737460.352544873720035, 0.0 ] ] ] } },
{ "type": "Feature", "properties": { "RoutingKey": "K32", "Descriptor": "BALBRIGGAN", "local_authority": "Fingal", "CountyName": "Co. Dublin" }, "geometry": { "type": "Polygon", "coordinates": [ [ [ 723023.971964687574655, 760632.465748841641471, 0.0 ], [ 722952.23382576869335, 760488.993376197293401, 0.0 ], [ 722789.639474119059741, 760402.921952809207141, 0.0 ], [ 722650.955086222733371, 760388.571715495199896, 0.0 ], [ 722531.405267456313595, 760608.545353263150901, 0.0 ], [ 722359.235383582650684, 760642.02590694068931, 0.0 ], [ 722172.731068179826252, 760613.335432477993891, 0.0 ], [ 722230.118280251394026, 760393.351794544723816, 0.0 ], [ 721962.308541364618577, 760374.221478181076236, 0.0 ], [ 721828.366557455155998, 760615.345465718535706, 0.0 ], [ 721665.161879031686112, 760599.555204590433277, 0.0 ], [ 721472.661515457439236, 760728.397335290093906, 0.0 ], [ 721341.771165417972952, 760765.81795412581414, 0.0 ], [ 721330.447129463078454, 760860.94952734420076, 0.0 ], [ 721198.987690945039503, 760854.319417700171471, 0.0 ], [ 721146.920218998100609, 761010.782005167449825, 0.0 ], [ 720967.550128723378293, 760946.080935187055729, 0.0 ], [ 721048.327702024369501, 760498.263529500574805, 0.0 ], [ 721128.7506259836955, 760511.473747961805202, 0.0 ], [ 721262.898801370756701, 760256.219526748522185, 0.0 ], [ 721677.640587261645123, 760353.511135688167997, 0.0 ], [ 721691.142005220986903, 760323.370637245941907, 0.0 ], [ 721784.744688434526324, 760308.260387363377959, 0.0 ], [ 721814.007382948650047, 760065.216368073830381, 0.0 ], [ 721791.202605515834875, 760013.485512585612014, 0.0 ], [ 721763.09458327665925, 759954.314534057979472, 0.0 ], [ 721482.088589817634784, 759861.00299093790818, 0.0 ], [ 721538.387110886862502, 759658.199637119891122, 0.0 ], [ 721469.337708837003447, 759617.118957756785676, 0.0 ], [ 721449.427859751041979, 759556.697958557168022, 0.0 ], [ 721306.586651664460078, 759545.857779289945029, 0.0 ], [ 721312.739405358792283, 759588.248480317299254, 0.0 ], [ 721032.244766764342785, 759727.680786149809137, 0.0 ], [ 721014.091669068206102, 759701.85035898454953, 0.0 ], [ 720816.626214711228386, 759827.26243296044413, 0.0 ], [ 720815.9416590052424, 759827.552437756326981, 0.0 ], [ 720637.610773778171279, 758996.95870198647026, 0.0 ], [ 720513.269065070082434, 758509.170635293470696, 0.0 ], [ 719987.225119520677254, 758394.398737277253531, 0.0 ], [ 719858.710095304180868, 757885.280317838070914, 0.0 ], [ 719844.944752253359184, 757862.769945577485487, 0.0 ], [ 719672.552181583829224, 757829.839400995522738, 0.0 ], [ 719687.208271818235517, 757787.278697156812996, 0.0 ], [ 719534.816274484852329, 757696.91720282251481, 0.0 ], [ 719476.670277775498107, 757785.608669539098628, 0.0 ], [ 719290.586592987063341, 757889.530388122657314, 0.0 ], [ 719220.497985889669508, 757873.530123521690257, 0.0 ], [ 719038.084509404259734, 758006.222317891079001, 0.0 ], [ 718950.098482043133117, 757932.861104695359245, 0.0 ], [ 718757.804309946601279, 757978.151853681658395, 0.0 ], [ 718739.263572272378951, 758154.734773884643801, 0.0 ], [ 718699.19644432712812, 758171.255047085229307, 0.0 ], [ 718597.148158187279478, 758384.54857438232284, 0.0 ], [ 718533.583449444151483, 758662.203166036866605, 0.0 ], [ 718562.029625706607476, 758699.553783714887686, 0.0 ], [ 718534.218519195448607, 758753.824681208468974, 0.0 ], [ 718556.116054126410745, 758816.735721586621366, 0.0 ], [ 718538.375339385704137, 759128.510877502965741, 0.0 ], [ 718457.102906538173556, 759193.151946491096169, 0.0 ], [ 718423.279256537440233, 759355.964638971956447, 0.0 ], [ 718524.090393811115064, 759772.231522898306139, 0.0 ], [ 718240.75856048357673, 759771.831516283331439, 0.0 ], [ 718245.682412970927544, 759735.07090836239513, 0.0 ], [ 718163.453251666971482, 759637.119288508081809, 0.0 ], [ 718012.653052541427314, 759566.698123932816088, 0.0 ], [ 717925.434057477279566, 759462.146394930430688, 0.0 ], [ 717768.109959997469559, 759363.474763169069774, 0.0 ], [ 717618.761348874890245, 759329.60420304175932, 0.0 ], [ 717339.454373191925697, 758971.158275317284279, 0.0 ], [ 717024.195851458469406, 759193.211947483359836, 0.0 ], [ 716568.562171711586416, 759321.894075537100434, 0.0 ], [ 716517.476171198417433, 759209.902223495300859, 0.0 ], [ 716534.919970211223699, 759177.331684866920114, 0.0 ], [ 716484.922660700161941, 759178.451703388942406, 0.0 ], [ 716350.312616403098218, 758902.157134225359187, 0.0 ], [ 716304.703061537467875, 758900.097100157989189, 0.0 ], [ 716222.779063620488159, 758789.265267299837433, 0.0 ], [ 716126.677339697256684, 758743.864516494330019, 0.0 ], [ 716017.85772543004714, 758628.102602105936967, 0.0 ], [ 715905.128720745677128, 758377.308454650337808, 0.0 ], [ 715928.931464930647053, 758331.697700371965766, 0.0 ], [ 715789.364577509812079, 758019.122531225671992, 0.0 ], [ 715319.767610893468373, 758059.673201823839918, 0.0 ], [ 714793.723665344063193, 758021.422569261980243, 0.0 ], [ 714401.572217749198899, 757753.608140337048098, 0.0 ], [ 714057.257192979217507, 757772.738456700579263, 0.0 ], [ 714219.84329696977511, 756644.149792902055196, 0.0 ], [ 714222.532033838913776, 756415.916018533753231, 0.0 ], [ 714222.532033838913776, 756415.906018368434161, 0.0 ], [ 714106.182306806207635, 756094.630705345189199, 0.0 ], [ 714050.304416351485997, 755940.298153102979995, 0.0 ], [ 713978.714735296438448, 755742.614883957314305, 0.0 ], [ 713647.6124604169745, 755933.008032544166781, 0.0 ], [ 713600.460593298193999, 755821.606190259451978, 0.0 ], [ 713253.29187847697176, 756078.500438594259322, 0.0 ], [ 713156.522094166022725, 756096.490736105130054, 0.0 ], [ 713116.001344969845377, 756159.721781775238924, 0.0 ], [ 713075.464100455399603, 756152.791667169891298, 0.0 ], [ 713058.432684397906996, 756203.232501324615441, 0.0 ], [ 712994.051457403111272, 756239.593102630460635, 0.0 ], [ 712760.453008495154791, 756319.524424477946013, 0.0 ], [ 712473.253023046068847, 756473.766975231817923, 0.0 ], [ 712292.398354131961241, 756525.857836673618294, 0.0 ], [ 712271.003926406614482, 756564.508475850452669, 0.0 ], [ 712167.603024173062295, 756605.71915736340452, 0.0 ], [ 711851.107353573432192, 756909.784185775090009, 0.0 ], [ 711755.87988151574973, 756761.42173226212617, 0.0 ], [ 711589.62356922228355, 757371.061814057291485, 0.0 ], [ 711120.966835744329728, 757887.540355212986469, 0.0 ], [ 710478.053560638451017, 758339.317826388287358, 0.0 ], [ 710589.6278930476401, 758459.749818007112481, 0.0 ], [ 710691.21431027748622, 758449.449647670146078, 0.0 ], [ 710743.784889430040494, 758372.03836749738548, 0.0 ], [ 711044.123395837727003, 758586.19190901669208, 0.0 ], [ 710891.104576412122697, 758679.213447340880521, 0.0 ], [ 710932.351119609898888, 758869.716597746824846, 0.0 ], [ 710805.444388919393532, 759073.459967110073194, 0.0 ], [ 710829.172904172330163, 759479.566683014854789, 0.0 ], [ 710701.944514776580036, 759460.156362020759843, 0.0 ], [ 710598.518869565799832, 759331.004226194345392, 0.0 ], [ 710436.881246372708119, 759299.803710222360678, 0.0 ], [ 710379.74146407446824, 759752.60119826591108, 0.0 ], [ 710398.876033204374835, 760068.226417851867154, 0.0 ], [ 710991.882723049377091, 760460.362902726861648, 0.0 ], [ 711498.783851809916086, 760795.118438676465303, 0.0 ], [ 711763.591442781384103, 761095.0133981264662, 0.0 ], [ 711485.579349578358233, 761501.090113535057753, 0.0 ], [ 711361.237640870385803, 761612.551956812036224, 0.0 ], [ 711300.188468155101873, 761424.918853868846782, 0.0 ], [ 711191.533807069994509, 761382.918159291148186, 0.0 ], [ 711017.491704578860663, 761715.01365125074517, 0.0 ], [ 711131.04547517397441, 761791.614918028237298, 0.0 ], [ 711023.792916137143038, 761960.747715026373044, 0.0 ], [ 710893.191234166384675, 761925.98714018065948, 0.0 ], [ 710684.79763149167411, 761953.327592317713425, 0.0 ], [ 710445.079419525805861, 762382.694692886201665, 0.0 ], [ 710296.827747064526193, 762339.303975321236067, 0.0 ], [ 710020.696120138047263, 762358.544293503975496, 0.0 ], [ 709728.572282201726921, 762334.113889491301961, 0.0 ], [ 709707.483017863240093, 762327.643782493192703, 0.0 ], [ 709771.212679788586684, 761877.206333478330635, 0.0 ], [ 709792.79680367349647, 761832.875600368133746, 0.0 ], [ 709898.993662344524637, 761880.096381271840073, 0.0 ], [ 709936.050394715508446, 761793.094942503841594, 0.0 ], [ 709824.5090529427398, 761759.064379730494693, 0.0 ], [ 709439.252648361958563, 761803.005106391035952, 0.0 ], [ 709200.144763170043007, 761607.911880077677779, 0.0 ], [ 709032.296652668854222, 761357.417737583280541, 0.0 ], [ 708954.414007714716718, 761421.288793837535195, 0.0 ], [ 708696.031343188020401, 761510.180263861548156, 0.0 ], [ 708683.313452843925916, 761534.420664732111618, 0.0 ], [ 708807.308759869425558, 761725.91383151023183, 0.0 ], [ 708964.723581599304453, 761903.92677536199335, 0.0 ], [ 708935.832031744997948, 761995.608291525859386, 0.0 ], [ 709033.426581966690719, 762074.63959848950617, 0.0 ], [ 709155.970300989109091, 762110.700194834149443, 0.0 ], [ 709072.833897183299996, 762588.968104089493863, 0.0 ], [ 708951.857233391259797, 762804.231663965503685, 0.0 ], [ 708770.383990044123493, 762963.864303856855258, 0.0 ], [ 708817.181207821355201, 762986.124671983066946, 0.0 ], [ 708749.591641433537006, 763119.546878424822353, 0.0 ], [ 708885.974932438810356, 763168.737691907561384, 0.0 ], [ 708932.483482147217728, 763095.756484996178187, 0.0 ], [ 709060.173740452970378, 763222.678583943750709, 0.0 ], [ 709249.523498247959651, 763237.128822911530733, 0.0 ], [ 709404.266078427084722, 763340.230527934385464, 0.0 ], [ 709469.752491742372513, 763486.202941922587343, 0.0 ], [ 709466.502914053853601, 763557.504121050937101, 0.0 ], [ 709402.451593423378654, 763873.539347417303361, 0.0 ], [ 708942.388920735684223, 764017.851733953109942, 0.0 ], [ 708256.472351042088121, 763798.368104288587347, 0.0 ], [ 707615.653981349547394, 764027.911900321021676, 0.0 ], [ 707625.221265914500691, 764429.618543460499495, 0.0 ], [ 708208.65242353559006, 764869.585819327156059, 0.0 ], [ 708344.961485608830117, 765058.888949888059869, 0.0 ], [ 708145.21142967895139, 765025.798402660060674, 0.0 ], [ 707815.164855165290646, 765021.608333367621526, 0.0 ], [ 707648.421930984593928, 765062.369007438770495, 0.0 ], [ 707768.697543752379715, 765701.689580068807118, 0.0 ], [ 707811.436913248617202, 765839.601860764203593, 0.0 ], [ 707861.310507872956805, 765829.401692081126384, 0.0 ], [ 707862.39095121610444, 765777.170828324160539, 0.0 ], [ 707912.470737318159081, 765762.620587702607736, 0.0 ], [ 708312.341993837733753, 765787.941006433684379, 0.0 ], [ 708477.039498559897766, 765876.622472984832712, 0.0 ], [ 708538.05568063876126, 765727.150001115165651, 0.0 ], [ 708595.327425482799299, 765367.104046930675395, 0.0 ], [ 708906.874500617734157, 765357.363885854720138, 0.0 ], [ 709241.630488481954671, 765481.695941970101558, 0.0 ], [ 709518.999264274490997, 765539.086891060927883, 0.0 ], [ 709949.39510715182405, 765558.217207424459048, 0.0 ], [ 709834.628930667880923, 765797.321161556057632, 0.0 ], [ 709828.055546359042637, 766225.168236987432465, 0.0 ], [ 709999.524379208567552, 766160.517167833866552, 0.0 ], [ 710413.977497030515224, 766020.754856543964706, 0.0 ], [ 710621.389628271455877, 765917.603150694281794, 0.0 ], [ 710816.265317668672651, 765919.713185588479973, 0.0 ], [ 710924.977712367544882, 766084.255906679318286, 0.0 ], [ 712187.488130281795748, 766141.626855439390056, 0.0 ], [ 712483.983227545279078, 765778.170844861655496, 0.0 ], [ 712759.257097924477421, 765547.297026834334247, 0.0 ], [ 712887.07107111683581, 765583.717629132326692, 0.0 ], [ 712885.817426932509989, 765642.748605344793759, 0.0 ], [ 713221.818811321863905, 765779.350864376057871, 0.0 ], [ 713296.36940199660603, 765814.901452286401764, 0.0 ], [ 713101.699904076987877, 766177.037441034452058, 0.0 ], [ 713213.777343691792339, 766263.618872856721282, 0.0 ], [ 713169.693605761043727, 766326.319909762009047, 0.0 ], [ 713042.86935166164767, 766266.628922634874471, 0.0 ], [ 712987.321367571130395, 766425.76155425736215, 0.0 ], [ 712875.887245366815478, 766568.733918632962741, 0.0 ], [ 713000.212458756519482, 766726.236523299245164, 0.0 ], [ 712978.026255756733008, 766770.37725326733198, 0.0 ], [ 713029.029779678909108, 766830.808252632268704, 0.0 ], [ 712881.215233150403947, 767018.951364009641111, 0.0 ], [ 713062.111140360007994, 767119.733030665316619, 0.0 ], [ 712961.563928177813068, 767308.506152461282909, 0.0 ], [ 713082.606573242694139, 767337.456631223787554, 0.0 ], [ 713081.443653308437206, 767406.507773142540827, 0.0 ], [ 713173.10813663166482, 767455.558584309997968, 0.0 ], [ 713289.01249007252045, 767441.65835443791002, 0.0 ], [ 713126.78928308270406, 767836.894890579278581, 0.0 ], [ 713302.274725917726755, 767921.826295114587992, 0.0 ], [ 713455.862633821670897, 768198.340867916471325, 0.0 ], [ 713493.67815083055757, 768231.001408033305779, 0.0 ], [ 713736.406758370692842, 768247.731684706755914, 0.0 ], [ 713687.836293885367922, 768465.35528361145407, 0.0 ], [ 713767.830339571111836, 768473.625420377124101, 0.0 ], [ 713818.446223515202291, 768234.531466410961002, 0.0 ], [ 713772.300570807536133, 767977.087208980461583, 0.0 ], [ 713934.433053547050804, 767982.277294810395688, 0.0 ], [ 713978.153894477174617, 767662.692009735736065, 0.0 ], [ 714084.004351465613581, 767457.348613912239671, 0.0 ], [ 714204.700594848021865, 767466.718768869293854, 0.0 ], [ 714214.705005345633253, 767343.296727803070098, 0.0 ], [ 714361.884482122957706, 767383.06738550204318, 0.0 ], [ 714361.909225100185722, 767333.676568711758591, 0.0 ], [ 714395.073062372393906, 767333.996574003715068, 0.0 ], [ 714595.449940394377336, 767382.747380209970288, 0.0 ], [ 714573.131774848909117, 767517.069601535564288, 0.0 ], [ 714617.553666803170927, 768360.253545513493009, 0.0 ], [ 714851.201601665699854, 768422.73457878048066, 0.0 ], [ 715578.109037124668248, 768547.066634895745665, 0.0 ], [ 715985.584635341539979, 768595.197430848726071, 0.0 ], [ 716549.435850240755826, 768908.842617690330371, 0.0 ], [ 717098.729946814943105, 769332.769628294394352, 0.0 ], [ 717365.36027044930961, 768720.899509620503522, 0.0 ], [ 717425.535191299277358, 768662.90855060715694, 0.0 ], [ 717598.686546606710181, 768639.768167927977629, 0.0 ], [ 717566.380465881782584, 768601.247530900989659, 0.0 ], [ 717593.119376708986238, 768348.993359300424345, 0.0 ], [ 717677.327976198866963, 767975.937189962249249, 0.0 ], [ 717798.890223787515424, 767628.731448119971901, 0.0 ], [ 718154.949915126897395, 766706.48619668232277, 0.0 ], [ 718206.349326686235145, 766391.060980403912254, 0.0 ], [ 718058.31209336174652, 766326.129906619898975, 0.0 ], [ 718202.59664179221727, 766363.350522148073651, 0.0 ], [ 718354.081396623747423, 766266.078913539182395, 0.0 ], [ 718407.344779141363688, 766306.229577522375621, 0.0 ], [ 718598.929652554565109, 766306.719585625804029, 0.0 ], [ 718708.813214846770279, 766246.768594198860228, 0.0 ], [ 718714.957720882026479, 766192.017688767169602, 0.0 ], [ 718745.045181306893937, 766205.577913016546518, 0.0 ], [ 718754.35678843955975, 766133.086714208591729, 0.0 ], [ 718809.987249121186323, 766090.966017646365799, 0.0 ], [ 718906.022991771460511, 766086.945951165282167, 0.0 ], [ 718927.862793088657781, 766128.266634497442283, 0.0 ], [ 718933.669145100517198, 766088.815982090542093, 0.0 ], [ 718975.47652911755722, 766107.966298784944229, 0.0 ], [ 718996.557545796851628, 766042.595217724330723, 0.0 ], [ 719122.416823780629784, 766078.015803484944627, 0.0 ], [ 719363.363936953595839, 765951.473710821592249, 0.0 ], [ 719634.489234801731072, 766060.405512258410454, 0.0 ], [ 719741.824270429555327, 766070.375677137868479, 0.0 ], [ 719748.33167346555274, 766037.485133217414841, 0.0 ], [ 719801.661037256009877, 766055.205426263040863, 0.0 ], [ 719847.872671236633323, 766005.254600211745128, 0.0 ], [ 719879.560177528415807, 766021.074861836037599, 0.0 ], [ 719871.015602692845277, 765963.263905799365602, 0.0 ], [ 719919.553076541866176, 765934.653432659688406, 0.0 ], [ 719925.070760484901257, 765872.952412292012013, 0.0 ], [ 719736.339577122940682, 765789.44103124004323, 0.0 ], [ 719761.437203787732869, 765648.138694482273422, 0.0 ], [ 719840.350806130329147, 765602.857945661409758, 0.0 ], [ 719851.155239561456256, 765552.69711613713298, 0.0 ], [ 719816.333622808684595, 765019.568299631006084, 0.0 ], [ 719833.967117981053889, 764926.31675750319846, 0.0 ], [ 719971.4720906248549, 764784.764416611054912, 0.0 ], [ 719973.06388883269392, 764642.942071253666654, 0.0 ], [ 720073.693577605998144, 764483.149428716278635, 0.0 ], [ 720224.130879730801098, 764448.198850728455, 0.0 ], [ 720275.868445313535631, 764316.676675708033144, 0.0 ], [ 720228.032022488769144, 764156.574028044007719, 0.0 ], [ 720319.350104129407555, 764031.181954398867674, 0.0 ], [ 720480.418638844043016, 763967.320898310048506, 0.0 ], [ 720520.889902085647918, 764064.682508407277055, 0.0 ], [ 720499.091339063947089, 763987.831237495527603, 0.0 ], [ 720525.863240527571179, 763975.101026972290128, 0.0 ], [ 720394.915156874340028, 763884.659531314973719, 0.0 ], [ 720431.510020335321315, 763847.19891181786079, 0.0 ], [ 720525.640553731704131, 763935.740376053843647, 0.0 ], [ 720576.206951721105725, 764036.622044363291934, 0.0 ], [ 720507.916334309265949, 764102.833139315363951, 0.0 ], [ 720528.815902488189749, 764116.61336720304098, 0.0 ], [ 720585.543301831115969, 764036.482042048010044, 0.0 ], [ 720534.638749818201177, 763911.049967741360888, 0.0 ], [ 720698.668194152531214, 763729.856971300090663, 0.0 ], [ 720859.035677843028679, 763630.455327466246672, 0.0 ], [ 720967.541881064302288, 763617.175107847433537, 0.0 ], [ 721075.536729420768097, 763671.706009640707634, 0.0 ], [ 721091.834103817585856, 763654.205720233381726, 0.0 ], [ 721200.785680630593561, 763675.116066033835523, 0.0 ], [ 721284.804583960911259, 763618.705133149866015, 0.0 ], [ 721388.824060627492145, 763557.444120058673434, 0.0 ], [ 721381.821798045071773, 763499.853167660417967, 0.0 ], [ 721422.647710628225468, 763490.813018160755746, 0.0 ], [ 721440.619359823991545, 763532.123701327596791, 0.0 ], [ 721488.82692730857525, 763450.202346570324153, 0.0 ], [ 721422.68894892372191, 763343.050574570312165, 0.0 ], [ 721459.638461726368405, 763169.057697199634276, 0.0 ], [ 721511.747171968920156, 762994.694813709938899, 0.0 ], [ 721726.656425338820554, 762627.208736485918052, 0.0 ], [ 721748.240549223730341, 762514.23686823726166, 0.0 ], [ 721953.673242278746329, 762168.531151201459579, 0.0 ], [ 722108.9519202997908, 761736.794011438963935, 0.0 ], [ 721464.966449509956874, 761244.585871649906039, 0.0 ], [ 721465.238622260512784, 761226.565573643078096, 0.0 ], [ 721766.954487739130855, 761019.42214805202093, 0.0 ], [ 721960.708495497703552, 760887.309963274397887, 0.0 ], [ 722175.527024617302231, 761066.392924821353517, 0.0 ], [ 722298.359411708661355, 761145.124226823798381, 0.0 ], [ 722564.874268115498126, 760795.058437684201635, 0.0 ], [ 722842.251291567226872, 760747.22764669242315, 0.0 ], [ 723023.971964687574655, 760632.465748841641471, 0.0 ] ] ] } },
{ "type": "Feature", "properties": { "RoutingKey": "K36", "Descriptor": "MALAHIDE", "local_authority": "Fingal", "CountyName": "Co. Dublin" }, "geometry": { "type": "MultiPolygon", "coordinates": [ [ [ [ 726332.908055727602914, 750596.039773549535312, 0.0 ], [ 726328.322357263648883, 750514.708428549463861, 0.0 ], [ 726210.158145227353089, 750469.527681382372975, 0.0 ], [ 726164.606323975371197, 750325.395297823240981, 0.0 ], [ 726126.13924189703539, 750364.185939315357246, 0.0 ], [ 726098.946709818905219, 750353.40576104039792, 0.0 ], [ 726079.333776460727677, 750195.443148766760714, 0.0 ], [ 726003.537789260735735, 750227.283675322891213, 0.0 ], [ 725979.025746392668225, 750174.642804785515182, 0.0 ], [ 726013.946335054701194, 750116.181837999494746, 0.0 ], [ 725983.817636334220879, 750080.571249096770771, 0.0 ], [ 725918.14152685937006, 750100.291575217619538, 0.0 ], [ 725883.707550084684044, 750070.961090170778334, 0.0 ], [ 725892.977918921737, 750029.190399396815337, 0.0 ], [ 725791.564702533301897, 749870.997783319558948, 0.0 ], [ 725519.994031093316153, 749766.996063412865624, 0.0 ], [ 725411.421846599318087, 749769.566105914418586, 0.0 ], [ 725300.40010735031683, 749655.074212528765202, 0.0 ], [ 725239.128247839049436, 749533.552202883991413, 0.0 ], [ 725244.71191305492539, 749361.499357596039772, 0.0 ], [ 725142.383206505444832, 749287.858139769872651, 0.0 ], [ 725120.91454984806478, 749187.166474602534436, 0.0 ], [ 725074.71941118570976, 749208.046819906798191, 0.0 ], [ 724993.826370657188818, 749186.546464349259622, 0.0 ], [ 724909.304360121372156, 749071.124555583577603, 0.0 ], [ 724799.973390989354812, 748818.990385967539623, 0.0 ], [ 724408.968368010595441, 747746.182644634274766, 0.0 ], [ 724254.926838855724782, 747119.892287488677539, 0.0 ], [ 724130.26347144250758, 746772.086535723996349, 0.0 ], [ 723959.446203662548214, 746440.26104822952766, 0.0 ], [ 723860.960906257270835, 746318.899041230673902, 0.0 ], [ 723573.505243375897408, 746379.710046879947186, 0.0 ], [ 723491.556502481573261, 746440.191047071828507, 0.0 ], [ 723482.706764259026386, 746486.78181755694095, 0.0 ], [ 723594.404811554821208, 746492.08190520608332, 0.0 ], [ 723491.845170550397597, 746498.502011377247982, 0.0 ], [ 723506.055887192953378, 746515.902299130801111, 0.0 ], [ 723651.1981921705883, 746606.143791480571963, 0.0 ], [ 723544.78689436276909, 746616.333959998330101, 0.0 ], [ 723332.516891907434911, 746504.932117713731714, 0.0 ], [ 723275.838978519197553, 746536.612641623709351, 0.0 ], [ 723173.741206424660049, 746490.771883541834541, 0.0 ], [ 723132.337957703974098, 746536.132633685716428, 0.0 ], [ 723126.581091646803543, 746584.723437245935202, 0.0 ], [ 723419.999812063062564, 746684.635089513962157, 0.0 ], [ 723274.197694356786087, 746668.054815321229398, 0.0 ], [ 723410.605728339287452, 746748.326142791425809, 0.0 ], [ 723366.159093407797627, 746738.015972289140336, 0.0 ], [ 723387.809198565548286, 746751.996203484246507, 0.0 ], [ 723509.618875927524641, 746754.096238213125616, 0.0 ], [ 723476.677725451299921, 746776.396607000846416, 0.0 ], [ 723491.292577390093356, 746795.146917080157436, 0.0 ], [ 723531.153513857745565, 746804.307068564230576, 0.0 ], [ 723562.040997216128744, 746788.05679982888978, 0.0 ], [ 723583.146756872767583, 746791.296853410545737, 0.0 ], [ 723703.430617299862206, 746912.188852636725642, 0.0 ], [ 723623.288113750051707, 746868.878136394778267, 0.0 ], [ 723586.099418833386153, 746804.057064429856837, 0.0 ], [ 723553.496422380558215, 746805.497088243952021, 0.0 ], [ 723564.968916199402884, 746792.59687490935903, 0.0 ], [ 723521.074874428100884, 746817.327283883350901, 0.0 ], [ 723490.492554456694052, 746808.737141825724393, 0.0 ], [ 723498.690727609791793, 746818.89730984729249, 0.0 ], [ 723471.473452554317191, 746793.876896077534184, 0.0 ], [ 723470.706420257221907, 746766.316440302180126, 0.0 ], [ 723353.696880495990627, 746761.526361087337136, 0.0 ], [ 723183.951808400102891, 746665.97478092298843, 0.0 ], [ 723096.91426183632575, 746654.324588260380551, 0.0 ], [ 723056.014120321138762, 746609.063839770271443, 0.0 ], [ 723042.125062383711338, 746647.454474647413008, 0.0 ], [ 723071.049602874438278, 746671.56487336801365, 0.0 ], [ 723030.248433268629014, 746689.155164263793267, 0.0 ], [ 723199.531636454514228, 746812.697207314427942, 0.0 ], [ 723258.090016119298525, 746905.158736377605237, 0.0 ], [ 723343.88216615782585, 747433.407472180435434, 0.0 ], [ 723409.426313086878508, 747496.988523638690822, 0.0 ], [ 723505.272359577706084, 747525.548995951539837, 0.0 ], [ 723599.501864883466624, 747738.052510183886625, 0.0 ], [ 723765.090116789098829, 747855.034444748191163, 0.0 ], [ 723841.273743967176415, 747979.616504997829907, 0.0 ], [ 723987.84289397043176, 748045.927601603674702, 0.0 ], [ 724005.666085302247666, 748116.238764359848574, 0.0 ], [ 723950.538731826236472, 748262.12117685971316, 0.0 ], [ 723841.216010353411548, 748313.02201862167567, 0.0 ], [ 723828.110480031231418, 748292.841684893704951, 0.0 ], [ 723708.997787197469734, 748408.813602754962631, 0.0 ], [ 723548.638551166164689, 748455.974382666521706, 0.0 ], [ 723144.692951047327369, 748811.180256809224375, 0.0 ], [ 722915.713191239628941, 748821.710430949809961, 0.0 ], [ 722799.099539115675725, 748909.931889893603511, 0.0 ], [ 722754.042577410116792, 748884.441468351171352, 0.0 ], [ 722627.886383698438294, 748923.882120592636056, 0.0 ], [ 722619.622229272499681, 748528.165576513274573, 0.0 ], [ 722570.301227808347903, 748526.755553195253015, 0.0 ], [ 722575.901388342492282, 748602.906812530709431, 0.0 ], [ 722441.547021477716044, 748652.117626344319433, 0.0 ], [ 722385.124785521882586, 748754.279315821826458, 0.0 ], [ 722428.086841813987121, 748647.597551594488323, 0.0 ], [ 722330.302595432847738, 748641.067443604231812, 0.0 ], [ 722458.298017125576735, 748605.456854701507837, 0.0 ], [ 722532.452720163040794, 748530.005606942344457, 0.0 ], [ 722751.436317132087424, 748428.333925568149425, 0.0 ], [ 722891.893951736623421, 748503.495168531546369, 0.0 ], [ 722919.366904224385507, 748411.003638972179033, 0.0 ], [ 722891.976428327616304, 748328.572275780839846, 0.0 ], [ 722794.876737652462907, 748300.361809256137349, 0.0 ], [ 722580.313885965151712, 748141.039174491423182, 0.0 ], [ 722507.289112225407735, 747060.821310614817776, 0.0 ], [ 722485.853446204448119, 747065.391386191477068, 0.0 ], [ 722555.290488232276402, 748098.908477763878182, 0.0 ], [ 722510.076821003807709, 748129.178978355950676, 0.0 ], [ 722342.938009185832925, 748081.828195302281529, 0.0 ], [ 722178.916812510578893, 748093.95839590288233, 0.0 ], [ 722134.214500146801583, 748051.627695867791772, 0.0 ], [ 721587.378205986693501, 748191.650011457502842, 0.0 ], [ 721326.908883705851622, 748166.909602318191901, 0.0 ], [ 721106.778862120816484, 748091.208350424654782, 0.0 ], [ 720866.706000813283026, 747862.8045732449973, 0.0 ], [ 720677.174794517806731, 747757.472831343417056, 0.0 ], [ 720570.953192869550548, 747749.922706484794617, 0.0 ], [ 720564.965392357320525, 747822.223902150639333, 0.0 ], [ 720388.853127430193126, 747863.484584490535781, 0.0 ], [ 720395.352282807114534, 747810.483707999694161, 0.0 ], [ 720340.719788877526298, 747741.292563765658997, 0.0 ], [ 720227.017560418462381, 747631.690751248621382, 0.0 ], [ 719829.30719058518298, 747954.836095197009854, 0.0 ], [ 719140.668893386027776, 748327.852263873792253, 0.0 ], [ 719169.362499421811663, 748595.656692633405328, 0.0 ], [ 719504.118487285915762, 749121.695391888148151, 0.0 ], [ 719676.296618818771094, 749925.10867816710379, 0.0 ], [ 719558.610771010629833, 750052.610786706558429, 0.0 ], [ 719704.850014649680816, 750417.596822586609051, 0.0 ], [ 719211.425560871139169, 750543.678907642723061, 0.0 ], [ 719335.899232124909759, 750889.03461889049504, 0.0 ], [ 719398.911347707849927, 751250.100589943351224, 0.0 ], [ 719401.336159485508688, 751822.000047610723414, 0.0 ], [ 719272.911859519197606, 752318.768262811121531, 0.0 ], [ 719180.092703920905478, 752543.201974336523563, 0.0 ], [ 719180.100951580097899, 752543.201974336523563, 0.0 ], [ 719580.673259123810567, 752469.250751383719034, 0.0 ], [ 719609.375112818670459, 752306.6480623758398, 0.0 ], [ 719580.673259123810567, 752077.094266177969985, 0.0 ], [ 719676.313114136923105, 751637.146990642067976, 0.0 ], [ 719829.340181221603416, 751407.593194444198161, 0.0 ], [ 720828.79975955421105, 751238.760402407264337, 0.0 ], [ 720836.898960797931068, 751319.181732358178124, 0.0 ], [ 720898.286287536728196, 751583.366101251915097, 0.0 ], [ 721065.524071263964288, 751406.543177079758607, 0.0 ], [ 721303.724713954026811, 751443.953795750043355, 0.0 ], [ 721422.449766809702851, 751720.238364748307504, 0.0 ], [ 721548.325540111633018, 751628.59684924595058, 0.0 ], [ 721884.401153433020227, 751493.284611548064277, 0.0 ], [ 722096.555688660941087, 751491.1245758269215, 0.0 ], [ 722193.267739358008839, 751518.695031767594628, 0.0 ], [ 722458.603180512553081, 751476.454333220957778, 0.0 ], [ 722591.563692988129333, 751642.057071841554716, 0.0 ], [ 722763.032525837537833, 751654.347275088191964, 0.0 ], [ 722788.064171229489148, 751789.419508816907182, 0.0 ], [ 722801.738790030125529, 751632.196908781072125, 0.0 ], [ 722842.803884727414697, 751612.67658596788533, 0.0 ], [ 722979.170680414536037, 751616.416647818405181, 0.0 ], [ 723100.015381660778075, 751734.62860272382386, 0.0 ], [ 723252.778523653978482, 751631.566898362478241, 0.0 ], [ 723437.56732596247457, 751606.086476985365152, 0.0 ], [ 723483.663492715451866, 751624.956789049203508, 0.0 ], [ 724206.884224553243257, 751456.023995358496904, 0.0 ], [ 724383.540834981482476, 751496.124658514745533, 0.0 ], [ 724609.378236669115722, 751473.114277985412627, 0.0 ], [ 724660.596199728082865, 751525.845150011242367, 0.0 ], [ 724724.96093140472658, 751493.314612044254318, 0.0 ], [ 724648.158729793620296, 751623.736768873292021, 0.0 ], [ 724526.217089885962196, 751740.688702941406518, 0.0 ], [ 724426.783311683335342, 751749.748852771823294, 0.0 ], [ 724308.800548147293739, 751874.940923109417781, 0.0 ], [ 724222.257861130055971, 752203.586358014494181, 0.0 ], [ 724028.652311235433444, 752689.65439626283478, 0.0 ], [ 724040.924827987677418, 752784.655967331374995, 0.0 ], [ 724428.350366913713515, 752655.623833489487879, 0.0 ], [ 724566.886296946089715, 752711.554758435464464, 0.0 ], [ 724695.426064139930531, 752623.803307264228351, 0.0 ], [ 724766.826049035415053, 752729.575056442408822, 0.0 ], [ 724995.319196955766529, 752377.579235385172069, 0.0 ], [ 725132.725197690306231, 752094.094547316548415, 0.0 ], [ 725193.427968723233789, 752062.574026052490808, 0.0 ], [ 725348.813866312615573, 751371.01258950016927, 0.0 ], [ 725511.34223668940831, 750974.236027890932746, 0.0 ], [ 725522.798235189984553, 750941.055479174479842, 0.0 ], [ 725581.818483764771372, 750923.525189270963892, 0.0 ], [ 725691.075223964755423, 750935.15538160293363, 0.0 ], [ 725785.510920748231001, 750903.854863977176137, 0.0 ], [ 725820.513986001373269, 750927.675257901893929, 0.0 ], [ 725999.273749502026476, 750894.764713650685735, 0.0 ], [ 726142.675798407988623, 750934.755374987842515, 0.0 ], [ 726279.595187255297787, 750748.63229701644741, 0.0 ], [ 726302.746366370585747, 750612.770050222985446, 0.0 ], [ 726332.908055727602914, 750596.039773549535312, 0.0 ] ] ], [ [ [ 724762.364065458183177, 745131.269401054363698, 0.0 ], [ 724715.954487659037113, 745066.828335373662412, 0.0 ], [ 724720.614415054908022, 745056.498164540622383, 0.0 ], [ 724511.420789446681738, 745008.567371895187534, 0.0 ], [ 724532.394586557638831, 744882.715290642809123, 0.0 ], [ 724531.289400237146765, 744882.365284854662605, 0.0 ], [ 724532.576035058009438, 744770.3834329781821, 0.0 ], [ 724497.086357917520218, 744760.233265121933073, 0.0 ], [ 724483.980827595340088, 744679.991938147810288, 0.0 ], [ 724294.977471482823603, 744700.362275018007495, 0.0 ], [ 724291.983571226708591, 744753.043146216892637, 0.0 ], [ 724196.706613214337267, 744768.833407344995067, 0.0 ], [ 724157.538480111747049, 744739.602923952043056, 0.0 ], [ 724085.321976964594796, 744766.553369639324956, 0.0 ], [ 723952.36971214809455, 744800.573932247236371, 0.0 ], [ 723920.047136105014943, 744948.426377326133661, 0.0 ], [ 723881.984189322800376, 744953.326458360184915, 0.0 ], [ 723885.72037889866624, 745104.568959501339123, 0.0 ], [ 723890.66897436324507, 745191.150391323608346, 0.0 ], [ 723781.96482732356526, 745228.871015120530501, 0.0 ], [ 723737.204781345906667, 745246.421305354801007, 0.0 ], [ 723778.962679408257827, 744995.057148472755216, 0.0 ], [ 723719.596029150881805, 744985.826995830982924, 0.0 ], [ 723718.655796012608334, 744886.855359108303674, 0.0 ], [ 723340.525368900969625, 744873.195133205153979, 0.0 ], [ 723380.312076436704956, 744743.872994567384012, 0.0 ], [ 723190.302505912957713, 744736.902879300527275, 0.0 ], [ 723215.177445781882852, 744627.481069760280661, 0.0 ], [ 723253.974434224655852, 744512.079161325469613, 0.0 ], [ 723451.942995787248947, 744508.099095505895093, 0.0 ], [ 723503.878505188506097, 744322.30602299189195, 0.0 ], [ 723556.284131158958189, 744330.91616538038943, 0.0 ], [ 723599.353407019516453, 744164.373411214444786, 0.0 ], [ 723705.286340599064715, 743856.498319794656709, 0.0 ], [ 723827.780573666910641, 743734.006294108345173, 0.0 ], [ 723825.644429957959801, 743733.926292785443366, 0.0 ], [ 723786.657745355856605, 743352.819990319781937, 0.0 ], [ 723762.483856511069462, 743178.74711162596941, 0.0 ], [ 723741.798727468936704, 743029.754647694295272, 0.0 ], [ 723622.059212543070316, 742974.513734159292653, 0.0 ], [ 723537.537202007137239, 742938.193133514956571, 0.0 ], [ 723526.798749848851003, 742872.582048485404812, 0.0 ], [ 723440.717931741615757, 742771.950384310330264, 0.0 ], [ 723283.822712535387836, 742674.908779505174607, 0.0 ], [ 723190.822108436841518, 742754.160090107121505, 0.0 ], [ 723019.369770905468613, 742767.100304103107192, 0.0 ], [ 722901.593198847258464, 742698.739173595211469, 0.0 ], [ 722851.265982971992344, 742657.828497043577954, 0.0 ], [ 722838.259424559073523, 742742.20989248319529, 0.0 ], [ 722760.401522582164034, 743243.058175156707875, 0.0 ], [ 722592.165772102889605, 743083.265532619319856, 0.0 ], [ 722591.514207033440471, 743085.025561725487933, 0.0 ], [ 722408.045030182227492, 743147.366592677193694, 0.0 ], [ 722408.234726341674104, 743145.876568036270328, 0.0 ], [ 722324.100355783826672, 743133.156357678468339, 0.0 ], [ 722264.420294480398297, 743161.536827014526352, 0.0 ], [ 722223.841811670339666, 743103.335864528315142, 0.0 ], [ 722145.588022056384943, 742968.813639895175584, 0.0 ], [ 722006.03762995370198, 743009.714316281490028, 0.0 ], [ 721839.715336387394927, 742965.113578706164844, 0.0 ], [ 721674.283790004788898, 742998.304127587936819, 0.0 ], [ 721357.054077744600363, 743096.745755545794964, 0.0 ], [ 721201.478483995655552, 743157.666763014160097, 0.0 ], [ 720794.769918075762689, 743176.417073093471117, 0.0 ], [ 720809.186826196033508, 743344.419851404265501, 0.0 ], [ 720687.393644152325578, 743337.809742090874352, 0.0 ], [ 720598.112734311260283, 743378.590416492777877, 0.0 ], [ 720543.55446931370534, 743341.119796830229461, 0.0 ], [ 720457.564375456655398, 743353.460000903811306, 0.0 ], [ 720435.493639684398659, 743499.152410261449404, 0.0 ], [ 720516.304203621810302, 743521.192774749360979, 0.0 ], [ 720504.06467750587035, 743783.257108583464287, 0.0 ], [ 720733.060932631720789, 743831.007898252108134, 0.0 ], [ 720756.335826633730903, 743932.659579295432195, 0.0 ], [ 720772.237313393387012, 743932.929583760676906, 0.0 ], [ 720599.984952928731218, 744210.744178061257116, 0.0 ], [ 720348.381864188588224, 744452.428174859727733, 0.0 ], [ 720267.406347068957984, 744621.750975000089966, 0.0 ], [ 720415.303370188688859, 744616.82089346984867, 0.0 ], [ 720537.269753073574975, 744499.098946667858399, 0.0 ], [ 720544.387482883525081, 744481.298652299214154, 0.0 ], [ 720563.571537968120538, 744548.419762300560251, 0.0 ], [ 720520.535252744099125, 744670.921788152074441, 0.0 ], [ 720206.035515648429282, 744773.543485236936249, 0.0 ], [ 720007.398893698118627, 744968.876715519349091, 0.0 ], [ 720010.128868862753734, 745162.999925791285932, 0.0 ], [ 720107.541970584075898, 745459.284825540729798, 0.0 ], [ 720242.275729767745361, 745457.86480205738917, 0.0 ], [ 720266.391884998767637, 745517.435787199996412, 0.0 ], [ 720456.203511703875847, 745523.175882125622593, 0.0 ], [ 720438.685483759036288, 745541.056177817285061, 0.0 ], [ 720259.142192643019371, 745579.416812198236585, 0.0 ], [ 720152.285521243466064, 745688.808621242409572, 0.0 ], [ 720011.201064546825364, 745702.928854752797633, 0.0 ], [ 719792.37417310080491, 745715.369060480035841, 0.0 ], [ 719715.514237875933759, 745643.037864318117499, 0.0 ], [ 719658.382703236769885, 745635.717743263114244, 0.0 ], [ 719651.058781949104741, 745633.777711180271581, 0.0 ], [ 719647.66899405582808, 745983.083487751311623, 0.0 ], [ 719537.686459854361601, 745993.333657261333428, 0.0 ], [ 719353.47499368339777, 746017.314053832204081, 0.0 ], [ 719357.74728110129945, 746134.215987073373981, 0.0 ], [ 719357.74728110129945, 746170.726590859820135, 0.0 ], [ 719357.74728110129945, 746308.458868578542024, 0.0 ], [ 719357.739033442107029, 746408.820528288488276, 0.0 ], [ 719264.408522979123518, 747095.661886783549562, 0.0 ], [ 719268.408637646469288, 747516.828851743950509, 0.0 ], [ 719268.408637646469288, 747516.838851909385994, 0.0 ], [ 719273.868587975739501, 747592.030095368856564, 0.0 ], [ 719426.417290832148865, 747508.648716466734186, 0.0 ], [ 719435.283524372964166, 747464.997994602075778, 0.0 ], [ 719490.691298258607276, 747430.167418598663062, 0.0 ], [ 719750.302863992284983, 747409.807081893901341, 0.0 ], [ 719824.76273041672539, 747372.226460412261076, 0.0 ], [ 719858.578132758382708, 747323.075647590914741, 0.0 ], [ 720125.158970438176766, 747183.013331339810975, 0.0 ], [ 720255.257545203319751, 747079.181614244473167, 0.0 ], [ 720484.501230102381669, 747061.981329798349179, 0.0 ], [ 720742.05912871833425, 746940.909327595494688, 0.0 ], [ 720900.933786110254005, 746766.516443609725684, 0.0 ], [ 720996.524155168794096, 746767.006451713154092, 0.0 ], [ 721059.082649500807747, 746727.605800133082084, 0.0 ], [ 721061.441480005625635, 746679.545005337800831, 0.0 ], [ 721193.395778070087545, 746726.775786406942643, 0.0 ], [ 721343.560907444334589, 746678.494987973361276, 0.0 ], [ 721340.088642959948629, 746609.423845723853447, 0.0 ], [ 721298.149296397226863, 746581.943391271517612, 0.0 ], [ 721333.787431401666254, 746590.113526383414865, 0.0 ], [ 721298.644155943649821, 746548.362835940090008, 0.0 ], [ 721334.785398153704591, 746552.592905894038267, 0.0 ], [ 721361.870710663497448, 746621.334042686154135, 0.0 ], [ 721381.3269384985324, 746598.383663149084896, 0.0 ], [ 721440.198729209485464, 746631.664213519194163, 0.0 ], [ 721454.656875625252724, 746686.045112831983715, 0.0 ], [ 721508.192430893541314, 746696.585287137888372, 0.0 ], [ 721652.608941869693808, 746648.054484569933265, 0.0 ], [ 721656.435855695628561, 746648.144486058270559, 0.0 ], [ 721691.843056245124899, 746647.574476631823927, 0.0 ], [ 721708.849729325273074, 746645.384440414607525, 0.0 ], [ 721970.580943449633196, 746526.212469633086585, 0.0 ], [ 722304.149268402252346, 746305.458818965824321, 0.0 ], [ 722429.464200884918682, 746311.808923979406245, 0.0 ], [ 722487.305034207412973, 746883.908384954323992, 0.0 ], [ 722572.132208130322397, 746853.497882047086023, 0.0 ], [ 722606.236278540687636, 746805.167082786560059, 0.0 ], [ 722611.316836551064625, 746524.422440030844882, 0.0 ], [ 722647.507564715691842, 746443.641104126465507, 0.0 ], [ 722680.696144965244457, 746385.790147428400815, 0.0 ], [ 722708.177345112082548, 746319.679054129985161, 0.0 ], [ 722772.220418083597906, 746283.768460266059265, 0.0 ], [ 722775.197823021444492, 746280.798411149531603, 0.0 ], [ 722882.442134399083443, 746217.197359360405244, 0.0 ], [ 723109.838343658135273, 746183.926809155731462, 0.0 ], [ 723224.752978005912155, 746181.376766984933056, 0.0 ], [ 723532.159728268859908, 746170.45658639469184, 0.0 ], [ 723618.059097875840962, 746104.685498719103634, 0.0 ], [ 723568.540152593050152, 746186.756855956977233, 0.0 ], [ 723690.391068250522949, 746191.516934675746597, 0.0 ], [ 723956.064663428347558, 745718.539112904109061, 0.0 ], [ 724016.429280437761918, 745664.118212929926813, 0.0 ], [ 724195.551940939272754, 745602.13718793168664, 0.0 ], [ 724293.402168593253009, 745572.696701065870002, 0.0 ], [ 724344.174758060369641, 745498.415472655557096, 0.0 ], [ 724429.867936189519241, 745482.095202762517147, 0.0 ], [ 724592.0664002019912, 745374.093416705611162, 0.0 ], [ 724701.809752289322205, 745158.789856168092228, 0.0 ], [ 724762.364065458183177, 745131.269401054363698, 0.0 ] ] ] ] } },
{ "type": "Feature", "properties": { "RoutingKey": "K56", "Descriptor": "RUSH", "local_authority": "Fingal", "CountyName": "Co. Dublin" }, "geometry": { "type": "MultiPolygon", "coordinates": [ [ [ [ 723607.048472966998816, 753414.356380870100111, 0.0 ], [ 723578.627039681770839, 753731.72162923135329, 0.0 ], [ 723549.941681305179372, 753875.184001710265875, 0.0 ], [ 724009.031130218179896, 754114.297956007183529, 0.0 ], [ 724438.10734763822984, 754474.413911349372938, 0.0 ], [ 724417.166541163693182, 754489.224156270734966, 0.0 ], [ 724453.324278691899963, 754559.355316050117835, 0.0 ], [ 724228.402367165312171, 754631.436508077662438, 0.0 ], [ 724164.458266103174537, 754788.919112413306721, 0.0 ], [ 724256.716580882086419, 754824.319697843049653, 0.0 ], [ 724420.061469510546885, 754752.488509949762374, 0.0 ], [ 724602.681137473671697, 754708.13777650881093, 0.0 ], [ 724620.768253896851093, 754728.58811470202636, 0.0 ], [ 724811.97373499115929, 755232.696451288065873, 0.0 ], [ 724892.165724495542236, 755654.53342732868623, 0.0 ], [ 724851.917148049804382, 755678.663826380041428, 0.0 ], [ 724925.799678336828947, 756316.334371723118238, 0.0 ], [ 724974.535096004256047, 756303.344156900187954, 0.0 ], [ 725213.189359945245087, 756239.773105607251637, 0.0 ], [ 725424.61810117168352, 756263.643500358914025, 0.0 ], [ 725518.946578386705369, 756208.792593273567036, 0.0 ], [ 725816.819034721120261, 756147.991587789612822, 0.0 ], [ 725947.494945623795502, 756078.610440413467586, 0.0 ], [ 726014.490680555813015, 756052.740012586698867, 0.0 ], [ 726265.928816113737412, 756006.999256158480421, 0.0 ], [ 726289.04700459272135, 756177.472075317054987, 0.0 ], [ 726230.084489631582983, 756264.623516565770842, 0.0 ], [ 726234.422758322325535, 756320.924447630532086, 0.0 ], [ 726309.319750679424033, 756213.662673811428249, 0.0 ], [ 726333.229714432731271, 756237.573069224599749, 0.0 ], [ 726519.734029835672118, 756251.923306538606994, 0.0 ], [ 726749.282878121710382, 756165.841882985201664, 0.0 ], [ 727067.469318838440813, 756001.389163382700644, 0.0 ], [ 727022.527824360411614, 755947.608273992547765, 0.0 ], [ 727008.10266858106479, 755794.575743249151856, 0.0 ], [ 727048.087319935322739, 755619.542848679353483, 0.0 ], [ 726914.211317298817448, 755569.39201932051219, 0.0 ], [ 726878.416476771235466, 755489.330695323063992, 0.0 ], [ 727060.227874141884968, 755380.658898186055012, 0.0 ], [ 726827.916060054674745, 755300.747576669324189, 0.0 ], [ 726815.726019893540069, 755248.346710100886412, 0.0 ], [ 726901.122282294789329, 754722.88802043790929, 0.0 ], [ 727007.005729919765145, 754465.15375821152702, 0.0 ], [ 727103.338388297939673, 754356.261957436217926, 0.0 ], [ 727182.153018731274642, 754337.171641734079458, 0.0 ], [ 727235.449391885311343, 754231.089887429377995, 0.0 ], [ 727341.605012260843068, 754224.289774973876774, 0.0 ], [ 727381.309243205352686, 754246.290138800279237, 0.0 ], [ 727337.646135889110155, 754281.880727372248657, 0.0 ], [ 727390.381668223883025, 754293.750923673040234, 0.0 ], [ 727397.227225283277221, 754249.070184774696827, 0.0 ], [ 727519.779191964888014, 754247.850164598901756, 0.0 ], [ 727627.188456524745561, 754162.858759071328677, 0.0 ], [ 727646.908609451260418, 754095.737649069982581, 0.0 ], [ 727606.033210913417861, 754058.417031888151541, 0.0 ], [ 727576.820002353866585, 753919.384732670616359, 0.0 ], [ 727474.936669396236539, 753846.453526586061344, 0.0 ], [ 727279.54962513432838, 753667.310564046842046, 0.0 ], [ 727068.33532304468099, 753583.389176214463077, 0.0 ], [ 726941.255391512997448, 753622.419821675634012, 0.0 ], [ 726838.572035621851683, 753610.629626697744243, 0.0 ], [ 726657.511175230145454, 753730.741613024496473, 0.0 ], [ 726544.262568022008054, 753724.011501726694405, 0.0 ], [ 726234.488739595166408, 753511.087980548618361, 0.0 ], [ 725782.459286878351122, 753014.449767498183064, 0.0 ], [ 725634.306586326332763, 752792.22609252075199, 0.0 ], [ 725466.483218802488409, 752712.564775138394907, 0.0 ], [ 725189.139185987180099, 752713.754794818116352, 0.0 ], [ 725014.742434154381044, 752804.146289648488164, 0.0 ], [ 724688.275343693559989, 752855.357136537204497, 0.0 ], [ 724747.015171858714893, 752937.188489806023426, 0.0 ], [ 724709.108930599642918, 752943.328591346624307, 0.0 ], [ 724639.655393253546208, 753064.080588257522322, 0.0 ], [ 724527.00061750120949, 753148.11197790899314, 0.0 ], [ 724551.776585460756905, 753221.573192758485675, 0.0 ], [ 724531.545077669550665, 753224.77324567863252, 0.0 ], [ 724392.769965523038991, 753200.492844146676362, 0.0 ], [ 724233.87056515365839, 753126.801625493564643, 0.0 ], [ 723790.294963022344746, 752993.509421201655641, 0.0 ], [ 723618.718910604366101, 753413.576367970788851, 0.0 ], [ 723607.048472966998816, 753414.356380870100111, 0.0 ] ] ], [ [ [ 732950.771990148350596, 751224.790171377593651, 0.0 ], [ 732821.036312383948825, 751098.438081856351346, 0.0 ], [ 732665.155555248027667, 751160.029100404935889, 0.0 ], [ 732675.440386155270971, 751074.297682639560662, 0.0 ], [ 732464.151855133706704, 751076.057711745612323, 0.0 ], [ 732308.535023089265451, 751010.916634488734417, 0.0 ], [ 732220.450023818877526, 750785.31290361424908, 0.0 ], [ 732002.183973192120902, 750533.318736313492991, 0.0 ], [ 732119.506923999404535, 750513.948415980907157, 0.0 ], [ 732194.263706151861697, 750393.14641824318096, 0.0 ], [ 732195.294663540320471, 750306.974993201321922, 0.0 ], [ 732220.746939546661451, 750307.945009242743254, 0.0 ], [ 732195.995714564458467, 750265.184302096487954, 0.0 ], [ 732240.508330768789165, 750271.8344120712718, 0.0 ], [ 731997.350844954955392, 750056.840856660390273, 0.0 ], [ 731946.751456329133362, 749901.568288872833364, 0.0 ], [ 731905.117273153387941, 749965.639348434633575, 0.0 ], [ 731836.67819787748158, 749968.989403835381381, 0.0 ], [ 731766.746296303113922, 749915.788524036994204, 0.0 ], [ 731788.033504460239783, 749898.648240583133884, 0.0 ], [ 731760.139921357855201, 749846.937385425786488, 0.0 ], [ 731683.634635474649258, 749885.80802824080456, 0.0 ], [ 731713.557142717414536, 749906.298367095529102, 0.0 ], [ 731618.387404273496941, 749888.108066277229227, 0.0 ], [ 731500.049991395906545, 749912.088462847983465, 0.0 ], [ 731505.279007270233706, 749975.169506037607789, 0.0 ], [ 731445.021609829273075, 749993.579810494091362, 0.0 ], [ 731431.495448892586865, 750060.770921653020196, 0.0 ], [ 731304.060868019121699, 750005.140001668361947, 0.0 ], [ 731214.557271382189356, 750037.030529051320627, 0.0 ], [ 731211.101502216071822, 749969.119405985344201, 0.0 ], [ 731148.864666589186527, 750022.150282972375862, 0.0 ], [ 731135.387991607189178, 749953.809152795234695, 0.0 ], [ 731129.93628893699497, 750010.070083198603243, 0.0 ], [ 731082.306057589943521, 750033.060463397181593, 0.0 ], [ 731060.235321817686781, 750099.001553884125315, 0.0 ], [ 731081.390567428898066, 750221.3735775857931, 0.0 ], [ 731041.232715233461931, 750338.995522734127007, 0.0 ], [ 730875.405281213694252, 750347.185658176778816, 0.0 ], [ 730862.283255573245697, 750316.615152623387985, 0.0 ], [ 730751.946072030230425, 750489.18800651084166, 0.0 ], [ 730694.154724662424996, 750504.358257385669276, 0.0 ], [ 730642.144986329134554, 750614.98008677107282, 0.0 ], [ 730581.466958273551427, 750597.409796206047758, 0.0 ], [ 730571.808949458412826, 750553.399068387807347, 0.0 ], [ 730436.481358818942681, 750565.659271138370968, 0.0 ], [ 730367.65464356506709, 750604.399911803542636, 0.0 ], [ 730566.596428902354091, 750816.943426697398536, 0.0 ], [ 730636.346881976351142, 750843.153860146994703, 0.0 ], [ 730674.764478100114502, 751032.816996661364101, 0.0 ], [ 730537.878079889342189, 751072.097646256908774, 0.0 ], [ 730667.209622357506305, 751051.13729962951038, 0.0 ], [ 730650.49161734606605, 751154.759013251983561, 0.0 ], [ 730545.903052201145329, 751112.148308586329222, 0.0 ], [ 730581.706140387686901, 751155.919032435514964, 0.0 ], [ 730684.265781392226927, 751188.979579167440534, 0.0 ], [ 730811.791086515760981, 751409.113219581311569, 0.0 ], [ 730810.826110400143079, 751596.836324012838304, 0.0 ], [ 730893.055271704215556, 751685.20778543734923, 0.0 ], [ 730926.054155794205144, 751637.666999241570011, 0.0 ], [ 730992.332344383816235, 751617.366663529071957, 0.0 ], [ 730882.333314864081331, 751443.713791781105101, 0.0 ], [ 731076.227532827528194, 751473.424283112050034, 0.0 ], [ 731069.002583449124359, 751436.573673702892847, 0.0 ], [ 731154.448331805178896, 751480.704403505544178, 0.0 ], [ 731120.525709895067848, 751365.332495566806756, 0.0 ], [ 731212.858253606013022, 751370.772585531114601, 0.0 ], [ 731180.115046948310919, 751296.761361586046405, 0.0 ], [ 731245.3292875130428, 751258.690732000977732, 0.0 ], [ 731496.322049479233101, 751304.241485286969692, 0.0 ], [ 731593.941342678153887, 751490.504565573646687, 0.0 ], [ 731631.138285254011862, 751472.484267566818744, 0.0 ], [ 731658.528761150781065, 751525.195139261777513, 0.0 ], [ 731758.143987853778526, 751535.715313236927614, 0.0 ], [ 731855.260173847200349, 751682.197735659312457, 0.0 ], [ 731976.385295503190719, 751713.948260726989247, 0.0 ], [ 732087.761684093857184, 751651.297224648646079, 0.0 ], [ 732189.752236619940959, 751719.73835647944361, 0.0 ], [ 732262.026473380858079, 751604.796455651870929, 0.0 ], [ 732174.411590679548681, 751434.753643604461104, 0.0 ], [ 732257.886148508754559, 751491.714585584122688, 0.0 ], [ 732330.259357179049402, 751443.323785331449471, 0.0 ], [ 732339.331782197463326, 751389.392893460579216, 0.0 ], [ 732380.24841903091874, 751421.293421008856967, 0.0 ], [ 732515.757458170759492, 751346.252180030103773, 0.0 ], [ 732694.459488057764247, 751392.412943404051475, 0.0 ], [ 732734.864770026411861, 751302.581457834690809, 0.0 ], [ 732836.583149801939726, 751253.100639555952512, 0.0 ], [ 732936.313843732466921, 751254.220658078091219, 0.0 ], [ 732950.771990148350596, 751224.790171377593651, 0.0 ] ] ] ] } },
{ "type": "Feature", "properties": { "RoutingKey": "K67", "Descriptor": "SWORDS", "local_authority": "Fingal", "CountyName": "Co. Dublin" }, "geometry": { "type": "Polygon", "coordinates": [ [ [ 720809.186826196033508, 743344.419851404265501, 0.0 ], [ 720794.769918075762689, 743176.417073093471117, 0.0 ], [ 720781.532425207784399, 743022.10452118201647, 0.0 ], [ 720309.749828928033821, 742963.233547615585849, 0.0 ], [ 720221.145227133762091, 742986.783937075175345, 0.0 ], [ 720032.950141613837332, 741184.554133077384904, 0.0 ], [ 720020.265241906163283, 741182.524099506088533, 0.0 ], [ 719929.235828334232792, 741164.003793230396695, 0.0 ], [ 719754.797838205937296, 741199.524380644666962, 0.0 ], [ 719490.171695734839886, 741284.365783691639081, 0.0 ], [ 718919.986278640804812, 741413.48791902186349, 0.0 ], [ 718576.891907418728806, 741535.269932966446504, 0.0 ], [ 718144.714570174226537, 741507.989481821656227, 0.0 ], [ 717960.973220572457649, 741562.370381134445779, 0.0 ], [ 717467.90341613558121, 741624.651411093887873, 0.0 ], [ 717341.887432628776878, 741592.530879907310009, 0.0 ], [ 717263.592404719209298, 741572.580549982958473, 0.0 ], [ 717082.473810713621788, 741597.100955483969301, 0.0 ], [ 717104.21464012155775, 741456.028622529818676, 0.0 ], [ 716178.50562953017652, 741377.167318377527408, 0.0 ], [ 716179.69329244166147, 741361.547060060780495, 0.0 ], [ 716089.315443939296529, 741376.94731473934371, 0.0 ], [ 715619.223617776646279, 741323.976438744575717, 0.0 ], [ 715339.025894909980707, 741362.897082386538386, 0.0 ], [ 715372.362933023483492, 741293.895941294613294, 0.0 ], [ 714617.974297417560592, 741213.374609689926729, 0.0 ], [ 714354.585303812520579, 741628.56147575576324, 0.0 ], [ 713056.849133849260397, 741880.1656366068637, 0.0 ], [ 712407.981048867572099, 741582.220709405024536, 0.0 ], [ 711843.775184626691043, 741463.448745238594711, 0.0 ], [ 711833.597573287785053, 741481.909050522022881, 0.0 ], [ 711302.638022910105065, 742646.70831314579118, 0.0 ], [ 711502.280859271530062, 742808.49098859296646, 0.0 ], [ 711364.314017717610113, 742826.051278992556036, 0.0 ], [ 711351.439421850489452, 743084.885559410206042, 0.0 ], [ 711203.097025139024481, 743086.2955827282276, 0.0 ], [ 711106.954062920296565, 743734.086295431363396, 0.0 ], [ 711186.403763104928657, 743866.518485501059331, 0.0 ], [ 711610.160240400466137, 743886.368813771638088, 0.0 ], [ 711884.63408784638159, 744058.971668155165389, 0.0 ], [ 711880.559744247118942, 744068.291822285274975, 0.0 ], [ 711879.075165607733652, 744068.251821623765863, 0.0 ], [ 712192.824365724460222, 744945.74633300548885, 0.0 ], [ 712431.198209255817346, 745409.223997670225799, 0.0 ], [ 712331.871650621527806, 745574.746734967804514, 0.0 ], [ 712086.89143214491196, 745780.010129468166269, 0.0 ], [ 711848.542331590899266, 746223.627465697005391, 0.0 ], [ 711305.615427847951651, 746521.572392898844555, 0.0 ], [ 711093.733065370586701, 746958.559619483537972, 0.0 ], [ 710917.224912806297652, 747578.199866654351354, 0.0 ], [ 710699.52795065799728, 747703.891945260693319, 0.0 ], [ 710596.836347107775509, 747696.971830820781179, 0.0 ], [ 710414.68679571384564, 747750.512716241995804, 0.0 ], [ 710324.234718279447407, 747845.12428086088039, 0.0 ], [ 709930.763645227416418, 748001.196861878503114, 0.0 ], [ 709833.779421779792756, 747800.633545104647055, 0.0 ], [ 709797.011357477516867, 747811.463724206434563, 0.0 ], [ 709756.886495918501168, 747710.792059369850904, 0.0 ], [ 709793.605074266088195, 747678.141519418451935, 0.0 ], [ 709710.996520643122494, 747484.098310469533317, 0.0 ], [ 709484.94467981881462, 747591.300083296373487, 0.0 ], [ 709464.498732890700921, 747507.208692652639002, 0.0 ], [ 709003.124682404915802, 748183.479876345605589, 0.0 ], [ 708550.394178663962521, 749119.665358316968195, 0.0 ], [ 708944.739503581309691, 749773.156165284221061, 0.0 ], [ 709042.020642756833695, 750129.832063737208955, 0.0 ], [ 709025.81399261020124, 750551.359034651191905, 0.0 ], [ 709544.624741122242995, 750583.789570964407176, 0.0 ], [ 710068.202636598492973, 750589.939672670443542, 0.0 ], [ 710016.349603788228706, 750715.001740858191624, 0.0 ], [ 710355.749023730051704, 751029.856947710155509, 0.0 ], [ 711541.737660442828201, 751374.172641758807003, 0.0 ], [ 711914.746291248593479, 751249.830585478106514, 0.0 ], [ 712136.28666254109703, 751112.328311563120224, 0.0 ], [ 712157.549127720762044, 751298.221385730896145, 0.0 ], [ 712137.07843781542033, 751324.241816038265824, 0.0 ], [ 712209.575361372320913, 751579.176031959475949, 0.0 ], [ 712471.578748247236945, 751484.59446783666499, 0.0 ], [ 712528.561825022450648, 751603.896440768032335, 0.0 ], [ 712598.172067891573533, 751795.749613499734551, 0.0 ], [ 712600.720594555954449, 751919.211655227351002, 0.0 ], [ 713179.920703054638579, 751860.550685133901425, 0.0 ], [ 713183.995046653901227, 751738.348664243589155, 0.0 ], [ 713374.598448633332737, 751704.798109408235177, 0.0 ], [ 713666.169693409348838, 751713.998261553817429, 0.0 ], [ 713697.815961405751295, 751903.951402864186093, 0.0 ], [ 713760.84457230695989, 751893.351227566017769, 0.0 ], [ 713778.77498320711311, 751853.700571851572022, 0.0 ], [ 714097.200606037979014, 751803.329738854430616, 0.0 ], [ 714231.521982266334817, 751764.599098354578018, 0.0 ], [ 714225.938317050342448, 751440.703742002951913, 0.0 ], [ 714381.291224003420211, 751434.853645258233882, 0.0 ], [ 714374.569381830631755, 751376.352677810704336, 0.0 ], [ 714336.968303958536126, 751011.046636638580821, 0.0 ], [ 714343.409725721576251, 750701.621519585605711, 0.0 ], [ 714760.172188093769364, 750546.828959736041725, 0.0 ], [ 714865.379327671835199, 750527.698643372394145, 0.0 ], [ 715018.414642415591516, 750661.590857586823404, 0.0 ], [ 715171.449957159347832, 750575.509434033418074, 0.0 ], [ 715467.945054422831163, 750317.27516353817191, 0.0 ], [ 715687.918370484840125, 750298.144847174640745, 0.0 ], [ 715955.719861712423153, 750432.037061389070004, 0.0 ], [ 716185.276957657653838, 750690.281332049635239, 0.0 ], [ 716414.825805943692103, 750757.232439239509404, 0.0 ], [ 716402.000696031143889, 750811.513336898526177, 0.0 ], [ 716400.450136118917726, 750814.433385188109241, 0.0 ], [ 716401.052215233794414, 750815.523403214057907, 0.0 ], [ 716331.771878728992306, 751108.63825053954497, 0.0 ], [ 716328.868702723062597, 751110.708284772234038, 0.0 ], [ 716300.092620096169412, 751071.857642287854105, 0.0 ], [ 716169.342480261577293, 751214.470000709872693, 0.0 ], [ 716481.862779171206057, 752034.693564985296689, 0.0 ], [ 716659.352403169381432, 751937.101951084332541, 0.0 ], [ 716842.961790225468576, 751906.211440238985233, 0.0 ], [ 717129.856612287461758, 751759.569015170680359, 0.0 ], [ 717247.4517358453013, 751767.989154416951351, 0.0 ], [ 717419.093769536120817, 751641.687065722653642, 0.0 ], [ 717519.088388558127917, 751478.88437340722885, 0.0 ], [ 717847.856575910001993, 752314.238187895854935, 0.0 ], [ 717896.855918669025414, 752282.447662166785449, 0.0 ], [ 717922.167984470608644, 752301.48797704197932, 0.0 ], [ 717948.453274046885781, 752251.337147683138028, 0.0 ], [ 718072.308370867511258, 752252.59716852044221, 0.0 ], [ 718121.464419149560854, 752154.865552304312587, 0.0 ], [ 718148.516741022933275, 752177.915933495154604, 0.0 ], [ 718214.794929612544365, 752151.505496738129295, 0.0 ], [ 718230.589196803746745, 752074.074216234497726, 0.0 ], [ 718403.27043554210104, 752041.993685709428973, 0.0 ], [ 718481.491234519751742, 751954.932245949166827, 0.0 ], [ 718321.915526103577577, 751180.9294460399542, 0.0 ], [ 718195.38818773208186, 750849.45396433363203, 0.0 ], [ 718356.242283309926279, 750886.674579861806706, 0.0 ], [ 718428.970141321769916, 750871.324326010188088, 0.0 ], [ 718491.272958221496083, 751063.987512137275189, 0.0 ], [ 718462.653581117745489, 751094.398015044629574, 0.0 ], [ 718602.97100551740732, 751392.472944396315143, 0.0 ], [ 718737.34186770033557, 751849.840508016524836, 0.0 ], [ 718797.475550254690461, 751780.039353694533929, 0.0 ], [ 718889.709122056374326, 751777.239307389361784, 0.0 ], [ 718881.741883358336054, 751723.798423622036353, 0.0 ], [ 719178.096770416945219, 751621.226727364002727, 0.0 ], [ 719018.834473046823405, 751072.687656014109962, 0.0 ], [ 719068.303932374925353, 751044.257185851107351, 0.0 ], [ 718975.055898503051139, 750643.860564375878312, 0.0 ], [ 719211.425560871139169, 750543.678907642723061, 0.0 ], [ 719704.850014649680816, 750417.596822586609051, 0.0 ], [ 719558.610771010629833, 750052.610786706558429, 0.0 ], [ 719676.296618818771094, 749925.10867816710379, 0.0 ], [ 719504.118487285915762, 749121.695391888148151, 0.0 ], [ 719169.362499421811663, 748595.656692633405328, 0.0 ], [ 719140.668893386027776, 748327.852263873792253, 0.0 ], [ 719829.30719058518298, 747954.836095197009854, 0.0 ], [ 720227.017560418462381, 747631.690751248621382, 0.0 ], [ 720172.409809466334991, 747579.059880876564421, 0.0 ], [ 720038.781236603041179, 747503.098624683218077, 0.0 ], [ 719981.765169191290624, 747536.829182495246641, 0.0 ], [ 720059.779776691226289, 747586.039996308856644, 0.0 ], [ 720045.173172411508858, 747634.980805657221936, 0.0 ], [ 719713.798724781489, 747625.680651857866906, 0.0 ], [ 719612.014363733120263, 747706.581989746773615, 0.0 ], [ 719510.807338822283782, 747754.072775115724653, 0.0 ], [ 719475.96097909216769, 747753.832771146669984, 0.0 ], [ 719490.014990211697295, 747712.16208202636335, 0.0 ], [ 719318.67811990797054, 747757.382829854963347, 0.0 ], [ 719112.932015806785785, 747922.795565333450213, 0.0 ], [ 719102.927605309174396, 747912.05538772, 0.0 ], [ 719136.751255309907719, 747876.904806424630806, 0.0 ], [ 719168.183084169402719, 747848.704340065363795, 0.0 ], [ 719220.530976526089944, 747609.840389902819879, 0.0 ], [ 719273.868587975739501, 747592.030095368856564, 0.0 ], [ 719268.408637646469288, 747516.838851909385994, 0.0 ], [ 719268.408637646469288, 747516.828851743950509, 0.0 ], [ 719264.408522979123518, 747095.661886783549562, 0.0 ], [ 719357.739033442107029, 746408.820528288488276, 0.0 ], [ 719357.74728110129945, 746308.458868578542024, 0.0 ], [ 719357.74728110129945, 746170.726590859820135, 0.0 ], [ 719357.74728110129945, 746134.215987073373981, 0.0 ], [ 719353.47499368339777, 746017.314053832204081, 0.0 ], [ 719537.686459854361601, 745993.333657261333428, 0.0 ], [ 719647.66899405582808, 745983.083487751311623, 0.0 ], [ 719651.058781949104741, 745633.777711180271581, 0.0 ], [ 719658.382703236769885, 745635.717743263114244, 0.0 ], [ 719715.514237875933759, 745643.037864318117499, 0.0 ], [ 719792.37417310080491, 745715.369060480035841, 0.0 ], [ 720011.201064546825364, 745702.928854752797633, 0.0 ], [ 720152.285521243466064, 745688.808621242409572, 0.0 ], [ 720259.142192643019371, 745579.416812198236585, 0.0 ], [ 720438.685483759036288, 745541.056177817285061, 0.0 ], [ 720456.203511703875847, 745523.175882125622593, 0.0 ], [ 720266.391884998767637, 745517.435787199996412, 0.0 ], [ 720242.275729767745361, 745457.86480205738917, 0.0 ], [ 720107.541970584075898, 745459.284825540729798, 0.0 ], [ 720010.128868862753734, 745162.999925791285932, 0.0 ], [ 720007.398893698118627, 744968.876715519349091, 0.0 ], [ 720206.035515648429282, 744773.543485236936249, 0.0 ], [ 720520.535252744099125, 744670.921788152074441, 0.0 ], [ 720563.571537968120538, 744548.419762300560251, 0.0 ], [ 720544.387482883525081, 744481.298652299214154, 0.0 ], [ 720537.269753073574975, 744499.098946667858399, 0.0 ], [ 720415.303370188688859, 744616.82089346984867, 0.0 ], [ 720267.406347068957984, 744621.750975000089966, 0.0 ], [ 720348.381864188588224, 744452.428174859727733, 0.0 ], [ 720599.984952928731218, 744210.744178061257116, 0.0 ], [ 720772.237313393387012, 743932.929583760676906, 0.0 ], [ 720756.335826633730903, 743932.659579295432195, 0.0 ], [ 720733.060932631720789, 743831.007898252108134, 0.0 ], [ 720504.06467750587035, 743783.257108583464287, 0.0 ], [ 720516.304203621810302, 743521.192774749360979, 0.0 ], [ 720435.493639684398659, 743499.152410261449404, 0.0 ], [ 720457.564375456655398, 743353.460000903811306, 0.0 ], [ 720543.55446931370534, 743341.119796830229461, 0.0 ], [ 720598.112734311260283, 743378.590416492777877, 0.0 ], [ 720687.393644152325578, 743337.809742090874352, 0.0 ], [ 720809.186826196033508, 743344.419851404265501, 0.0 ] ] ] } },
{ "type": "Feature", "properties": { "RoutingKey": "K34", "Descriptor": "SKERRIES", "local_authority": "Fingal", "CountyName": "Co. Dublin" }, "geometry": { "type": "Polygon", "coordinates": [ [ [ 727468.932373565854505, 756290.043936950620264, 0.0 ], [ 727414.934949387563393, 756091.300650275079533, 0.0 ], [ 727337.604897593613714, 756071.940330107929185, 0.0 ], [ 727299.715151652693748, 756024.089538785396144, 0.0 ], [ 727208.685738080763258, 756040.279806528589688, 0.0 ], [ 727073.745787419378757, 756008.889287414494902, 0.0 ], [ 727067.469318838440813, 756001.389163382700644, 0.0 ], [ 726749.282878121710382, 756165.841882985201664, 0.0 ], [ 726519.734029835672118, 756251.923306538606994, 0.0 ], [ 726333.229714432731271, 756237.573069224599749, 0.0 ], [ 726309.319750679424033, 756213.662673811428249, 0.0 ], [ 726234.422758322325535, 756320.924447630532086, 0.0 ], [ 726230.084489631582983, 756264.623516565770842, 0.0 ], [ 726289.04700459272135, 756177.472075317054987, 0.0 ], [ 726265.928816113737412, 756006.999256158480421, 0.0 ], [ 726014.490680555813015, 756052.740012586698867, 0.0 ], [ 725947.494945623795502, 756078.610440413467586, 0.0 ], [ 725816.819034721120261, 756147.991587789612822, 0.0 ], [ 725518.946578386705369, 756208.792593273567036, 0.0 ], [ 725424.61810117168352, 756263.643500358914025, 0.0 ], [ 725213.189359945245087, 756239.773105607251637, 0.0 ], [ 724974.535096004256047, 756303.344156900187954, 0.0 ], [ 724984.63847841124516, 756462.346786372829229, 0.0 ], [ 724965.51215694041457, 756706.240819719387218, 0.0 ], [ 724946.394083128776401, 757017.095960421138443, 0.0 ], [ 724975.087689164560288, 757275.330230916268192, 0.0 ], [ 724506.422708027414046, 757461.843315337318927, 0.0 ], [ 724042.557864491012879, 757734.427823146572337, 0.0 ], [ 723899.089834312209859, 757590.955450502224267, 0.0 ], [ 723556.614037523278967, 757705.757349014631473, 0.0 ], [ 722855.406307843979448, 757429.522780843311921, 0.0 ], [ 722182.562277836259454, 756724.271117891650647, 0.0 ], [ 721963.694148094626144, 756797.232324472279288, 0.0 ], [ 721169.263127520913258, 757145.818089136388153, 0.0 ], [ 720139.757327058818191, 757551.134791976423003, 0.0 ], [ 720106.799681264325045, 757682.996972619672306, 0.0 ], [ 720135.542773254797794, 757682.196959389606491, 0.0 ], [ 720028.174746990436688, 757685.187008836888708, 0.0 ], [ 720022.764282615855336, 757867.750027934554964, 0.0 ], [ 719871.807377967168577, 757906.720672403462231, 0.0 ], [ 719858.710095304180868, 757885.280317838070914, 0.0 ], [ 719987.225119520677254, 758394.398737277253531, 0.0 ], [ 720513.269065070082434, 758509.170635293470696, 0.0 ], [ 720637.610773778171279, 758996.95870198647026, 0.0 ], [ 720815.9416590052424, 759827.552437756326981, 0.0 ], [ 720816.626214711228386, 759827.26243296044413, 0.0 ], [ 721014.091669068206102, 759701.85035898454953, 0.0 ], [ 721032.244766764342785, 759727.680786149809137, 0.0 ], [ 721312.739405358792283, 759588.248480317299254, 0.0 ], [ 721306.586651664460078, 759545.857779289945029, 0.0 ], [ 721449.427859751041979, 759556.697958557168022, 0.0 ], [ 721469.337708837003447, 759617.118957756785676, 0.0 ], [ 721538.387110886862502, 759658.199637119891122, 0.0 ], [ 721482.088589817634784, 759861.00299093790818, 0.0 ], [ 721763.09458327665925, 759954.314534057979472, 0.0 ], [ 721791.202605515834875, 760013.485512585612014, 0.0 ], [ 721814.007382948650047, 760065.216368073830381, 0.0 ], [ 721784.744688434526324, 760308.260387363377959, 0.0 ], [ 721691.142005220986903, 760323.370637245941907, 0.0 ], [ 721677.640587261645123, 760353.511135688167997, 0.0 ], [ 721262.898801370756701, 760256.219526748522185, 0.0 ], [ 721128.7506259836955, 760511.473747961805202, 0.0 ], [ 721048.327702024369501, 760498.263529500574805, 0.0 ], [ 720967.550128723378293, 760946.080935187055729, 0.0 ], [ 721146.920218998100609, 761010.782005167449825, 0.0 ], [ 721198.987690945039503, 760854.319417700171471, 0.0 ], [ 721330.447129463078454, 760860.94952734420076, 0.0 ], [ 721341.771165417972952, 760765.81795412581414, 0.0 ], [ 721472.661515457439236, 760728.397335290093906, 0.0 ], [ 721665.161879031686112, 760599.555204590433277, 0.0 ], [ 721828.366557455155998, 760615.345465718535706, 0.0 ], [ 721962.308541364618577, 760374.221478181076236, 0.0 ], [ 722230.118280251394026, 760393.351794544723816, 0.0 ], [ 722172.731068179826252, 760613.335432477993891, 0.0 ], [ 722359.235383582650684, 760642.02590694068931, 0.0 ], [ 722531.405267456313595, 760608.545353263150901, 0.0 ], [ 722650.955086222733371, 760388.571715495199896, 0.0 ], [ 722789.639474119059741, 760402.921952809207141, 0.0 ], [ 722952.23382576869335, 760488.993376197293401, 0.0 ], [ 723023.971964687574655, 760632.465748841641471, 0.0 ], [ 722842.251291567226872, 760747.22764669242315, 0.0 ], [ 722564.874268115498126, 760795.058437684201635, 0.0 ], [ 722298.359411708661355, 761145.124226823798381, 0.0 ], [ 722175.527024617302231, 761066.392924821353517, 0.0 ], [ 721960.708495497703552, 760887.309963274397887, 0.0 ], [ 721766.954487739130855, 761019.42214805202093, 0.0 ], [ 721465.238622260512784, 761226.565573643078096, 0.0 ], [ 721464.966449509956874, 761244.585871649906039, 0.0 ], [ 722108.9519202997908, 761736.794011438963935, 0.0 ], [ 722125.909107425366528, 761689.63323152740486, 0.0 ], [ 722481.094546899315901, 761262.256163868703879, 0.0 ], [ 722667.301946574239992, 761161.924504654947668, 0.0 ], [ 722771.082241126685403, 761144.534217066597193, 0.0 ], [ 722895.547664721263573, 761175.294725762098096, 0.0 ], [ 722908.001629973994568, 761273.846355539048091, 0.0 ], [ 722960.308284035068937, 761302.086822559824213, 0.0 ], [ 723115.801401193020865, 761252.396000808337703, 0.0 ], [ 723216.464080602745526, 761296.116723830578849, 0.0 ], [ 723269.372813778696582, 761256.226064147194847, 0.0 ], [ 723491.729703322867863, 761258.926108798594214, 0.0 ], [ 723675.454557606368326, 761166.144574443460442, 0.0 ], [ 723818.782377580413595, 761186.194906021584757, 0.0 ], [ 724164.392284830333665, 760957.811129172681831, 0.0 ], [ 724300.165249061537907, 760934.700746989576146, 0.0 ], [ 724411.063273423933424, 760840.659191797138192, 0.0 ], [ 724443.682765195029788, 760828.878996984567493, 0.0 ], [ 724495.4120831185719, 760854.659423322998919, 0.0 ], [ 724501.96072445018217, 760821.208870141417719, 0.0 ], [ 724554.019948738045059, 760816.71879588777665, 0.0 ], [ 724599.967657627188601, 760855.62943936442025, 0.0 ], [ 724806.134392342879437, 760749.317681255983189, 0.0 ], [ 725084.212466818746179, 760732.237398794386536, 0.0 ], [ 725348.780875676195137, 760808.068652837886475, 0.0 ], [ 725449.047667448758148, 760907.970304940477945, 0.0 ], [ 725470.161674764472991, 761079.963149236165918, 0.0 ], [ 725431.364686321816407, 761160.134475052705966, 0.0 ], [ 725263.277393706492148, 761133.324031680589542, 0.0 ], [ 725395.56159813515842, 761168.384611487505026, 0.0 ], [ 725413.805420081480406, 761248.285932838916779, 0.0 ], [ 725493.461311743827537, 761215.225386107107624, 0.0 ], [ 725618.099936179700308, 761239.16578201635275, 0.0 ], [ 725830.411176930647343, 761186.684914125013165, 0.0 ], [ 725830.18849013466388, 761056.122754980577156, 0.0 ], [ 725780.314895510324277, 761019.482149044284597, 0.0 ], [ 725615.130778900929727, 761050.25265790510457, 0.0 ], [ 725523.837440237519331, 760871.02969404286705, 0.0 ], [ 725491.457130580674857, 760663.226257537142374, 0.0 ], [ 725553.042401137994602, 760368.681386562995613, 0.0 ], [ 725669.895235376199707, 760112.257146000862122, 0.0 ], [ 725816.909758971305564, 759604.658751698676497, 0.0 ], [ 725828.893607654841617, 759320.98406048794277, 0.0 ], [ 725945.251582346507348, 758987.79855050239712, 0.0 ], [ 726040.88318970054388, 758887.056884508230723, 0.0 ], [ 726279.908598301350139, 758854.336343399132602, 0.0 ], [ 726468.804734845412895, 758774.995031308731996, 0.0 ], [ 726603.027139164507389, 758564.27154651330784, 0.0 ], [ 726751.361288216896355, 758461.45984628633596, 0.0 ], [ 726824.847930866642855, 758458.529797831200995, 0.0 ], [ 727004.053067959146574, 758372.19837014330551, 0.0 ], [ 726984.077237600227818, 758304.407249061856419, 0.0 ], [ 727043.831527835689485, 758190.275361629668623, 0.0 ], [ 727018.272032260894775, 758081.423561515868641, 0.0 ], [ 727106.447755781468004, 757861.52992507093586, 0.0 ], [ 727168.849544590571895, 757796.088842852739617, 0.0 ], [ 727195.959600077592768, 757671.006774334236979, 0.0 ], [ 727268.473018952645361, 757637.316217183717526, 0.0 ], [ 727181.014841774362139, 757485.513706781435758, 0.0 ], [ 727211.646647700457834, 757420.362629359238781, 0.0 ], [ 727270.873087752959691, 757404.94237434992101, 0.0 ], [ 727244.942447518347763, 757384.462035660631955, 0.0 ], [ 727279.063013246981427, 757266.850090677733533, 0.0 ], [ 727199.258663720684126, 757169.048473304021172, 0.0 ], [ 727208.166135556995869, 757043.776401643292047, 0.0 ], [ 727221.032483765040524, 756982.905395001871511, 0.0 ], [ 727344.244263175292872, 756950.454858357901685, 0.0 ], [ 727280.74553570500575, 756925.564446737873368, 0.0 ], [ 727279.450653225067072, 756778.352012243121862, 0.0 ], [ 727272.935002529993653, 756921.564380587660708, 0.0 ], [ 727141.038438079296611, 756943.704746729345061, 0.0 ], [ 727020.597872129292227, 756854.883277862914838, 0.0 ], [ 726996.803375603514723, 756805.382459253421985, 0.0 ], [ 727027.154761119862087, 756720.031047772383317, 0.0 ], [ 726936.108852229779586, 756596.40900339873042, 0.0 ], [ 726937.799622346879914, 756473.156965143978596, 0.0 ], [ 726950.245339940418489, 756413.48597834748216, 0.0 ], [ 727044.252158450195566, 756366.255197278340347, 0.0 ], [ 727363.840701215201989, 756366.105194797739387, 0.0 ], [ 727410.967825356754474, 756397.455713250325061, 0.0 ], [ 727410.85235812922474, 756369.195245898794383, 0.0 ], [ 727447.942081136628985, 756378.645402178750373, 0.0 ], [ 727425.31875220418442, 756342.494804345769808, 0.0 ], [ 727468.932373565854505, 756290.043936950620264, 0.0 ] ] ] } },
{ "type": "Feature", "properties": { "RoutingKey": "K45", "Descriptor": "LUSK", "local_authority": "Fingal", "CountyName": "Co. Dublin" }, "geometry": { "type": "Polygon", "coordinates": [ [ [ 715674.235504025127739, 757761.278267180081457, 0.0 ], [ 715789.364577509812079, 758019.122531225671992, 0.0 ], [ 715928.931464930647053, 758331.697700371965766, 0.0 ], [ 715905.128720745677128, 758377.308454650337808, 0.0 ], [ 716017.85772543004714, 758628.102602105936967, 0.0 ], [ 716126.677339697256684, 758743.864516494330019, 0.0 ], [ 716222.779063620488159, 758789.265267299837433, 0.0 ], [ 716304.703061537467875, 758900.097100157989189, 0.0 ], [ 716350.312616403098218, 758902.157134225359187, 0.0 ], [ 716484.922660700161941, 759178.451703388942406, 0.0 ], [ 716534.919970211223699, 759177.331684866920114, 0.0 ], [ 716517.476171198417433, 759209.902223495300859, 0.0 ], [ 716568.562171711586416, 759321.894075537100434, 0.0 ], [ 717024.195851458469406, 759193.211947483359836, 0.0 ], [ 717339.454373191925697, 758971.158275317284279, 0.0 ], [ 717618.761348874890245, 759329.60420304175932, 0.0 ], [ 717768.109959997469559, 759363.474763169069774, 0.0 ], [ 717925.434057477279566, 759462.146394930430688, 0.0 ], [ 718012.653052541427314, 759566.698123932816088, 0.0 ], [ 718163.453251666971482, 759637.119288508081809, 0.0 ], [ 718245.682412970927544, 759735.07090836239513, 0.0 ], [ 718240.75856048357673, 759771.831516283331439, 0.0 ], [ 718524.090393811115064, 759772.231522898306139, 0.0 ], [ 718423.279256537440233, 759355.964638971956447, 0.0 ], [ 718457.102906538173556, 759193.151946491096169, 0.0 ], [ 718538.375339385704137, 759128.510877502965741, 0.0 ], [ 718556.116054126410745, 758816.735721586621366, 0.0 ], [ 718534.218519195448607, 758753.824681208468974, 0.0 ], [ 718562.029625706607476, 758699.553783714887686, 0.0 ], [ 718533.583449444151483, 758662.203166036866605, 0.0 ], [ 718597.148158187279478, 758384.54857438232284, 0.0 ], [ 718699.19644432712812, 758171.255047085229307, 0.0 ], [ 718739.263572272378951, 758154.734773884643801, 0.0 ], [ 718757.804309946601279, 757978.151853681658395, 0.0 ], [ 718950.098482043133117, 757932.861104695359245, 0.0 ], [ 719038.084509404259734, 758006.222317891079001, 0.0 ], [ 719220.497985889669508, 757873.530123521690257, 0.0 ], [ 719290.586592987063341, 757889.530388122657314, 0.0 ], [ 719476.670277775498107, 757785.608669539098628, 0.0 ], [ 719534.816274484852329, 757696.91720282251481, 0.0 ], [ 719687.208271818235517, 757787.278697156812996, 0.0 ], [ 719672.552181583829224, 757829.839400995522738, 0.0 ], [ 719844.944752253359184, 757862.769945577485487, 0.0 ], [ 719858.710095304180868, 757885.280317838070914, 0.0 ], [ 719871.807377967168577, 757906.720672403462231, 0.0 ], [ 720022.764282615855336, 757867.750027934554964, 0.0 ], [ 720028.174746990436688, 757685.187008836888708, 0.0 ], [ 720106.799681264325045, 757682.996972619672306, 0.0 ], [ 720139.757327058818191, 757551.134791976423003, 0.0 ], [ 721169.263127520913258, 757145.818089136388153, 0.0 ], [ 721963.694148094626144, 756797.232324472279288, 0.0 ], [ 722182.562277836259454, 756724.271117891650647, 0.0 ], [ 722855.406307843979448, 757429.522780843311921, 0.0 ], [ 723556.622285182354972, 757705.757349014631473, 0.0 ], [ 723899.089834312209859, 757590.955450502224267, 0.0 ], [ 724042.557864491012879, 757734.427823146572337, 0.0 ], [ 724506.422708027414046, 757461.843315337318927, 0.0 ], [ 724975.087689164560288, 757275.330230916268192, 0.0 ], [ 724946.394083128776401, 757017.095960421138443, 0.0 ], [ 724965.51215694041457, 756706.240819719387218, 0.0 ], [ 724984.63847841124516, 756462.346786372829229, 0.0 ], [ 724974.535096004256047, 756303.344156900187954, 0.0 ], [ 724925.799678336828947, 756316.334371723118238, 0.0 ], [ 724851.917148049804382, 755678.663826380041428, 0.0 ], [ 724892.165724495542236, 755654.53342732868623, 0.0 ], [ 724811.97373499115929, 755232.696451288065873, 0.0 ], [ 724620.768253896851093, 754728.58811470202636, 0.0 ], [ 724602.681137473671697, 754708.13777650881093, 0.0 ], [ 724420.061469510546885, 754752.488509949762374, 0.0 ], [ 724256.716580882086419, 754824.319697843049653, 0.0 ], [ 724164.458266103174537, 754788.919112413306721, 0.0 ], [ 724228.402367165312171, 754631.436508077662438, 0.0 ], [ 724453.324278691899963, 754559.355316050117835, 0.0 ], [ 724417.166541163693182, 754489.224156270734966, 0.0 ], [ 724438.10734763822984, 754474.413911349372938, 0.0 ], [ 724009.031130218179896, 754114.297956007183529, 0.0 ], [ 723549.941681305179372, 753875.184001710265875, 0.0 ], [ 723578.627039681770839, 753731.72162923135329, 0.0 ], [ 723607.048472966998816, 753414.356380870100111, 0.0 ], [ 723618.718910604366101, 753413.576367970788851, 0.0 ], [ 723790.294963022344746, 752993.509421201655641, 0.0 ], [ 723789.016575860558078, 752993.129414917319082, 0.0 ], [ 723598.726584927295335, 752802.416261038510129, 0.0 ], [ 723292.573478848789819, 752610.893093764316291, 0.0 ], [ 723008.944729793351144, 752680.804249905399047, 0.0 ], [ 722883.332881582784466, 752647.493699039099738, 0.0 ], [ 722829.417933995602652, 752661.403929076623172, 0.0 ], [ 722669.710263033746742, 752621.953276669722982, 0.0 ], [ 722413.496732852421701, 752385.999374631443061, 0.0 ], [ 722253.327192980446853, 752352.838826245861128, 0.0 ], [ 722198.810166278388351, 752281.747650590492412, 0.0 ], [ 722097.776342208846472, 752278.177591551328078, 0.0 ], [ 722049.164639428025112, 752185.056051573366858, 0.0 ], [ 721985.01434688817244, 752227.796758388867602, 0.0 ], [ 721969.508747765561566, 752178.805948213557713, 0.0 ], [ 721870.932726110098884, 752185.826064307359047, 0.0 ], [ 721964.568399960058741, 751924.001734442310408, 0.0 ], [ 721759.440870292019099, 751654.367275418946519, 0.0 ], [ 721560.861981955356896, 751719.468352014315315, 0.0 ], [ 721443.761717944056727, 751849.780507024261169, 0.0 ], [ 721433.988241901388392, 751899.271325468318537, 0.0 ], [ 721328.220261503942311, 751959.462320864317007, 0.0 ], [ 721331.304886010242626, 751915.57159503060393, 0.0 ], [ 721377.153622990008444, 751903.591396910604089, 0.0 ], [ 721388.205486194347031, 751891.011188868083991, 0.0 ], [ 721418.004278550622985, 751872.000874488963746, 0.0 ], [ 721420.14866991864983, 751809.859846844687127, 0.0 ], [ 721294.825489776791073, 751744.728769753244705, 0.0 ], [ 721307.510389484465122, 751731.128544842358679, 0.0 ], [ 721308.65681410045363, 751720.458368386491202, 0.0 ], [ 721341.498992667417042, 751744.468765453435481, 0.0 ], [ 721341.886632645502687, 751666.687479161657393, 0.0 ], [ 721263.806043872609735, 751501.834752944298089, 0.0 ], [ 721066.736477152793668, 751466.634170821984299, 0.0 ], [ 720951.1372870990308, 751595.966309625189751, 0.0 ], [ 720754.694542471319437, 751667.577493880176917, 0.0 ], [ 720672.250942030572332, 751612.67658596788533, 0.0 ], [ 720713.472742250887677, 751615.99664087255951, 0.0 ], [ 720776.905488448450342, 751634.536947479005903, 0.0 ], [ 720898.286287536728196, 751583.366101251915097, 0.0 ], [ 720836.898960797931068, 751319.181732358178124, 0.0 ], [ 720828.79975955421105, 751238.760402407264337, 0.0 ], [ 719829.340181221603416, 751407.593194444198161, 0.0 ], [ 719676.313114136923105, 751637.146990642067976, 0.0 ], [ 719580.673259123810567, 752077.094266177969985, 0.0 ], [ 719609.375112818670459, 752306.6480623758398, 0.0 ], [ 719580.673259123810567, 752469.250751383719034, 0.0 ], [ 719180.100951580097899, 752543.201974336523563, 0.0 ], [ 719180.092703920905478, 752543.201974336523563, 0.0 ], [ 719165.725281755323522, 752577.952549016918056, 0.0 ], [ 718923.516276738839224, 753001.729557140381075, 0.0 ], [ 718863.6960052306531, 753181.18252480623778, 0.0 ], [ 718813.855401242617518, 753448.35694314725697, 0.0 ], [ 718819.727734527317807, 753630.339952653157525, 0.0 ], [ 718542.944542531389743, 753707.841234314371832, 0.0 ], [ 718284.710335868643597, 753746.101867041550577, 0.0 ], [ 718036.026918452698737, 753966.085504974820651, 0.0 ], [ 718002.90431947610341, 754893.800846872967668, 0.0 ], [ 718002.722870975732803, 754893.850847699912265, 0.0 ], [ 717948.280073205707595, 754937.401567910797894, 0.0 ], [ 717812.160707291797735, 754395.672609181609005, 0.0 ], [ 717654.267521333647892, 754458.283644598443061, 0.0 ], [ 717591.659541046945378, 754447.393464504391886, 0.0 ], [ 717564.434018332394771, 754518.17463503323961, 0.0 ], [ 717512.712948067812249, 754493.684230028302409, 0.0 ], [ 717458.261902638711035, 754499.124319992610253, 0.0 ], [ 717433.758107429603115, 754542.675040203495882, 0.0 ], [ 717409.262559879687615, 754512.734545068815351, 0.0 ], [ 717403.819104868569411, 754550.845175315393135, 0.0 ], [ 717297.646989174885675, 754542.675040203495882, 0.0 ], [ 717213.265188843826763, 754616.176255714497529, 0.0 ], [ 717313.993849526392296, 755187.85570974368602, 0.0 ], [ 717183.317938623717055, 755269.53706053190399, 0.0 ], [ 717202.378278821706772, 755421.979581518215127, 0.0 ], [ 716998.20747761009261, 755479.140526805305853, 0.0 ], [ 717044.493340522632934, 755754.095073808566667, 0.0 ], [ 716930.156042312271893, 755797.645794019452296, 0.0 ], [ 716766.811153683811426, 755794.935749202617444, 0.0 ], [ 716685.142833199235611, 755871.157009695773013, 0.0 ], [ 716671.542443330632523, 755819.426154207554646, 0.0 ], [ 716614.369670395855792, 755833.046379449195229, 0.0 ], [ 716495.240482243942097, 755882.987205335171893, 0.0 ], [ 716467.478861687355675, 756003.309195134905167, 0.0 ], [ 716744.855885139084421, 756127.651251415605657, 0.0 ], [ 716687.468673067633063, 756318.934414720861241, 0.0 ], [ 716410.108144934056327, 756778.03200695104897, 0.0 ], [ 715881.218756992486306, 757000.175680605578236, 0.0 ], [ 715872.245303883217275, 757178.838635206688195, 0.0 ], [ 716083.723531064228155, 757372.231833406258374, 0.0 ], [ 716181.664482968510129, 757339.731295935343951, 0.0 ], [ 716226.572986810002476, 757521.204297007177956, 0.0 ], [ 716019.523752569803037, 757605.805696085095406, 0.0 ], [ 715933.01405618886929, 757686.347028020420112, 0.0 ], [ 715879.981608126312494, 757652.126462104963139, 0.0 ], [ 715811.484799236641265, 757723.557643383159302, 0.0 ], [ 715754.023358233156614, 757710.817432694602758, 0.0 ], [ 715674.235504025127739, 757761.278267180081457, 0.0 ] ] ] } },
{ "type": "Feature", "properties": { "RoutingKey": "A42", "Descriptor": "GARRISTOWN", "local_authority": "Fingal", "CountyName": "Co. Dublin" }, "geometry": { "type": "Polygon", "coordinates": [ [ [ 702901.687923014047556, 762267.362785608856939, 0.0 ], [ 703608.14941154490225, 762462.586014072177932, 0.0 ], [ 704014.528071100474335, 763327.610319230356254, 0.0 ], [ 704409.252788336831145, 763533.803729110630229, 0.0 ], [ 704404.089753735344857, 763533.763728449237533, 0.0 ], [ 704379.033365366165526, 763607.244943629368208, 0.0 ], [ 704419.587105198763311, 763643.865549235022627, 0.0 ], [ 704343.213781861239113, 763820.018462326843292, 0.0 ], [ 704507.201987900072709, 763970.550951726385392, 0.0 ], [ 704966.299684472265653, 764487.019492716644891, 0.0 ], [ 705151.393650167621672, 764962.077348886523396, 0.0 ], [ 705498.776804125751369, 764920.836666877381504, 0.0 ], [ 705641.749974758015014, 765138.660269089508802, 0.0 ], [ 705638.871541729429737, 765329.683428094955161, 0.0 ], [ 705747.262277723057196, 765342.443639114266261, 0.0 ], [ 705809.721800145925954, 765290.092773372889496, 0.0 ], [ 705815.668362362543121, 765125.320048478432, 0.0 ], [ 705907.868943527690135, 765058.548944265232421, 0.0 ], [ 705977.46269107866101, 765064.49904266372323, 0.0 ], [ 706087.816369939944707, 765012.748186844866723, 0.0 ], [ 706204.405279086669907, 765059.148954187752679, 0.0 ], [ 706284.118904362781905, 765062.119003304396756, 0.0 ], [ 706415.611333517241292, 765012.748186844866723, 0.0 ], [ 706817.989878405584022, 765049.668797411723062, 0.0 ], [ 707106.872386312577873, 765158.180591902812012, 0.0 ], [ 707099.061853137565777, 765196.641227937536314, 0.0 ], [ 707648.421930984593928, 765062.369007438770495, 0.0 ], [ 707815.164855165290646, 765021.608333367621526, 0.0 ], [ 708145.21142967895139, 765025.798402660060674, 0.0 ], [ 708344.961485608830117, 765058.888949888059869, 0.0 ], [ 708208.65242353559006, 764869.585819327156059, 0.0 ], [ 707625.221265914500691, 764429.618543460499495, 0.0 ], [ 707615.653981349547394, 764027.911900321021676, 0.0 ], [ 708256.472351042088121, 763798.368104288587347, 0.0 ], [ 708942.388920735684223, 764017.851733953109942, 0.0 ], [ 709402.451593423378654, 763873.539347417303361, 0.0 ], [ 709466.502914053853601, 763557.504121050937101, 0.0 ], [ 709469.752491742372513, 763486.202941922587343, 0.0 ], [ 709404.266078427084722, 763340.230527934385464, 0.0 ], [ 709249.523498247959651, 763237.128822911530733, 0.0 ], [ 709060.173740452970378, 763222.678583943750709, 0.0 ], [ 708932.483482147217728, 763095.756484996178187, 0.0 ], [ 708885.974932438810356, 763168.737691907561384, 0.0 ], [ 708749.591641433537006, 763119.546878424822353, 0.0 ], [ 708817.181207821355201, 762986.124671983066946, 0.0 ], [ 708770.383990044123493, 762963.864303856855258, 0.0 ], [ 708951.857233391259797, 762804.231663965503685, 0.0 ], [ 709072.833897183299996, 762588.968104089493863, 0.0 ], [ 709155.970300989109091, 762110.700194834149443, 0.0 ], [ 709033.426581966690719, 762074.63959848950617, 0.0 ], [ 708935.832031744997948, 761995.608291525859386, 0.0 ], [ 708964.723581599304453, 761903.92677536199335, 0.0 ], [ 708807.308759869425558, 761725.91383151023183, 0.0 ], [ 708683.313452843925916, 761534.420664732111618, 0.0 ], [ 708696.031343188020401, 761510.180263861548156, 0.0 ], [ 708954.414007714716718, 761421.288793837535195, 0.0 ], [ 709032.296652668854222, 761357.417737583280541, 0.0 ], [ 709200.144763170043007, 761607.911880077677779, 0.0 ], [ 709439.252648361958563, 761803.005106391035952, 0.0 ], [ 709824.5090529427398, 761759.064379730494693, 0.0 ], [ 709936.050394715508446, 761793.094942503841594, 0.0 ], [ 709898.993662344524637, 761880.096381271840073, 0.0 ], [ 709792.79680367349647, 761832.875600368133746, 0.0 ], [ 709771.212679788586684, 761877.206333478330635, 0.0 ], [ 709707.483017863240093, 762327.643782493192703, 0.0 ], [ 709728.572282201726921, 762334.113889491301961, 0.0 ], [ 710020.696120138047263, 762358.544293503975496, 0.0 ], [ 710296.827747064526193, 762339.303975321236067, 0.0 ], [ 710445.079419525805861, 762382.694692886201665, 0.0 ], [ 710684.79763149167411, 761953.327592317713425, 0.0 ], [ 710893.191234166384675, 761925.98714018065948, 0.0 ], [ 711023.792916137143038, 761960.747715026373044, 0.0 ], [ 711131.04547517397441, 761791.614918028237298, 0.0 ], [ 711017.491704578860663, 761715.01365125074517, 0.0 ], [ 711191.533807069994509, 761382.918159291148186, 0.0 ], [ 711300.188468155101873, 761424.918853868846782, 0.0 ], [ 711361.237640870385803, 761612.551956812036224, 0.0 ], [ 711485.579349578358233, 761501.090113535057753, 0.0 ], [ 711763.591442781384103, 761095.0133981264662, 0.0 ], [ 711498.783851809916086, 760795.118438676465303, 0.0 ], [ 710991.882723049377091, 760460.362902726861648, 0.0 ], [ 710398.876033204374835, 760068.226417851867154, 0.0 ], [ 710379.74146407446824, 759752.60119826591108, 0.0 ], [ 710436.881246372708119, 759299.803710222360678, 0.0 ], [ 710598.518869565799832, 759331.004226194345392, 0.0 ], [ 710701.944514776580036, 759460.156362020759843, 0.0 ], [ 710829.172904172330163, 759479.566683014854789, 0.0 ], [ 710805.444388919393532, 759073.459967110073194, 0.0 ], [ 710932.351119609898888, 758869.716597746824846, 0.0 ], [ 710891.104576412122697, 758679.213447340880521, 0.0 ], [ 711044.123395837727003, 758586.19190901669208, 0.0 ], [ 710743.784889430040494, 758372.03836749738548, 0.0 ], [ 710691.21431027748622, 758449.449647670146078, 0.0 ], [ 710589.6278930476401, 758459.749818007112481, 0.0 ], [ 710478.053560638451017, 758339.317826388287358, 0.0 ], [ 711120.966835744329728, 757887.540355212986469, 0.0 ], [ 711589.62356922228355, 757371.061814057291485, 0.0 ], [ 711755.87988151574973, 756761.42173226212617, 0.0 ], [ 711719.722143987426534, 756705.090800701174885, 0.0 ], [ 711214.602509594289586, 756931.05453752912581, 0.0 ], [ 710598.518869565799832, 756931.06453769444488, 0.0 ], [ 709674.385161863989197, 756493.317298541194759, 0.0 ], [ 709250.678170523140579, 756188.782262356835417, 0.0 ], [ 709204.656232701963745, 756222.002811734797433, 0.0 ], [ 709112.043268581386656, 756155.691715128836222, 0.0 ], [ 709002.976224540965632, 755946.168250178452581, 0.0 ], [ 708753.402059941319749, 755899.587479858775623, 0.0 ], [ 708631.081027714768425, 755793.165719931130297, 0.0 ], [ 708645.110295856953599, 755595.612452935427427, 0.0 ], [ 708563.161554962629452, 755454.190114193130285, 0.0 ], [ 708598.082143624778837, 755382.288925142260268, 0.0 ], [ 708508.347612532787025, 755139.654912633122876, 0.0 ], [ 708442.24262478435412, 755131.024769913870841, 0.0 ], [ 708397.499074124963954, 755079.413916410296224, 0.0 ], [ 708510.228078809333965, 754864.480361991561949, 0.0 ], [ 708434.613540109712631, 754775.538891140720807, 0.0 ], [ 708430.118565896060318, 754867.010403831605799, 0.0 ], [ 708149.929090688587166, 754836.619901255122386, 0.0 ], [ 708138.085452209925279, 754756.718579903710634, 0.0 ], [ 708173.797816146281548, 754733.64819838211406, 0.0 ], [ 708109.680514242849313, 754597.285943319904618, 0.0 ], [ 708024.671891819569282, 754695.437566481763497, 0.0 ], [ 707817.688638852327131, 754723.928037637029774, 0.0 ], [ 707779.749406956718303, 754816.319565542507917, 0.0 ], [ 707632.602920815930702, 754991.342459946987219, 0.0 ], [ 707610.697138225776143, 755091.014108245959505, 0.0 ], [ 707471.204479736974463, 755096.214194241329096, 0.0 ], [ 707383.152471102890559, 755353.938456302275881, 0.0 ], [ 707253.243592497194186, 755475.390464789466932, 0.0 ], [ 707153.677851748885587, 755488.490681431605481, 0.0 ], [ 707168.581371756503358, 755624.342928059631959, 0.0 ], [ 707256.526160822133534, 755619.092841237434186, 0.0 ], [ 707184.796269562328234, 755805.395922185620293, 0.0 ], [ 707195.955352335004136, 755859.586818356183358, 0.0 ], [ 707543.437478202395141, 755996.459081852575764, 0.0 ], [ 707614.111669096397236, 756107.520918514463119, 0.0 ], [ 707327.64572530798614, 756276.773717497126199, 0.0 ], [ 707087.515130386687815, 756211.322635113610886, 0.0 ], [ 707009.995382433291525, 756120.29112969909329, 0.0 ], [ 706859.054973102873191, 756049.039951397688128, 0.0 ], [ 706773.048383927554823, 756057.250087171094492, 0.0 ], [ 706666.785543983685784, 756101.43081780069042, 0.0 ], [ 706611.922115599154495, 756224.912859859061427, 0.0 ], [ 706569.809568195138127, 756253.093325887573883, 0.0 ], [ 706240.505283001228236, 756351.58495467226021, 0.0 ], [ 705844.658884126227349, 756706.700827326625586, 0.0 ], [ 706015.335941701312549, 756909.334178333287127, 0.0 ], [ 706103.222997153177857, 757101.657358837546781, 0.0 ], [ 706082.612097042961977, 757099.437322124140337, 0.0 ], [ 706057.836129083414562, 757273.210195856634527, 0.0 ], [ 705863.496537528233603, 757321.330991644179448, 0.0 ], [ 705879.274309401283972, 757433.472846166696399, 0.0 ], [ 705938.360539249028079, 757559.144924442283809, 0.0 ], [ 706090.356648945133202, 757534.114510507090017, 0.0 ], [ 706134.74555026285816, 757742.637958919978701, 0.0 ], [ 705865.30277487274725, 757591.075452486751601, 0.0 ], [ 705549.664860820397735, 757466.733396206051111, 0.0 ], [ 704861.026563621242531, 757600.635610585799441, 0.0 ], [ 704413.492085118195973, 757839.32955793698784, 0.0 ], [ 704442.960971110034734, 757878.100199098349549, 0.0 ], [ 704362.711247991886921, 757914.500801065703854, 0.0 ], [ 704350.2160444437759, 758005.972313756705262, 0.0 ], [ 704406.943443786702119, 758472.580030184006318, 0.0 ], [ 704664.468351766117848, 758798.375417956965975, 0.0 ], [ 704708.510851401370019, 758950.967941423878074, 0.0 ], [ 704732.082661131164059, 759079.200062035699375, 0.0 ], [ 704834.477348953485489, 759073.859973725164309, 0.0 ], [ 704802.996034139301628, 759112.020604798570275, 0.0 ], [ 704827.780249758041464, 759175.191649476531893, 0.0 ], [ 704382.827288555679843, 759417.895663143252023, 0.0 ], [ 704019.377694655791856, 759714.390566365676932, 0.0 ], [ 703244.658579349401407, 759580.488351985812187, 0.0 ], [ 702909.902591485297307, 759790.911831820034422, 0.0 ], [ 702766.442808965570293, 760154.367842397652566, 0.0 ], [ 702823.838268696214072, 760842.999230494955555, 0.0 ], [ 702901.687923014047556, 762267.362785608856939, 0.0 ] ] ] } },
{ "type": "Feature", "properties": { "RoutingKey": "A84", "Descriptor": "ASHBOURNE", "local_authority": "Fingal", "CountyName": "Co. Dublin" }, "geometry": { "type": "Polygon", "coordinates": [ [ [ 701791.874665820039809, 759953.494520497159101, 0.0 ], [ 702062.785524531383999, 759892.133505752193742, 0.0 ], [ 702878.404781352845021, 759870.723151682992466, 0.0 ], [ 702909.902591485297307, 759790.911831820034422, 0.0 ], [ 703244.658579349401407, 759580.488351985812187, 0.0 ], [ 704019.377694655791856, 759714.390566365676932, 0.0 ], [ 704382.827288555679843, 759417.895663143252023, 0.0 ], [ 704827.780249758041464, 759175.191649476531893, 0.0 ], [ 704802.996034139301628, 759112.020604798570275, 0.0 ], [ 704834.477348953485489, 759073.859973725164309, 0.0 ], [ 704732.082661131164059, 759079.200062035699375, 0.0 ], [ 704708.510851401370019, 758950.967941423878074, 0.0 ], [ 704664.468351766117848, 758798.375417956965975, 0.0 ], [ 704406.943443786702119, 758472.580030184006318, 0.0 ], [ 704350.2160444437759, 758005.972313756705262, 0.0 ], [ 704362.711247991886921, 757914.500801065703854, 0.0 ], [ 704442.960971110034734, 757878.100199098349549, 0.0 ], [ 704413.492085118195973, 757839.32955793698784, 0.0 ], [ 704861.026563621242531, 757600.635610585799441, 0.0 ], [ 705549.664860820397735, 757466.733396206051111, 0.0 ], [ 705865.30277487274725, 757591.075452486751601, 0.0 ], [ 706134.74555026285816, 757742.637958919978701, 0.0 ], [ 706090.356648945133202, 757534.114510507090017, 0.0 ], [ 705938.360539249028079, 757559.144924442283809, 0.0 ], [ 705879.274309401283972, 757433.472846166696399, 0.0 ], [ 705863.496537528233603, 757321.330991644179448, 0.0 ], [ 706057.836129083414562, 757273.210195856634527, 0.0 ], [ 706082.612097042961977, 757099.437322124140337, 0.0 ], [ 706103.222997153177857, 757101.657358837546781, 0.0 ], [ 706015.335941701312549, 756909.334178333287127, 0.0 ], [ 705844.658884126227349, 756706.700827326625586, 0.0 ], [ 706240.505283001228236, 756351.58495467226021, 0.0 ], [ 706569.809568195138127, 756253.093325887573883, 0.0 ], [ 706611.922115599154495, 756224.912859859061427, 0.0 ], [ 706666.785543983685784, 756101.43081780069042, 0.0 ], [ 706773.048383927554823, 756057.250087171094492, 0.0 ], [ 706859.054973102873191, 756049.039951397688128, 0.0 ], [ 707009.995382433291525, 756120.29112969909329, 0.0 ], [ 707087.515130386687815, 756211.322635113610886, 0.0 ], [ 707327.64572530798614, 756276.773717497126199, 0.0 ], [ 707614.111669096397236, 756107.520918514463119, 0.0 ], [ 707543.437478202395141, 755996.459081852575764, 0.0 ], [ 707195.955352335004136, 755859.586818356183358, 0.0 ], [ 707184.796269562328234, 755805.395922185620293, 0.0 ], [ 707256.526160822133534, 755619.092841237434186, 0.0 ], [ 707168.581371756503358, 755624.342928059631959, 0.0 ], [ 707153.677851748885587, 755488.490681431605481, 0.0 ], [ 707253.243592497194186, 755475.390464789466932, 0.0 ], [ 707383.152471102890559, 755353.938456302275881, 0.0 ], [ 707471.204479736974463, 755096.214194241329096, 0.0 ], [ 707610.697138225776143, 755091.014108245959505, 0.0 ], [ 707632.602920815930702, 754991.342459946987219, 0.0 ], [ 707779.749406956718303, 754816.319565542507917, 0.0 ], [ 707817.688638852327131, 754723.928037637029774, 0.0 ], [ 707977.742711496655829, 754701.89767331443727, 0.0 ], [ 708020.663529493263923, 754337.041639584233053, 0.0 ], [ 708321.884535425459035, 754154.718624455505051, 0.0 ], [ 708327.055817685904913, 754096.927668749704026, 0.0 ], [ 708283.986541825463064, 754094.597630217205733, 0.0 ], [ 708464.865953716798685, 753325.904918122570962, 0.0 ], [ 708291.030042703496292, 753321.824850649223663, 0.0 ], [ 708266.715943653834984, 753079.560844258987345, 0.0 ], [ 708262.295198372099549, 753032.290062528336421, 0.0 ], [ 708334.396234291838482, 752924.058272667811252, 0.0 ], [ 708338.858217869070359, 752339.498605634784326, 0.0 ], [ 708292.258943910477683, 751949.31215300806798, 0.0 ], [ 708806.929367550415918, 751715.568287517875433, 0.0 ], [ 708813.461513563757762, 751806.789796074386686, 0.0 ], [ 708880.119094472378492, 751799.379673531046137, 0.0 ], [ 709117.709410388488322, 751718.378333988366649, 0.0 ], [ 709209.250178824993782, 751649.937202157452703, 0.0 ], [ 709234.207595285028219, 751674.057601043605246, 0.0 ], [ 709363.044278206652962, 751647.257157836807892, 0.0 ], [ 709697.495102683780715, 751483.964457417954691, 0.0 ], [ 710016.349603788228706, 750715.001740858191624, 0.0 ], [ 710068.202636598492973, 750589.939672670443542, 0.0 ], [ 709544.624741122242995, 750583.789570964407176, 0.0 ], [ 709025.81399261020124, 750551.359034651191905, 0.0 ], [ 709042.020642756833695, 750129.832063737208955, 0.0 ], [ 708944.739503581309691, 749773.156165284221061, 0.0 ], [ 708550.394178663962521, 749119.665358316968195, 0.0 ], [ 708221.856925767031498, 749799.036593276425265, 0.0 ], [ 707527.445267192553729, 749579.752966919448227, 0.0 ], [ 707436.292138734017499, 749673.074510204838589, 0.0 ], [ 707491.444235187256709, 749616.613576494040899, 0.0 ], [ 707122.757377753965557, 749362.049366691731848, 0.0 ], [ 706401.474845806602389, 749759.145933593041264, 0.0 ], [ 706399.412931029684842, 749667.014409987255931, 0.0 ], [ 706358.982906083576381, 749514.161882220534608, 0.0 ], [ 706232.133909006835893, 749450.960837046499364, 0.0 ], [ 706163.711329049197957, 749344.409074969124049, 0.0 ], [ 705999.81384726066608, 749325.388760424568318, 0.0 ], [ 705982.007151247002184, 749191.016538272146136, 0.0 ], [ 705896.041800367296673, 749208.826832806109451, 0.0 ], [ 705780.467353290761821, 749310.228509715176187, 0.0 ], [ 705664.79393430496566, 749285.098094126209617, 0.0 ], [ 705597.864180645905435, 749287.488133650971577, 0.0 ], [ 705544.064700286253355, 749333.488894378882833, 0.0 ], [ 705572.626343776239082, 749528.122113085002638, 0.0 ], [ 705683.194461774313822, 749836.387210954446346, 0.0 ], [ 705539.198581412667409, 749853.197488950914703, 0.0 ], [ 704466.046168952598237, 750269.594375027227215, 0.0 ], [ 704541.941128061851487, 750586.819621073198505, 0.0 ], [ 704559.863291302928701, 750618.110138533636928, 0.0 ], [ 704430.556491811992601, 750676.011096058529802, 0.0 ], [ 703789.746369778644294, 751163.799162751529366, 0.0 ], [ 703330.65692086564377, 751297.701377131394111, 0.0 ], [ 703245.508088237489574, 751503.484780231257901, 0.0 ], [ 703575.595901046646759, 751424.243469794746488, 0.0 ], [ 703575.595901046646759, 751424.253469960065559, 0.0 ], [ 703540.782531952951103, 751651.627230106038041, 0.0 ], [ 703467.897968418081291, 751613.546600355533883, 0.0 ], [ 703253.56605118571315, 751615.726636407431215, 0.0 ], [ 703260.395112926955335, 751696.957979753729887, 0.0 ], [ 703249.772127996198833, 751721.088378805201501, 0.0 ], [ 703215.338151221512817, 751704.73810841597151, 0.0 ], [ 703221.86204957566224, 751769.049171946709976, 0.0 ], [ 703068.430847194744274, 751774.629264226416126, 0.0 ], [ 702827.450743385357782, 751747.558816554490477, 0.0 ], [ 702755.877557648578659, 751834.39025251113344, 0.0 ], [ 702809.957458417979069, 751922.771714101079851, 0.0 ], [ 702844.308958601555787, 751900.311342667439021, 0.0 ], [ 702897.13521518651396, 752134.10520898445975, 0.0 ], [ 703239.198629020131193, 751940.122001027804799, 0.0 ], [ 703329.098113294225186, 752524.811670210794546, 0.0 ], [ 703302.573641603812575, 752652.953789334162138, 0.0 ], [ 703264.568428435479291, 752669.98407096893061, 0.0 ], [ 703295.183739043306559, 752861.317235101014376, 0.0 ], [ 703317.097769292537123, 753000.589538287604228, 0.0 ], [ 703952.365464405505918, 753114.941429357975721, 0.0 ], [ 704003.698894692002796, 753294.594400331377983, 0.0 ], [ 703868.107378961052746, 753300.134491949458607, 0.0 ], [ 703577.261928186402656, 753366.185584255610593, 0.0 ], [ 703611.473218165221624, 753518.618105076486245, 0.0 ], [ 703796.558936201618053, 753523.118179495562799, 0.0 ], [ 703845.368582801078446, 753595.139370530843735, 0.0 ], [ 703938.088766490109265, 753553.268678103107959, 0.0 ], [ 704007.261883426574059, 753771.582288418663666, 0.0 ], [ 703952.373712064698339, 754205.269460429437459, 0.0 ], [ 702986.366639073006809, 754396.572624065447599, 0.0 ], [ 702613.34976060804911, 754606.986103734234348, 0.0 ], [ 702553.166592099121772, 754622.036352624651045, 0.0 ], [ 702560.581237636855803, 754643.196702559478581, 0.0 ], [ 702348.632893886766396, 754758.118603056296706, 0.0 ], [ 702253.710585215943865, 754898.580925922491588, 0.0 ], [ 702388.526820990722626, 755101.684284701826982, 0.0 ], [ 702237.817346115363762, 755176.855527830426581, 0.0 ], [ 702208.538156282971613, 755269.867065989295952, 0.0 ], [ 702304.054296409478411, 755569.532021635677665, 0.0 ], [ 701791.75919859262649, 755358.56853287119884, 0.0 ], [ 701702.89891936595086, 755361.748585460707545, 0.0 ], [ 701704.36700268718414, 755394.199122104677372, 0.0 ], [ 701236.749474256765097, 755418.179518675431609, 0.0 ], [ 701380.97628907347098, 755664.683595184935257, 0.0 ], [ 701131.87224104302004, 755696.144115456729196, 0.0 ], [ 701232.452443861635402, 756198.302419794490561, 0.0 ], [ 700858.181921212468296, 756470.966928926645778, 0.0 ], [ 700548.160663012298755, 756651.089907672721893, 0.0 ], [ 700693.599883717834018, 757160.788336703670211, 0.0 ], [ 701000.816937821335159, 756930.444527441170067, 0.0 ], [ 701091.359739505918697, 757192.058853833354078, 0.0 ], [ 700821.974697729572654, 757546.544716069009155, 0.0 ], [ 701158.272997846826911, 757915.090810822905041, 0.0 ], [ 701305.254530805512331, 758169.435016986913979, 0.0 ], [ 701923.103169883019291, 758680.723472312558442, 0.0 ], [ 701741.135066989343613, 758977.258376196492463, 0.0 ], [ 701386.650678539532237, 759416.505640156101435, 0.0 ], [ 701412.1606881597545, 759450.166196810430847, 0.0 ], [ 701321.13952224701643, 759577.298299230984412, 0.0 ], [ 701436.186119140591472, 759703.150380483362824, 0.0 ], [ 701673.685710806399584, 759837.262598336092196, 0.0 ], [ 701791.874665820039809, 759953.494520497159101, 0.0 ] ] ] } },
{ "type": "Feature", "properties": { "RoutingKey": "A94", "Descriptor": "BLACKROCK", "local_authority": "Dún Laoghaire-Rathdown", "CountyName": "Co. Dublin" }, "geometry": { "type": "Polygon", "coordinates": [ [ [ 720334.921684524859302, 726431.150151749607176, 0.0 ], [ 720273.71580628643278, 726375.179226142237894, 0.0 ], [ 720146.264730094815604, 726312.278185929404572, 0.0 ], [ 720162.586847468977794, 726276.117587931104936, 0.0 ], [ 719994.582031444762833, 726250.987172342138365, 0.0 ], [ 719866.702076979563572, 726308.398121763719246, 0.0 ], [ 719891.304844097816385, 726345.728739110985771, 0.0 ], [ 719863.304041427210905, 726397.469594764523208, 0.0 ], [ 719820.045069407206029, 726402.559678940684535, 0.0 ], [ 719800.5393556173658, 726461.930660775862634, 0.0 ], [ 719794.658774673589505, 726465.40071816125419, 0.0 ], [ 719815.203693510964513, 726515.881552977487445, 0.0 ], [ 719813.554161689360626, 726587.052729955874383, 0.0 ], [ 719833.414524820749648, 726592.022812147624791, 0.0 ], [ 719934.382367617450655, 726553.942182397120632, 0.0 ], [ 719985.839512790553272, 726643.233659036224708, 0.0 ], [ 719665.071554773137905, 726799.086236415547319, 0.0 ], [ 719618.068145518191159, 726823.926647208631039, 0.0 ], [ 719320.624567457358353, 726977.009178778971545, 0.0 ], [ 719091.958218695828691, 727094.631123927305453, 0.0 ], [ 718946.230329921585508, 726894.437813272350468, 0.0 ], [ 718952.910933798761107, 726890.567749271984212, 0.0 ], [ 718845.213001170195639, 726785.696014977642335, 0.0 ], [ 718838.631369202281348, 726756.955539688002318, 0.0 ], [ 718835.439525127527304, 726758.785569951753132, 0.0 ], [ 718747.684432221460156, 726695.614525273791514, 0.0 ], [ 718604.793738180189393, 726605.623037058394402, 0.0 ], [ 718555.16757332906127, 726794.546161335078068, 0.0 ], [ 718581.023984631756321, 726846.247016327106394, 0.0 ], [ 718631.004798824549653, 726863.487301434739493, 0.0 ], [ 718649.966167113161646, 726984.139296691748314, 0.0 ], [ 718613.775438948418014, 727077.210835842881352, 0.0 ], [ 718687.888903690385632, 727134.091776499524713, 0.0 ], [ 718711.881344034802169, 727289.614348421455361, 0.0 ], [ 718717.027883318020031, 727333.865080208634026, 0.0 ], [ 718713.745314993197098, 727383.195896006771363, 0.0 ], [ 718535.3649438113207, 727478.547472863458097, 0.0 ], [ 718617.561114478856325, 727596.909430249477737, 0.0 ], [ 718577.287795055890456, 727620.749824505066499, 0.0 ], [ 718590.442811332759447, 727661.03049063810613, 0.0 ], [ 718643.871147032594308, 727633.910042139352299, 0.0 ], [ 718705.415179294301197, 727793.20267640799284, 0.0 ], [ 718707.163683025166392, 727845.153535534394905, 0.0 ], [ 718811.562552010756917, 727844.333521973574534, 0.0 ], [ 718812.387317921500653, 727872.283984198467806, 0.0 ], [ 718653.735347325331531, 727874.754025046247989, 0.0 ], [ 718656.523056103731506, 727993.265984912985004, 0.0 ], [ 718661.521137523115613, 727993.065981605439447, 0.0 ], [ 718663.022211480652913, 728036.566700989496894, 0.0 ], [ 718765.72206268995069, 728028.276563893072307, 0.0 ], [ 718765.004516347660683, 727989.15591694356408, 0.0 ], [ 718913.256188808940351, 727984.245835744193755, 0.0 ], [ 718874.607658230117522, 728149.258564607589506, 0.0 ], [ 718808.411946231499314, 728260.810409372905269, 0.0 ], [ 718867.06105014658533, 728345.551810766104609, 0.0 ], [ 718831.200228346162476, 728575.81561870558653, 0.0 ], [ 718721.531105190864764, 728689.24749456148129, 0.0 ], [ 718729.110703910817392, 728719.55799581494648, 0.0 ], [ 718706.759547728928737, 728849.580146029009484, 0.0 ], [ 718729.382876661373302, 728874.630560295074247, 0.0 ], [ 718717.316551386844367, 728872.790529865887947, 0.0 ], [ 718703.89761001849547, 728925.541402222472243, 0.0 ], [ 718767.165403033839539, 729123.724679636885412, 0.0 ], [ 718701.241863785893656, 729147.905079515185207, 0.0 ], [ 718580.735316562931985, 729171.925476747448556, 0.0 ], [ 718674.255523185362108, 729331.078108700807206, 0.0 ], [ 718861.065001975279301, 729462.790286863339134, 0.0 ], [ 718961.315298429573886, 729337.598216525628231, 0.0 ], [ 719046.645579558098689, 729399.869246319751255, 0.0 ], [ 719393.90501862950623, 729640.153219965635799, 0.0 ], [ 719278.767697485745884, 729767.405324370716698, 0.0 ], [ 719390.251305644749664, 729871.907052546157502, 0.0 ], [ 719301.094110690290108, 729905.957615650142543, 0.0 ], [ 719285.967903886805288, 729946.478285752236843, 0.0 ], [ 719256.787685963674448, 729912.447722979006357, 0.0 ], [ 719186.740317161777057, 729976.308779067825526, 0.0 ], [ 719175.474014820647426, 730101.070842294255272, 0.0 ], [ 719147.365992581471801, 730100.900839482899755, 0.0 ], [ 719005.05263467784971, 730280.673812440829352, 0.0 ], [ 718888.504963826620951, 730202.052512257476337, 0.0 ], [ 718823.925793013186194, 730278.523776885005645, 0.0 ], [ 719050.373521474772133, 730479.757104738964699, 0.0 ], [ 719227.722935268073343, 730429.086266780621372, 0.0 ], [ 719204.390307652298361, 730468.376916541485116, 0.0 ], [ 719347.503688489436172, 730524.857850583153777, 0.0 ], [ 719375.314795000711456, 730605.599185826024041, 0.0 ], [ 719542.890732751344331, 730665.380174441612326, 0.0 ], [ 719544.391806708998047, 730665.240172126330435, 0.0 ], [ 719576.499943615286611, 730601.769122487166896, 0.0 ], [ 719597.457245407975279, 730611.189278271049261, 0.0 ], [ 719762.501151812612079, 730562.788477852940559, 0.0 ], [ 719879.494196255574934, 730568.098565667401999, 0.0 ], [ 719898.224630089243874, 730569.108582370332442, 0.0 ], [ 719996.017124129459262, 730670.720262752263807, 0.0 ], [ 720000.734785139095038, 730675.610343620879576, 0.0 ], [ 720061.454051490174606, 730616.089359305100515, 0.0 ], [ 720299.044367406168021, 730365.425213999347761, 0.0 ], [ 720591.597083616186865, 730127.751283516525291, 0.0 ], [ 721359.668585681705736, 729648.14335210074205, 0.0 ], [ 721386.151819076621905, 729675.033796795876697, 0.0 ], [ 721432.511910921079107, 729645.033300668932498, 0.0 ], [ 721428.148899253108539, 729604.682633378310129, 0.0 ], [ 721694.589526728028432, 729479.240558906225488, 0.0 ], [ 721877.860759760602377, 729410.789426909992471, 0.0 ], [ 721858.618971062358469, 729439.149895915295929, 0.0 ], [ 721994.045533611089922, 729417.749542011413723, 0.0 ], [ 722008.594404277042486, 729369.43874308175873, 0.0 ], [ 722093.471064154640771, 729330.39809745515231, 0.0 ], [ 722280.569211013265885, 729247.4867263258202, 0.0 ], [ 722606.195040245191194, 729123.064668722101487, 0.0 ], [ 722639.548573676729575, 729150.695125654921867, 0.0 ], [ 722679.904369690804742, 729062.113660757546313, 0.0 ], [ 722702.148306304356083, 729012.632842478924431, 0.0 ], [ 722909.634666477330029, 728898.270951243001036, 0.0 ], [ 723088.567630819277838, 728849.87015082500875, 0.0 ], [ 723278.601944320253097, 728858.65029602474533, 0.0 ], [ 723283.674254671554081, 728828.149791629053652, 0.0 ], [ 723319.493838176364079, 728833.739884074078873, 0.0 ], [ 723421.352428156649694, 728849.660147352027707, 0.0 ], [ 723414.894511075341143, 728780.829009071574546, 0.0 ], [ 723479.655130389146507, 728739.298322266549803, 0.0 ], [ 723480.149989935569465, 728699.09765745641198, 0.0 ], [ 723495.630846080835909, 728621.076367195695639, 0.0 ], [ 723517.07475976087153, 728483.354089642409235, 0.0 ], [ 723512.282869819318876, 728243.210118311806582, 0.0 ], [ 723403.859143189154565, 728258.850376959308051, 0.0 ], [ 723429.633077900856733, 728152.908624969772063, 0.0 ], [ 723414.935749370837584, 728156.488684174255468, 0.0 ], [ 723469.007402481045574, 727987.925896602449939, 0.0 ], [ 723424.618501163320616, 727959.955434046802111, 0.0 ], [ 723451.844023877871223, 727917.41473053873051, 0.0 ], [ 723343.280087042949162, 727862.94382973772008, 0.0 ], [ 723147.719841939862818, 727843.673511058790609, 0.0 ], [ 723101.269025845220312, 727888.214247641968541, 0.0 ], [ 723044.747817980009131, 727804.282859644154087, 0.0 ], [ 723079.800369187723845, 727746.441903111408465, 0.0 ], [ 723113.475561324623413, 727765.502218317473307, 0.0 ], [ 723089.021252070204355, 727725.571557972463779, 0.0 ], [ 723076.69924936327152, 727733.951696557342075, 0.0 ], [ 722863.62922397442162, 727893.6443374408409, 0.0 ], [ 722756.269445369252935, 727814.463027996593155, 0.0 ], [ 722871.50573842227459, 727725.351554334280081, 0.0 ], [ 722843.249258319265209, 727694.751048284815624, 0.0 ], [ 722809.763762341928668, 727680.070805513300002, 0.0 ], [ 722764.95423040969763, 727565.608912623720244, 0.0 ], [ 722714.206383919925429, 727545.348577572731301, 0.0 ], [ 722730.619225544272922, 727498.957810395164415, 0.0 ], [ 722745.621717461152002, 727447.626961521920748, 0.0 ], [ 722924.331995007232763, 727435.526761417393573, 0.0 ], [ 722920.142184180556796, 727364.475586423533969, 0.0 ], [ 722786.389896430657245, 727328.594993055681698, 0.0 ], [ 722838.506854332285002, 727195.912798851728439, 0.0 ], [ 722829.516905904863961, 727193.802763957413845, 0.0 ], [ 722860.981725400895812, 727067.900681878207251, 0.0 ], [ 722773.441071631503291, 726947.90869753586594, 0.0 ], [ 722678.683716142899357, 726785.056004393612966, 0.0 ], [ 722743.831975434790365, 726660.293941167066805, 0.0 ], [ 722889.46089229977224, 726427.700094695086591, 0.0 ], [ 723014.454166077310219, 726265.037404694943689, 0.0 ], [ 723065.804091681959108, 726128.185141529305838, 0.0 ], [ 723172.446323944837786, 726052.093883185996674, 0.0 ], [ 723135.274124346324243, 725999.083006529719569, 0.0 ], [ 723216.802234626142308, 725940.882044043508358, 0.0 ], [ 723294.330230238731019, 725896.191304979845881, 0.0 ], [ 723297.42310240410734, 725858.460681017488241, 0.0 ], [ 723251.896024129469879, 725786.779495604918338, 0.0 ], [ 723284.103132945136167, 725741.088740003644489, 0.0 ], [ 723221.882792636519298, 725706.948175411205739, 0.0 ], [ 723142.317625224241056, 725554.025646486901678, 0.0 ], [ 722959.937139375251718, 725558.425719252205454, 0.0 ], [ 722930.435262746992521, 725491.074605447240174, 0.0 ], [ 722985.933760882820934, 725449.093911200296134, 0.0 ], [ 722941.107733632321469, 725370.832616970525123, 0.0 ], [ 722881.328700419631787, 725382.792814759770408, 0.0 ], [ 722849.055610331124626, 725389.962933334172703, 0.0 ], [ 722823.941488348064013, 725416.263368272106163, 0.0 ], [ 722789.276577118318528, 725421.053447487065569, 0.0 ], [ 722774.892659634468146, 725431.403618650860153, 0.0 ], [ 722846.878228326677345, 725557.455703210784122, 0.0 ], [ 722680.407476896420121, 725743.728783662780188, 0.0 ], [ 722784.666135677136481, 725806.379819741123356, 0.0 ], [ 722773.383338017738424, 725842.920424023759551, 0.0 ], [ 722714.288860510918312, 725864.41077941597905, 0.0 ], [ 722560.115368810365908, 726356.21891258994583, 0.0 ], [ 722409.9832300725393, 726874.257479544263333, 0.0 ], [ 722457.827900556381792, 726917.548195455456153, 0.0 ], [ 722417.35663731477689, 726953.298786673345603, 0.0 ], [ 722391.104338374920189, 726934.778480397653766, 0.0 ], [ 722305.007024949416518, 727078.560858168639243, 0.0 ], [ 722142.833303914405406, 726863.41730027704034, 0.0 ], [ 722026.038203289965168, 726804.856331837363541, 0.0 ], [ 721778.699154308531433, 726941.488591364701279, 0.0 ], [ 721817.16623638686724, 726977.12918076349888, 0.0 ], [ 721778.006350943469442, 727009.229711619322188, 0.0 ], [ 721729.081237116479315, 727033.830118443351239, 0.0 ], [ 721720.511919303564355, 727025.169975228025578, 0.0 ], [ 721679.875702879857272, 727060.450558673357591, 0.0 ], [ 721663.322651050635614, 727068.730695604346693, 0.0 ], [ 721593.811380090774037, 727020.719901635893621, 0.0 ], [ 721588.846289307926781, 726971.069080545799807, 0.0 ], [ 721650.538779433700256, 726929.198388118064031, 0.0 ], [ 721649.029457816970535, 726925.698330236598849, 0.0 ], [ 721699.810294943163171, 726868.947391729801893, 0.0 ], [ 721657.969920289702713, 726846.207015665597282, 0.0 ], [ 721619.692534370813519, 726801.426275113481097, 0.0 ], [ 721454.797085830126889, 726983.569287265418097, 0.0 ], [ 721377.137127671856433, 726880.16757728124503, 0.0 ], [ 721404.585337182390504, 726847.667039810447022, 0.0 ], [ 721383.281633707112633, 726826.35668739490211, 0.0 ], [ 721490.196038720430806, 726789.14607203216292, 0.0 ], [ 721461.213764615938999, 726749.985424421145581, 0.0 ], [ 721506.971777345519513, 726721.38495144690387, 0.0 ], [ 721475.03684128052555, 726690.32443779008463, 0.0 ], [ 721451.852671528700739, 726710.884777802391909, 0.0 ], [ 721430.425253166817129, 726672.39414127159398, 0.0 ], [ 721343.420697239460424, 726777.325876558199525, 0.0 ], [ 721309.893962966627441, 726742.945307996706106, 0.0 ], [ 721279.7487689278787, 726774.015821818844415, 0.0 ], [ 721305.720647458103485, 726804.606327702989802, 0.0 ], [ 721162.689743211958557, 726956.218834963045083, 0.0 ], [ 721100.098258243524469, 726882.497615813743323, 0.0 ], [ 721068.451990247238427, 726930.928416728042066, 0.0 ], [ 721033.407686698483303, 726883.61763433588203, 0.0 ], [ 720860.413036914076656, 726999.299547401256859, 0.0 ], [ 720732.590816062642261, 726767.535714655416086, 0.0 ], [ 720670.97255486890208, 726810.676428086007945, 0.0 ], [ 720613.758543638628908, 726769.295743761584163, 0.0 ], [ 720580.536972752655856, 726791.426109737833031, 0.0 ], [ 720485.235271763056517, 726712.954812035197392, 0.0 ], [ 720572.380037895170972, 726535.14187149098143, 0.0 ], [ 720457.935520116472617, 726446.230401136097498, 0.0 ], [ 720479.940274615888484, 726415.409891448449343, 0.0 ], [ 720490.332325091585517, 726406.009735995321535, 0.0 ], [ 720444.005223883548751, 726384.199375311029144, 0.0 ], [ 720334.921684524859302, 726431.150151749607176, 0.0 ] ] ] } },
{ "type": "Feature", "properties": { "RoutingKey": "A96", "Descriptor": "GLENAGEARY", "local_authority": "Dún Laoghaire-Rathdown", "CountyName": "Co. Dublin" }, "geometry": { "type": "Polygon", "coordinates": [ [ [ 722678.683716142899357, 726785.056004393612966, 0.0 ], [ 722773.441071631503291, 726947.90869753586594, 0.0 ], [ 722860.981725400895812, 727067.900681878207251, 0.0 ], [ 722829.516905904863961, 727193.802763957413845, 0.0 ], [ 722838.506854332285002, 727195.912798851728439, 0.0 ], [ 722786.389896430657245, 727328.594993055681698, 0.0 ], [ 722920.142184180556796, 727364.475586423533969, 0.0 ], [ 722924.331995007232763, 727435.526761417393573, 0.0 ], [ 722745.621717461152002, 727447.626961521920748, 0.0 ], [ 722730.619225544272922, 727498.957810395164415, 0.0 ], [ 722714.206383919925429, 727545.348577572731301, 0.0 ], [ 722764.95423040969763, 727565.608912623720244, 0.0 ], [ 722809.763762341928668, 727680.070805513300002, 0.0 ], [ 722843.249258319265209, 727694.751048284815624, 0.0 ], [ 722871.50573842227459, 727725.351554334280081, 0.0 ], [ 722756.269445369252935, 727814.463027996593155, 0.0 ], [ 722863.62922397442162, 727893.6443374408409, 0.0 ], [ 723076.69924936327152, 727733.951696557342075, 0.0 ], [ 723089.021252070204355, 727725.571557972463779, 0.0 ], [ 723113.475561324623413, 727765.502218317473307, 0.0 ], [ 723079.800369187723845, 727746.441903111408465, 0.0 ], [ 723044.747817980009131, 727804.282859644154087, 0.0 ], [ 723101.269025845220312, 727888.214247641968541, 0.0 ], [ 723147.719841939862818, 727843.673511058790609, 0.0 ], [ 723343.280087042949162, 727862.94382973772008, 0.0 ], [ 723451.844023877871223, 727917.41473053873051, 0.0 ], [ 723424.618501163320616, 727959.955434046802111, 0.0 ], [ 723469.007402481045574, 727987.925896602449939, 0.0 ], [ 723414.935749370837584, 728156.488684174255468, 0.0 ], [ 723429.633077900856733, 728152.908624969772063, 0.0 ], [ 723403.859143189154565, 728258.850376959308051, 0.0 ], [ 723512.282869819318876, 728243.210118311806582, 0.0 ], [ 723517.07475976087153, 728483.354089642409235, 0.0 ], [ 723495.630846080835909, 728621.076367195695639, 0.0 ], [ 723480.149989935569465, 728699.09765745641198, 0.0 ], [ 723479.655130389146507, 728739.298322266549803, 0.0 ], [ 723414.894511075341143, 728780.829009071574546, 0.0 ], [ 723421.352428156649694, 728849.660147352027707, 0.0 ], [ 723319.493838176364079, 728833.739884074078873, 0.0 ], [ 723283.674254671554081, 728828.149791629053652, 0.0 ], [ 723278.601944320253097, 728858.65029602474533, 0.0 ], [ 723267.962464071344584, 728945.721735950442962, 0.0 ], [ 723284.070142308715731, 728919.841307958355173, 0.0 ], [ 723365.928158952738158, 729039.733290646807291, 0.0 ], [ 723439.703469671308994, 729059.603619248257019, 0.0 ], [ 723453.90593865478877, 729095.354210466146469, 0.0 ], [ 723518.782025196123868, 729028.593106418382376, 0.0 ], [ 723631.354324357467704, 729138.264920093002729, 0.0 ], [ 723994.185343824210577, 729669.583706666133367, 0.0 ], [ 724292.536164386896417, 729830.886374175199308, 0.0 ], [ 724529.252228437573649, 729799.515855391859077, 0.0 ], [ 724593.641703091561794, 729749.135022229398601, 0.0 ], [ 724577.45979592227377, 729714.684452510322444, 0.0 ], [ 724512.814643835881725, 729764.455275584827177, 0.0 ], [ 724295.150672324118204, 729800.345869117998518, 0.0 ], [ 724130.098518260405399, 729706.684320209780708, 0.0 ], [ 724125.883964456385002, 729704.294280685018748, 0.0 ], [ 724021.889230767148547, 729647.973349289386533, 0.0 ], [ 723654.332302631577477, 729111.3244745710399, 0.0 ], [ 723549.933433645986952, 729014.582874727086164, 0.0 ], [ 723535.755707639851607, 728939.571634244406596, 0.0 ], [ 723559.475975233712234, 728897.260934540070593, 0.0 ], [ 723584.928251240053214, 728900.150982333696447, 0.0 ], [ 723635.964765798649751, 728911.101163420011289, 0.0 ], [ 723775.704854060779326, 728940.321646647644229, 0.0 ], [ 723712.148392976610921, 729059.943624870968051, 0.0 ], [ 723777.915226701647043, 729009.272786912624724, 0.0 ], [ 723864.862049015238881, 729050.113462306791916, 0.0 ], [ 723906.479736872715876, 729120.61462820507586, 0.0 ], [ 723966.118559880647808, 729055.893557893927209, 0.0 ], [ 723987.29854846931994, 729086.044056501472369, 0.0 ], [ 724023.85217363468837, 729059.823622886557132, 0.0 ], [ 724010.177554834168404, 729040.243299080990255, 0.0 ], [ 724099.928581244312227, 729012.952847770880908, 0.0 ], [ 724085.651883328915574, 728990.182471210602671, 0.0 ], [ 724297.690951329190284, 728938.301613241783343, 0.0 ], [ 724407.722971485345624, 729040.813308507436886, 0.0 ], [ 724450.346873754053377, 729044.153363742865622, 0.0 ], [ 724518.876673280028626, 729009.542791377753019, 0.0 ], [ 724480.871460111695342, 728876.490591054898687, 0.0 ], [ 724554.151911283843219, 728814.52956638741307, 0.0 ], [ 724556.436512856627814, 728778.578971861978061, 0.0 ], [ 724520.971578693483025, 728758.668642599135637, 0.0 ], [ 724588.676612308714539, 728716.387943390873261, 0.0 ], [ 724610.285479170968756, 728645.256767073995434, 0.0 ], [ 724638.682169478852302, 728664.717088895034976, 0.0 ], [ 724679.33488122082781, 728613.056234564399347, 0.0 ], [ 725004.952462793560699, 729154.535189159214497, 0.0 ], [ 725029.662449480267242, 729412.969462961889803, 0.0 ], [ 724891.489416448632255, 729624.612962971907109, 0.0 ], [ 724816.848101523821242, 729644.353289423394017, 0.0 ], [ 724829.953631846001372, 729668.993696909048595, 0.0 ], [ 724893.435863998136483, 729664.35362017469015, 0.0 ], [ 725062.273693592171185, 729425.439669185318053, 0.0 ], [ 725044.417511624051258, 729137.154901736299507, 0.0 ], [ 724706.642880526487716, 728560.485365184722468, 0.0 ], [ 724755.955634331447072, 728491.834229880943894, 0.0 ], [ 724783.964684661361389, 728434.693284924491309, 0.0 ], [ 724862.944268276798539, 728441.813402671949007, 0.0 ], [ 724837.335286747314967, 728423.533100365311839, 0.0 ], [ 724891.027547538629733, 728388.432519896770827, 0.0 ], [ 724866.490761693101376, 728350.961900234222412, 0.0 ], [ 724907.176464071497321, 728349.421874766470864, 0.0 ], [ 725052.475474572274834, 728199.469394958694465, 0.0 ], [ 725190.838203763356432, 728111.567941306857392, 0.0 ], [ 725308.136411593295634, 728043.63681791012641, 0.0 ], [ 725439.274191406089813, 728034.8666728757089, 0.0 ], [ 725513.76704846706707, 728009.476252986933105, 0.0 ], [ 725682.604878061101772, 728045.74685280432459, 0.0 ], [ 725681.978055968997069, 728124.658157783560455, 0.0 ], [ 725712.131497666821815, 728103.177802556660026, 0.0 ], [ 725725.905088376719505, 728158.568718572380021, 0.0 ], [ 725688.576183255179785, 728150.428583956556395, 0.0 ], [ 725677.887217051582411, 728186.249176332144998, 0.0 ], [ 725770.813592218211852, 728257.080347687820904, 0.0 ], [ 725749.930519357440062, 728201.989436633419245, 0.0 ], [ 725890.049999938579276, 728075.717348435195163, 0.0 ], [ 725986.168219179846346, 728032.186628554947674, 0.0 ], [ 725964.311922544497065, 727924.60484944388736, 0.0 ], [ 726096.167248699581251, 727804.962870889692567, 0.0 ], [ 726214.150012235506438, 727714.971382674295455, 0.0 ], [ 726195.724741788813844, 727812.983003520988859, 0.0 ], [ 726143.013952431385405, 727801.512813835055567, 0.0 ], [ 726190.792641642387025, 727834.733363213017583, 0.0 ], [ 726286.754155360744335, 727835.483375616138801, 0.0 ], [ 726354.929305545170791, 727786.422564283246174, 0.0 ], [ 726387.441577747813426, 727699.601128491922282, 0.0 ], [ 726498.298363814712502, 727669.670633522677235, 0.0 ], [ 726533.359162681619637, 727628.959960278472863, 0.0 ], [ 726524.979541028151289, 727582.929199054371566, 0.0 ], [ 726619.802877789596096, 727502.92787604930345, 0.0 ], [ 726665.395937337074429, 727445.786931092850864, 0.0 ], [ 726655.177087702555582, 727399.996173837804236, 0.0 ], [ 726680.975765391602181, 727426.406610594829544, 0.0 ], [ 726680.786069232039154, 727325.034934181952849, 0.0 ], [ 726802.340069161611609, 727125.651636922499165, 0.0 ], [ 726833.68117377103772, 727050.86040007811971, 0.0 ], [ 727018.989578603301197, 726869.807405952131376, 0.0 ], [ 727029.216675896779634, 726827.706709720660001, 0.0 ], [ 727051.345145282801241, 726851.657105795340613, 0.0 ], [ 727076.657211084384471, 726774.445828930009156, 0.0 ], [ 727151.331516645732336, 726685.084351133322343, 0.0 ], [ 727129.029846418416128, 726655.553862779051997, 0.0 ], [ 727182.680868914118037, 726651.863801755360328, 0.0 ], [ 727170.952697662985884, 726610.983125699800439, 0.0 ], [ 727302.205944703193381, 726351.908841313095763, 0.0 ], [ 727322.569415040197782, 726215.966593196615577, 0.0 ], [ 727313.463999385247007, 726144.675414233701304, 0.0 ], [ 727265.000754468375817, 726113.994906861218624, 0.0 ], [ 727087.403910901746713, 726165.205753749934956, 0.0 ], [ 726934.978922932059504, 726056.133949997834861, 0.0 ], [ 726863.719148241332732, 725962.242397285881452, 0.0 ], [ 726807.140206762356684, 725981.962723406613804, 0.0 ], [ 726649.271763781434856, 725859.120691932272166, 0.0 ], [ 726527.066198782413267, 725808.099848185782321, 0.0 ], [ 726500.071610522805713, 725735.598649212392047, 0.0 ], [ 726438.923465898144059, 725726.048491278663278, 0.0 ], [ 726444.812294501112774, 725694.107963068876415, 0.0 ], [ 726429.545877492753789, 725716.508333510253578, 0.0 ], [ 726366.995630819816142, 725692.197931482107379, 0.0 ], [ 726295.447188060265034, 725609.846569613669999, 0.0 ], [ 726215.832534693414345, 725373.852666913997382, 0.0 ], [ 725992.634383920347318, 724824.653584649204277, 0.0 ], [ 725959.874681944493204, 724211.223440176690929, 0.0 ], [ 726001.467626824742183, 723864.037698665284552, 0.0 ], [ 725964.963487613946199, 723608.693475963664241, 0.0 ], [ 725964.006759157404304, 723409.750185980694368, 0.0 ], [ 725856.061396755627356, 723398.700003240606748, 0.0 ], [ 725689.293729597469792, 723237.117331100977026, 0.0 ], [ 725664.055892727919854, 723244.197448186925612, 0.0 ], [ 725557.595108965411782, 723055.784332344541326, 0.0 ], [ 725491.94374246802181, 723096.815010880818591, 0.0 ], [ 725463.810977251618169, 723080.07473404193297, 0.0 ], [ 725474.194780068239197, 723105.855160380364396, 0.0 ], [ 725369.045374103821814, 723152.405930203967728, 0.0 ], [ 725299.558846121304668, 723098.335036017815582, 0.0 ], [ 725367.585538441780955, 723054.684314153157175, 0.0 ], [ 725367.882454169681296, 723010.913590303971432, 0.0 ], [ 725164.660133755416609, 723012.163610975956544, 0.0 ], [ 724960.761505294358358, 723050.624247010680847, 0.0 ], [ 724675.961588645703159, 723278.478015094646253, 0.0 ], [ 724705.249026137287728, 723318.398675274220295, 0.0 ], [ 724697.364264030242339, 723386.209796686423942, 0.0 ], [ 724697.364264030242339, 723457.940982925822027, 0.0 ], [ 724573.022555322269909, 723448.380824826774187, 0.0 ], [ 724530.926503236405551, 723467.211136229103431, 0.0 ], [ 724512.68268129019998, 723428.360493744723499, 0.0 ], [ 724431.179313987726346, 723418.870336803258397, 0.0 ], [ 724526.043889044667594, 723304.068438290851191, 0.0 ], [ 724404.737318888306618, 723399.050009028753266, 0.0 ], [ 724324.957712339353748, 723501.551704129087739, 0.0 ], [ 724223.066131722647697, 723622.123698063194752, 0.0 ], [ 724368.629067314788699, 723835.517227013944648, 0.0 ], [ 724294.251677481341176, 723881.877993695437908, 0.0 ], [ 724367.070259743370116, 724021.28029903175775, 0.0 ], [ 724288.4865637649782, 724041.380631436826661, 0.0 ], [ 724276.527458058786578, 724098.761580362217501, 0.0 ], [ 724315.200731614953838, 724155.832524161087349, 0.0 ], [ 724308.511880078585818, 724160.292597918538377, 0.0 ], [ 724171.21309891238343, 724340.645580468233675, 0.0 ], [ 724057.098487497889437, 724342.685614204849117, 0.0 ], [ 724064.224464967031963, 724431.037075298605487, 0.0 ], [ 723980.156075682025403, 724604.169938447070308, 0.0 ], [ 724182.504144230857491, 724748.982333251740783, 0.0 ], [ 723895.642312805168331, 725053.797374066663906, 0.0 ], [ 723925.663791957311332, 725125.108553360332735, 0.0 ], [ 723798.05601024266798, 725287.431237737764604, 0.0 ], [ 723679.825816933531314, 725355.932370560825802, 0.0 ], [ 723707.372998353326693, 725397.983065965468995, 0.0 ], [ 723662.373770261532627, 725411.943296829820611, 0.0 ], [ 723666.340894292341545, 725422.073464355315082, 0.0 ], [ 723613.019778160960414, 725473.654317362932488, 0.0 ], [ 723629.754278490552679, 725542.995464077568613, 0.0 ], [ 723630.958436720306054, 725603.966472372878343, 0.0 ], [ 723602.264830684522167, 725661.327420967514627, 0.0 ], [ 723512.876701275003143, 725596.836354459985159, 0.0 ], [ 723526.955455371877179, 725521.455107858404517, 0.0 ], [ 723391.39693027746398, 725734.21862639056053, 0.0 ], [ 723297.42310240410734, 725858.460681017488241, 0.0 ], [ 723294.330230238731019, 725896.191304979845881, 0.0 ], [ 723216.802234626142308, 725940.882044043508358, 0.0 ], [ 723135.274124346324243, 725999.083006529719569, 0.0 ], [ 723172.446323944837786, 726052.093883185996674, 0.0 ], [ 723065.804091681959108, 726128.185141529305838, 0.0 ], [ 723014.454166077310219, 726265.037404694943689, 0.0 ], [ 722889.46089229977224, 726427.700094695086591, 0.0 ], [ 722743.831975434790365, 726660.293941167066805, 0.0 ], [ 722678.683716142899357, 726785.056004393612966, 0.0 ] ] ] } },
{ "type": "Feature", "properties": { "RoutingKey": "D14", "Descriptor": "DUBLIN 14", "local_authority": "Dún Laoghaire-Rathdown", "CountyName": "Dublin 14" }, "geometry": { "type": "Polygon", "coordinates": [ [ [ 718913.256188808940351, 727984.245835744193755, 0.0 ], [ 718765.004516347660683, 727989.15591694356408, 0.0 ], [ 718765.72206268995069, 728028.276563893072307, 0.0 ], [ 718663.022211480652913, 728036.566700989496894, 0.0 ], [ 718661.521137523115613, 727993.065981605439447, 0.0 ], [ 718656.523056103731506, 727993.265984912985004, 0.0 ], [ 718653.735347325331531, 727874.754025046247989, 0.0 ], [ 718812.387317921500653, 727872.283984198467806, 0.0 ], [ 718811.562552010756917, 727844.333521973574534, 0.0 ], [ 718707.163683025166392, 727845.153535534394905, 0.0 ], [ 718705.415179294301197, 727793.20267640799284, 0.0 ], [ 718643.871147032594308, 727633.910042139352299, 0.0 ], [ 718590.442811332759447, 727661.03049063810613, 0.0 ], [ 718577.287795055890456, 727620.749824505066499, 0.0 ], [ 718617.561114478856325, 727596.909430249477737, 0.0 ], [ 718535.3649438113207, 727478.547472863458097, 0.0 ], [ 718713.745314993197098, 727383.195896006771363, 0.0 ], [ 718717.027883318020031, 727333.865080208634026, 0.0 ], [ 718711.881344034802169, 727289.614348421455361, 0.0 ], [ 718216.832101412117481, 727355.665440727607347, 0.0 ], [ 718192.386039816890843, 727360.205515808076598, 0.0 ], [ 718017.139779096003622, 727401.206193848280236, 0.0 ], [ 717740.83495132823009, 727516.468099967925809, 0.0 ], [ 717726.508767458144575, 727664.010539920069277, 0.0 ], [ 717732.191404583398253, 727736.271734924404882, 0.0 ], [ 717660.873896278906614, 727754.502036404213868, 0.0 ], [ 717516.20995552954264, 727791.49264812876936, 0.0 ], [ 717522.709110906464048, 727702.171170993475243, 0.0 ], [ 717489.800951066659763, 727740.801809839555062, 0.0 ], [ 717339.479116169270128, 727921.864804130978882, 0.0 ], [ 717274.429828786756843, 727882.534153708606027, 0.0 ], [ 717235.830784162622876, 727910.964623871492222, 0.0 ], [ 717245.991900183260441, 727945.515195244341157, 0.0 ], [ 717224.020136320381425, 727964.435508135007694, 0.0 ], [ 717157.939891549292952, 727919.674767913646065, 0.0 ], [ 717120.949140451150015, 727968.805580404237844, 0.0 ], [ 717011.164550068322569, 727947.095221373718232, 0.0 ], [ 716952.903086131322198, 727923.304827945074067, 0.0 ], [ 716902.122249005129561, 727902.5544847905403, 0.0 ], [ 716907.136825742665678, 727852.233652620343491, 0.0 ], [ 716858.450894029694609, 727838.853431347757578, 0.0 ], [ 716799.529617364169098, 727814.473028161912225, 0.0 ], [ 716567.927101960289292, 727761.652154647861607, 0.0 ], [ 716441.960604408057407, 727753.522020197473466, 0.0 ], [ 716399.163501298171468, 727749.051946274470538, 0.0 ], [ 716397.3490162944654, 727792.912671612109989, 0.0 ], [ 716383.253766879322939, 727791.452647467260249, 0.0 ], [ 716389.142595482291654, 727745.401885912404396, 0.0 ], [ 716161.597928359406069, 727723.051516297855414, 0.0 ], [ 716039.689279088168405, 727716.961415584082715, 0.0 ], [ 715860.904772610170767, 727680.390810805372894, 0.0 ], [ 715852.02204375108704, 727732.191667451173998, 0.0 ], [ 715799.154548870632425, 727726.161567729664966, 0.0 ], [ 715804.36706942669116, 727653.200361149036326, 0.0 ], [ 715796.086419682600535, 727662.190509821753949, 0.0 ], [ 715715.201626813155599, 727645.470233313622884, 0.0 ], [ 715709.024130141478963, 727715.881397723453119, 0.0 ], [ 715654.894743417506106, 727722.091500421753153, 0.0 ], [ 715628.700178091414273, 727725.101550199789926, 0.0 ], [ 715609.013015801203437, 727728.631608577445149, 0.0 ], [ 715608.311964777065441, 727482.777542817289941, 0.0 ], [ 715637.434449086431414, 727402.776219812221825, 0.0 ], [ 715576.896631235838868, 727437.496793996426277, 0.0 ], [ 715564.244722164585255, 727439.476826740778051, 0.0 ], [ 715522.48682410211768, 727465.027249275590293, 0.0 ], [ 715289.374987081508152, 727685.670898123644292, 0.0 ], [ 715206.304564548539929, 727664.060540746897459, 0.0 ], [ 715172.571638797991909, 727657.130426141666248, 0.0 ], [ 715162.723933823406696, 727726.591574840829708, 0.0 ], [ 714975.526815055520274, 727659.940472612157464, 0.0 ], [ 714914.988997204811312, 727640.210146325989626, 0.0 ], [ 714833.502125220489688, 727623.239865683601238, 0.0 ], [ 714710.051163696218282, 727648.910290202824399, 0.0 ], [ 714525.113903523772024, 727630.059978469740599, 0.0 ], [ 714517.468323530978523, 727649.570301117608324, 0.0 ], [ 714435.519582636654377, 727675.310726794530638, 0.0 ], [ 714368.713543864083476, 727681.450828335131519, 0.0 ], [ 714320.877121039316989, 727584.239220718620345, 0.0 ], [ 714361.513337463024072, 727560.188822990166955, 0.0 ], [ 714286.657583401422016, 727535.118408393464051, 0.0 ], [ 714153.97749133547768, 727540.888503815163858, 0.0 ], [ 714040.712388809188269, 727551.998687547515146, 0.0 ], [ 714010.501213497598656, 727652.720353210926987, 0.0 ], [ 713978.442562545882538, 727639.90014119935222, 0.0 ], [ 713959.209021506714635, 727554.738732860423625, 0.0 ], [ 713921.673924907459877, 727551.078672332921997, 0.0 ], [ 713891.446254277601838, 727599.609474900993519, 0.0 ], [ 713845.927423662156798, 727553.398710700101219, 0.0 ], [ 713793.521797691704705, 727578.859131746459752, 0.0 ], [ 713795.674436718807556, 727581.359173090429977, 0.0 ], [ 713746.757570550893433, 727616.219749589916319, 0.0 ], [ 713765.537490339251235, 727643.990208838018589, 0.0 ], [ 713719.738239314057864, 727683.350859756581485, 0.0 ], [ 713652.486826949636452, 727722.691510344273411, 0.0 ], [ 713634.300738617195748, 727735.091715410118923, 0.0 ], [ 713621.005512135569006, 727744.161865405854769, 0.0 ], [ 713606.695823583635502, 727763.482184911496006, 0.0 ], [ 713587.3798059533583, 727786.372563456417993, 0.0 ], [ 713487.203738430980593, 727831.453308969736099, 0.0 ], [ 713459.310155328712426, 727833.603344525559805, 0.0 ], [ 713436.472387259360403, 727842.433490552240983, 0.0 ], [ 713441.379744428442791, 727861.763810223317705, 0.0 ], [ 713212.952577781048603, 727934.585014488780871, 0.0 ], [ 713089.889256234746426, 727966.805547329015099, 0.0 ], [ 713080.627135056769475, 727957.555394356604666, 0.0 ], [ 713056.832638530991971, 727963.825498047168367, 0.0 ], [ 713052.77479024999775, 727933.384994643623941, 0.0 ], [ 713003.429045808501542, 727949.965268836473115, 0.0 ], [ 713021.507914572721347, 727999.846093730186112, 0.0 ], [ 712986.719288456370123, 728021.066444657277316, 0.0 ], [ 712896.56412674987223, 728081.167438564938493, 0.0 ], [ 712864.233303047600202, 728132.528287934139371, 0.0 ], [ 712868.32414196501486, 728133.728307779296301, 0.0 ], [ 712819.539238342782483, 728271.830591616802849, 0.0 ], [ 712828.339490610756911, 728275.490652144304477, 0.0 ], [ 712799.2664922560798, 728318.711366897798143, 0.0 ], [ 712793.542616835329682, 728357.352005909313448, 0.0 ], [ 712760.617961677256972, 728395.992644920828752, 0.0 ], [ 712736.295614968636073, 728440.343378361780196, 0.0 ], [ 712776.362742913886905, 728458.953686125809327, 0.0 ], [ 712793.542616835329682, 728486.134135616826825, 0.0 ], [ 712847.919433332514018, 728517.62465638469439, 0.0 ], [ 712870.938649902120233, 728563.655417608795688, 0.0 ], [ 712933.257962120114826, 728519.324684498598799, 0.0 ], [ 712961.308250745409168, 728539.555019053514116, 0.0 ], [ 712953.654423093423247, 728608.776163783622906, 0.0 ], [ 712970.223970240913332, 728699.717667709686793, 0.0 ], [ 713029.376181361498311, 728758.948647229583003, 0.0 ], [ 713087.085052138194442, 728764.238734713406302, 0.0 ], [ 713137.676193104940467, 728705.907770077232271, 0.0 ], [ 713198.915061979787424, 728694.257577414624393, 0.0 ], [ 713444.55509318492841, 728785.879092586226761, 0.0 ], [ 713520.796453976770863, 728921.961343017988838, 0.0 ], [ 713551.667442016885616, 728980.742315095965751, 0.0 ], [ 713648.074329327093437, 728956.711917698266916, 0.0 ], [ 713857.309193230816163, 728981.742331633577123, 0.0 ], [ 713987.754169678548351, 729074.51386582327541, 0.0 ], [ 714079.624844479374588, 729157.765242575551383, 0.0 ], [ 714205.162463758024387, 729270.537107516662218, 0.0 ], [ 714213.962716025998816, 729351.218441767268814, 0.0 ], [ 714178.283342725946568, 729517.681194610195234, 0.0 ], [ 714206.020220305188559, 729601.562581781065091, 0.0 ], [ 714415.741696096258238, 729691.784073800081387, 0.0 ], [ 714578.533991564530879, 729669.633707493077964, 0.0 ], [ 714591.796227409737185, 729670.603723534499295, 0.0 ], [ 714801.393988314201124, 729685.943977220682427, 0.0 ], [ 714995.040776504320092, 729686.213981685810722, 0.0 ], [ 715196.564079142408445, 729632.813098579994403, 0.0 ], [ 715343.826032510725781, 729565.771989901666529, 0.0 ], [ 715390.450049446662888, 729561.441918293945491, 0.0 ], [ 715462.039730501710437, 729627.263006796478294, 0.0 ], [ 715515.822715543094091, 729797.135816032416187, 0.0 ], [ 715569.383013788610697, 729883.55724520876538, 0.0 ], [ 715736.90121792559512, 729895.457442005746998, 0.0 ], [ 715903.81734294758644, 729828.096328035462648, 0.0 ], [ 715976.075084390351549, 729858.626832927227952, 0.0 ], [ 715983.300033768638968, 730014.53941129881423, 0.0 ], [ 716026.633234720677137, 730079.990493682445958, 0.0 ], [ 716091.278386806952767, 730095.980758118093945, 0.0 ], [ 716138.801398585666902, 730052.440038072527386, 0.0 ], [ 716323.639686848735437, 730039.619826060952619, 0.0 ], [ 716532.189995046588592, 730063.5802223009523, 0.0 ], [ 716688.078999841585755, 730104.050891576218419, 0.0 ], [ 716772.271104013198055, 730343.044843888608739, 0.0 ], [ 716850.30220683128573, 730521.34779253625311, 0.0 ], [ 716891.886904052458704, 730567.868561863782816, 0.0 ], [ 716937.372744031483307, 730584.858842837042175, 0.0 ], [ 717011.230531341163442, 730578.288734185160138, 0.0 ], [ 717129.221542536164634, 730678.030383641831577, 0.0 ], [ 717232.713169019902125, 730709.260900110006332, 0.0 ], [ 717302.32341188902501, 730697.25070149381645, 0.0 ], [ 717362.663285921094939, 730671.500275651575066, 0.0 ], [ 717364.081883287639357, 730653.879984259605408, 0.0 ], [ 717525.364857139065862, 730609.009242219151929, 0.0 ], [ 717590.381153885275126, 730546.018200517981313, 0.0 ], [ 717594.447249825345352, 730476.937058103037998, 0.0 ], [ 717557.868881682632491, 730450.536621511448175, 0.0 ], [ 717576.153941924450919, 730393.645680689369328, 0.0 ], [ 717635.07521858997643, 730314.414370418176986, 0.0 ], [ 717667.579243133543059, 730210.792656795820221, 0.0 ], [ 717983.208909526816569, 730209.04262785508763, 0.0 ], [ 717938.193186116870493, 730079.340482932981104, 0.0 ], [ 717611.280722064198926, 730078.460468380013481, 0.0 ], [ 717585.317091193166561, 729885.867283410509117, 0.0 ], [ 717681.262109593255445, 729766.655311967479065, 0.0 ], [ 717704.965881868847646, 729788.085666367551312, 0.0 ], [ 717846.339006634196267, 729718.104509068769403, 0.0 ], [ 717855.370193357230164, 729743.504929122864269, 0.0 ], [ 717977.270594969275407, 729702.87425720167812, 0.0 ], [ 718241.68229830369819, 729734.474779788637534, 0.0 ], [ 718347.211096587008797, 729715.284462432842702, 0.0 ], [ 718307.869762643123977, 729661.543573704198934, 0.0 ], [ 718515.03446411085315, 729591.472414917079732, 0.0 ], [ 718519.537685983697884, 729548.801709259161726, 0.0 ], [ 718518.218060526414774, 729509.291055859997869, 0.0 ], [ 718558.565608881413937, 729500.800915456144139, 0.0 ], [ 718545.822975559975021, 729421.539604688761756, 0.0 ], [ 718481.070603905245662, 729423.309633960248902, 0.0 ], [ 718460.327741249348037, 729248.316740051959641, 0.0 ], [ 718524.882169085438363, 729194.575851323315874, 0.0 ], [ 718574.912469232920557, 729173.08549593097996, 0.0 ], [ 718580.735316562931985, 729171.925476747448556, 0.0 ], [ 718701.241863785893656, 729147.905079515185207, 0.0 ], [ 718767.165403033839539, 729123.724679636885412, 0.0 ], [ 718703.89761001849547, 728925.541402222472243, 0.0 ], [ 718717.316551386844367, 728872.790529865887947, 0.0 ], [ 718729.382876661373302, 728874.630560295074247, 0.0 ], [ 718706.759547728928737, 728849.580146029009484, 0.0 ], [ 718729.110703910817392, 728719.55799581494648, 0.0 ], [ 718721.531105190864764, 728689.24749456148129, 0.0 ], [ 718831.200228346162476, 728575.81561870558653, 0.0 ], [ 718867.06105014658533, 728345.551810766104609, 0.0 ], [ 718808.411946231499314, 728260.810409372905269, 0.0 ], [ 718874.607658230117522, 728149.258564607589506, 0.0 ], [ 718913.256188808940351, 727984.245835744193755, 0.0 ] ] ] } },
{ "type": "Feature", "properties": { "RoutingKey": "D18", "Descriptor": "DUBLIN 18", "local_authority": "Dún Laoghaire-Rathdown", "CountyName": "Dublin 18" }, "geometry": { "type": "Polygon", "coordinates": [ [ [ 722930.435262746992521, 725491.074605447240174, 0.0 ], [ 722959.937139375251718, 725558.425719252205454, 0.0 ], [ 723142.317625224241056, 725554.025646486901678, 0.0 ], [ 723221.882792636519298, 725706.948175411205739, 0.0 ], [ 723284.103132945136167, 725741.088740003644489, 0.0 ], [ 723251.896024129469879, 725786.779495604918338, 0.0 ], [ 723297.42310240410734, 725858.460681017488241, 0.0 ], [ 723391.39693027746398, 725734.21862639056053, 0.0 ], [ 723526.955455371877179, 725521.455107858404517, 0.0 ], [ 723512.876701275003143, 725596.836354459985159, 0.0 ], [ 723602.264830684522167, 725661.327420967514627, 0.0 ], [ 723630.958436720306054, 725603.966472372878343, 0.0 ], [ 723629.754278490552679, 725542.995464077568613, 0.0 ], [ 723613.019778160960414, 725473.654317362932488, 0.0 ], [ 723666.340894292341545, 725422.073464355315082, 0.0 ], [ 723662.373770261532627, 725411.943296829820611, 0.0 ], [ 723707.372998353326693, 725397.983065965468995, 0.0 ], [ 723679.825816933531314, 725355.932370560825802, 0.0 ], [ 723798.05601024266798, 725287.431237737764604, 0.0 ], [ 723925.663791957311332, 725125.108553360332735, 0.0 ], [ 723895.642312805168331, 725053.797374066663906, 0.0 ], [ 724182.504144230857491, 724748.982333251740783, 0.0 ], [ 723980.156075682025403, 724604.169938447070308, 0.0 ], [ 724064.224464967031963, 724431.037075298605487, 0.0 ], [ 724057.098487497889437, 724342.685614204849117, 0.0 ], [ 724171.21309891238343, 724340.645580468233675, 0.0 ], [ 724308.511880078585818, 724160.292597918538377, 0.0 ], [ 724315.200731614953838, 724155.832524161087349, 0.0 ], [ 724276.527458058786578, 724098.761580362217501, 0.0 ], [ 724288.4865637649782, 724041.380631436826661, 0.0 ], [ 724367.070259743370116, 724021.28029903175775, 0.0 ], [ 724294.251677481341176, 723881.877993695437908, 0.0 ], [ 724368.629067314788699, 723835.517227013944648, 0.0 ], [ 724223.066131722647697, 723622.123698063194752, 0.0 ], [ 724324.957712339353748, 723501.551704129087739, 0.0 ], [ 724404.737318888306618, 723399.050009028753266, 0.0 ], [ 724526.043889044667594, 723304.068438290851191, 0.0 ], [ 724431.179313987726346, 723418.870336803258397, 0.0 ], [ 724512.68268129019998, 723428.360493744723499, 0.0 ], [ 724530.926503236405551, 723467.211136229103431, 0.0 ], [ 724573.022555322269909, 723448.380824826774187, 0.0 ], [ 724697.364264030242339, 723457.940982925822027, 0.0 ], [ 724697.364264030242339, 723386.209796686423942, 0.0 ], [ 724705.249026137287728, 723318.398675274220295, 0.0 ], [ 724675.961588645703159, 723278.478015094646253, 0.0 ], [ 724960.761505294358358, 723050.624247010680847, 0.0 ], [ 725164.660133755416609, 723012.163610975956544, 0.0 ], [ 725367.882454169681296, 723010.913590303971432, 0.0 ], [ 725367.585538441780955, 723054.684314153157175, 0.0 ], [ 725299.558846121304668, 723098.335036017815582, 0.0 ], [ 725369.045374103821814, 723152.405930203967728, 0.0 ], [ 725474.194780068239197, 723105.855160380364396, 0.0 ], [ 725463.810977251618169, 723080.07473404193297, 0.0 ], [ 725491.94374246802181, 723096.815010880818591, 0.0 ], [ 725557.595108965411782, 723055.784332344541326, 0.0 ], [ 725664.055892727919854, 723244.197448186925612, 0.0 ], [ 725689.293729597469792, 723237.117331100977026, 0.0 ], [ 725856.061396755627356, 723398.700003240606748, 0.0 ], [ 725964.006759157404304, 723409.750185980694368, 0.0 ], [ 726027.620953855337575, 722841.740792644326575, 0.0 ], [ 726063.844672656385228, 722655.317709711613134, 0.0 ], [ 726102.798366622184403, 722479.984810180496424, 0.0 ], [ 726161.719643287709914, 722170.759696434950456, 0.0 ], [ 726293.467749874456786, 721853.604451546561904, 0.0 ], [ 726351.654984879423864, 721332.375831837416627, 0.0 ], [ 726192.640117282513529, 721229.10412400320638, 0.0 ], [ 726216.121202762238681, 721185.113396515836939, 0.0 ], [ 726173.142651151865721, 721151.872846807120368, 0.0 ], [ 726295.884313993039541, 720931.979210362187587, 0.0 ], [ 726115.532752284547314, 720824.627435054746456, 0.0 ], [ 725767.456794961355627, 720699.225361244170927, 0.0 ], [ 725675.05826997756958, 720771.456555752432905, 0.0 ], [ 725545.941166646196507, 720710.685550764668733, 0.0 ], [ 725524.61272019369062, 720732.52591194503475, 0.0 ], [ 725419.702496343525127, 720700.485382081475109, 0.0 ], [ 725235.317829331266694, 720936.019277174025774, 0.0 ], [ 724961.742976728244685, 720774.806611153297126, 0.0 ], [ 724947.928147722734138, 720861.698048102203757, 0.0 ], [ 724950.592141614528373, 720666.364817819790915, 0.0 ], [ 724636.760464906692505, 720556.132994884159416, 0.0 ], [ 724517.045692958170548, 720597.81368416978512, 0.0 ], [ 724533.895660515292548, 720477.46169387397822, 0.0 ], [ 724470.273218158283271, 720486.551844200468622, 0.0 ], [ 724461.670909708947875, 720600.163723033154383, 0.0 ], [ 724402.675404111389071, 720625.374139945139177, 0.0 ], [ 724215.791696389555, 720566.243162078899331, 0.0 ], [ 724199.147920310264453, 720547.072845053859055, 0.0 ], [ 724244.543036039103754, 720485.551827662857249, 0.0 ], [ 724189.069280880619772, 720456.301343939150684, 0.0 ], [ 724188.046571151237004, 720410.280582880484872, 0.0 ], [ 724252.246349645662121, 720164.016510339919478, 0.0 ], [ 724141.257601033081301, 720116.335721828858368, 0.0 ], [ 724136.045080477022566, 720067.734918103320524, 0.0 ], [ 723959.124544957303442, 720030.494302244391292, 0.0 ], [ 723927.090636982931755, 720020.064129757578485, 0.0 ], [ 723924.855521364719607, 719953.023021079367027, 0.0 ], [ 723663.866596560110338, 719604.307254265411757, 0.0 ], [ 723660.386084416648373, 719553.176408699713647, 0.0 ], [ 723408.222154857241549, 719669.378330364706926, 0.0 ], [ 723374.522219742997549, 719728.649310546112247, 0.0 ], [ 723261.224126580287702, 719803.020540444762446, 0.0 ], [ 723293.761141760274768, 719825.100905594183132, 0.0 ], [ 723218.220831992686726, 719918.05244276067242, 0.0 ], [ 723054.381083817803301, 719772.800040679518133, 0.0 ], [ 723009.051949361804873, 719638.00781158125028, 0.0 ], [ 722961.124802286736667, 719652.638053525821306, 0.0 ], [ 722962.53515199420508, 719707.598962430376559, 0.0 ], [ 722865.295251114177518, 719740.019498578156345, 0.0 ], [ 722646.855999646242708, 720125.105866863275878, 0.0 ], [ 722804.691451990627684, 720287.168546940898523, 0.0 ], [ 722741.27520111144986, 720368.909898721380159, 0.0 ], [ 722646.154948622104712, 720381.590108417789452, 0.0 ], [ 722557.36065066838637, 720312.538966498919763, 0.0 ], [ 722530.588749204645865, 720328.049222996574827, 0.0 ], [ 722505.218949789297767, 720251.947964487946592, 0.0 ], [ 722423.476400372688659, 720288.588570424239151, 0.0 ], [ 722257.187097442918457, 720254.758010958554223, 0.0 ], [ 722176.854897733661346, 720113.485674696858041, 0.0 ], [ 721908.674014187068678, 720136.956062833429314, 0.0 ], [ 721918.010364296962507, 719890.091980370460078, 0.0 ], [ 722034.104413897264749, 719641.897875912371092, 0.0 ], [ 721910.917377464356832, 719564.786600700812414, 0.0 ], [ 721637.631192930042744, 719992.193668855703436, 0.0 ], [ 721560.581561545724981, 720191.686967934365384, 0.0 ], [ 721382.654811614891514, 720482.391775404219516, 0.0 ], [ 720893.725332050118595, 720153.706339837634005, 0.0 ], [ 720728.26079503109213, 720113.575676185195334, 0.0 ], [ 720553.649604061502032, 719978.663445102516562, 0.0 ], [ 720377.397128929616883, 719959.943135519279167, 0.0 ], [ 720048.266044576885179, 720033.194346895790659, 0.0 ], [ 719999.918266887427308, 719981.573493226780556, 0.0 ], [ 719910.71158597827889, 720000.163800660055131, 0.0 ], [ 719723.011360004893504, 719907.922275235177949, 0.0 ], [ 719630.794283521478064, 719783.650220112060197, 0.0 ], [ 719653.236163953552023, 719585.706946666701697, 0.0 ], [ 719624.072441348689608, 719474.715111162513494, 0.0 ], [ 719673.426433449261822, 719353.03309887170326, 0.0 ], [ 719495.771856268984266, 719258.191530449083075, 0.0 ], [ 719264.086864273995161, 719387.17366346414201, 0.0 ], [ 719147.126810467452742, 719373.64343971083872, 0.0 ], [ 719070.192646310548298, 719409.09402596752625, 0.0 ], [ 719045.441421328345314, 719462.794914034660906, 0.0 ], [ 718945.90042355726473, 719478.465173178352416, 0.0 ], [ 718894.121619679033756, 719466.594976877444424, 0.0 ], [ 718816.263717702124268, 719385.533636342501268, 0.0 ], [ 718702.322307128924876, 719373.89344384521246, 0.0 ], [ 718561.493527864688076, 719263.451617436716333, 0.0 ], [ 718417.736829617060721, 719019.897589712985791, 0.0 ], [ 718424.466919448925182, 718671.901834806078114, 0.0 ], [ 718264.71801019157283, 718552.759864520747215, 0.0 ], [ 718209.128787805559114, 718557.529943404835649, 0.0 ], [ 717612.394156043766998, 718307.105802068137564, 0.0 ], [ 716282.318914719042368, 718601.980678499559872, 0.0 ], [ 715636.78288401698228, 719080.778596519841813, 0.0 ], [ 715729.470077069476247, 719389.593703484977596, 0.0 ], [ 715577.168803986278363, 719618.677491910173558, 0.0 ], [ 715560.079654315137304, 719891.382001703837886, 0.0 ], [ 715714.525318766362034, 720217.657397414906882, 0.0 ], [ 715676.792278348468244, 720562.953107670298778, 0.0 ], [ 715708.52927059493959, 720601.363742878194898, 0.0 ], [ 715680.553210901562124, 720669.904876362765208, 0.0 ], [ 715730.847436140524223, 720887.628476921236143, 0.0 ], [ 715834.157614123774692, 720984.030071142478846, 0.0 ], [ 716013.874106080969796, 721035.600923984544352, 0.0 ], [ 715906.316383657278493, 721063.811390509246849, 0.0 ], [ 715928.502586656948552, 721200.433649871265516, 0.0 ], [ 715830.990513026365079, 721505.96870259323623, 0.0 ], [ 715667.497166534070857, 721730.982423710520379, 0.0 ], [ 715628.947607864625752, 721897.655180026311427, 0.0 ], [ 715641.970661595696583, 721966.406316983746365, 0.0 ], [ 716550.763723357114941, 722237.470799655886367, 0.0 ], [ 716566.162102911272086, 722449.654308596276678, 0.0 ], [ 716258.194511828944087, 723112.705273662693799, 0.0 ], [ 716231.389619728899561, 723303.878435148741119, 0.0 ], [ 716303.688599467161112, 723509.501835602684878, 0.0 ], [ 716288.479916072566994, 723641.674021372455172, 0.0 ], [ 716388.754955504206009, 723827.237090082839131, 0.0 ], [ 716426.298299762536772, 724055.660867593251169, 0.0 ], [ 716303.837057331111282, 724202.793300765100867, 0.0 ], [ 716004.884157653548755, 724410.996743885916658, 0.0 ], [ 715896.542907614610158, 724790.20301493012812, 0.0 ], [ 715986.830031866789795, 724988.836299786460586, 0.0 ], [ 716311.862029642914422, 725106.208240800420754, 0.0 ], [ 716532.610625661094673, 725069.417632383410819, 0.0 ], [ 716565.99714972905349, 725089.957972064963542, 0.0 ], [ 716591.41643509909045, 725251.760647842776962, 0.0 ], [ 716506.407812675810419, 725499.184739566873759, 0.0 ], [ 716312.843501076800749, 725470.974273042171262, 0.0 ], [ 716144.154129346599802, 725495.194673581980169, 0.0 ], [ 716193.301929969456978, 725642.617111549712718, 0.0 ], [ 716205.054844197933562, 725637.857032830943353, 0.0 ], [ 716451.041277085663751, 725613.886636425508186, 0.0 ], [ 716764.015197246335447, 725625.666831237962469, 0.0 ], [ 716785.582825813093223, 725642.307106423075311, 0.0 ], [ 716900.530450797290541, 725758.359025607351214, 0.0 ], [ 717164.546266494551674, 725948.452169232885353, 0.0 ], [ 717199.062719860346988, 725960.60237016424071, 0.0 ], [ 717373.269775533583015, 726013.633247151272371, 0.0 ], [ 717493.05052875506226, 726024.033419142011553, 0.0 ], [ 717585.844941376009956, 726032.073552103945985, 0.0 ], [ 717704.413288708543405, 726038.633660590392537, 0.0 ], [ 718250.548531844513491, 726091.104528316413052, 0.0 ], [ 718425.61334406491369, 726093.514568171929568, 0.0 ], [ 718820.86591148423031, 726059.674008540809155, 0.0 ], [ 718748.204034745227545, 726299.887981028994545, 0.0 ], [ 718604.793738180189393, 726605.623037058394402, 0.0 ], [ 718747.684432221460156, 726695.614525273791514, 0.0 ], [ 718835.439525127527304, 726758.785569951753132, 0.0 ], [ 718838.631369202281348, 726756.955539688002318, 0.0 ], [ 718845.213001170195639, 726785.696014977642335, 0.0 ], [ 718952.910933798761107, 726890.567749271984212, 0.0 ], [ 718946.230329921585508, 726894.437813272350468, 0.0 ], [ 719091.958218695828691, 727094.631123927305453, 0.0 ], [ 719320.624567457358353, 726977.009178778971545, 0.0 ], [ 719618.068145518191159, 726823.926647208631039, 0.0 ], [ 719665.071554773137905, 726799.086236415547319, 0.0 ], [ 719985.839512790553272, 726643.233659036224708, 0.0 ], [ 719934.382367617450655, 726553.942182397120632, 0.0 ], [ 719833.414524820749648, 726592.022812147624791, 0.0 ], [ 719813.554161689360626, 726587.052729955874383, 0.0 ], [ 719815.203693510964513, 726515.881552977487445, 0.0 ], [ 719794.658774673589505, 726465.40071816125419, 0.0 ], [ 719800.5393556173658, 726461.930660775862634, 0.0 ], [ 719820.045069407206029, 726402.559678940684535, 0.0 ], [ 719863.304041427210905, 726397.469594764523208, 0.0 ], [ 719891.304844097816385, 726345.728739110985771, 0.0 ], [ 719866.702076979563572, 726308.398121763719246, 0.0 ], [ 719994.582031444762833, 726250.987172342138365, 0.0 ], [ 720162.586847468977794, 726276.117587931104936, 0.0 ], [ 720146.264730094815604, 726312.278185929404572, 0.0 ], [ 720273.71580628643278, 726375.179226142237894, 0.0 ], [ 720334.921684524859302, 726431.150151749607176, 0.0 ], [ 720444.005223883548751, 726384.199375311029144, 0.0 ], [ 720490.332325091585517, 726406.009735995321535, 0.0 ], [ 720479.940274615888484, 726415.409891448449343, 0.0 ], [ 720457.935520116472617, 726446.230401136097498, 0.0 ], [ 720572.380037895170972, 726535.14187149098143, 0.0 ], [ 720485.235271763056517, 726712.954812035197392, 0.0 ], [ 720580.536972752655856, 726791.426109737833031, 0.0 ], [ 720613.758543638628908, 726769.295743761584163, 0.0 ], [ 720670.97255486890208, 726810.676428086007945, 0.0 ], [ 720732.590816062642261, 726767.535714655416086, 0.0 ], [ 720860.413036914076656, 726999.299547401256859, 0.0 ], [ 721033.407686698483303, 726883.61763433588203, 0.0 ], [ 721068.451990247238427, 726930.928416728042066, 0.0 ], [ 721100.098258243524469, 726882.497615813743323, 0.0 ], [ 721162.689743211958557, 726956.218834963045083, 0.0 ], [ 721305.720647458103485, 726804.606327702989802, 0.0 ], [ 721279.7487689278787, 726774.015821818844415, 0.0 ], [ 721309.893962966627441, 726742.945307996706106, 0.0 ], [ 721343.420697239460424, 726777.325876558199525, 0.0 ], [ 721430.425253166817129, 726672.39414127159398, 0.0 ], [ 721451.852671528700739, 726710.884777802391909, 0.0 ], [ 721475.03684128052555, 726690.32443779008463, 0.0 ], [ 721506.971777345519513, 726721.38495144690387, 0.0 ], [ 721461.213764615938999, 726749.985424421145581, 0.0 ], [ 721490.196038720430806, 726789.14607203216292, 0.0 ], [ 721383.281633707112633, 726826.35668739490211, 0.0 ], [ 721404.585337182390504, 726847.667039810447022, 0.0 ], [ 721377.137127671856433, 726880.16757728124503, 0.0 ], [ 721454.797085830126889, 726983.569287265418097, 0.0 ], [ 721619.692534370813519, 726801.426275113481097, 0.0 ], [ 721657.969920289702713, 726846.207015665597282, 0.0 ], [ 721699.810294943163171, 726868.947391729801893, 0.0 ], [ 721649.029457816970535, 726925.698330236598849, 0.0 ], [ 721650.538779433700256, 726929.198388118064031, 0.0 ], [ 721588.846289307926781, 726971.069080545799807, 0.0 ], [ 721593.811380090774037, 727020.719901635893621, 0.0 ], [ 721663.322651050635614, 727068.730695604346693, 0.0 ], [ 721679.875702879857272, 727060.450558673357591, 0.0 ], [ 721720.511919303564355, 727025.169975228025578, 0.0 ], [ 721729.081237116479315, 727033.830118443351239, 0.0 ], [ 721778.006350943469442, 727009.229711619322188, 0.0 ], [ 721817.16623638686724, 726977.12918076349888, 0.0 ], [ 721778.699154308531433, 726941.488591364701279, 0.0 ], [ 722026.038203289965168, 726804.856331837363541, 0.0 ], [ 722142.833303914405406, 726863.41730027704034, 0.0 ], [ 722305.007024949416518, 727078.560858168639243, 0.0 ], [ 722391.104338374920189, 726934.778480397653766, 0.0 ], [ 722417.35663731477689, 726953.298786673345603, 0.0 ], [ 722457.827900556381792, 726917.548195455456153, 0.0 ], [ 722409.9832300725393, 726874.257479544263333, 0.0 ], [ 722560.115368810365908, 726356.21891258994583, 0.0 ], [ 722714.288860510918312, 725864.41077941597905, 0.0 ], [ 722773.383338017738424, 725842.920424023759551, 0.0 ], [ 722784.666135677136481, 725806.379819741123356, 0.0 ], [ 722680.407476896420121, 725743.728783662780188, 0.0 ], [ 722846.878228326677345, 725557.455703210784122, 0.0 ], [ 722774.892659634468146, 725431.403618650860153, 0.0 ], [ 722789.276577118318528, 725421.053447487065569, 0.0 ], [ 722823.941488348064013, 725416.263368272106163, 0.0 ], [ 722849.055610331124626, 725389.962933334172703, 0.0 ], [ 722881.328700419631787, 725382.792814759770408, 0.0 ], [ 722941.107733632321469, 725370.832616970525123, 0.0 ], [ 722985.933760882820934, 725449.093911200296134, 0.0 ], [ 722930.435262746992521, 725491.074605447240174, 0.0 ] ] ] } },
{ "type": "Feature", "properties": { "RoutingKey": "D16", "Descriptor": "DUBLIN 16", "local_authority": "Dún Laoghaire-Rathdown", "CountyName": "Dublin 16" }, "geometry": { "type": "Polygon", "coordinates": [ [ [ 713089.889256234746426, 727966.805547329015099, 0.0 ], [ 713212.952577781048603, 727934.585014488780871, 0.0 ], [ 713441.379744428442791, 727861.763810223317705, 0.0 ], [ 713436.472387259360403, 727842.433490552240983, 0.0 ], [ 713459.310155328712426, 727833.603344525559805, 0.0 ], [ 713487.203738430980593, 727831.453308969736099, 0.0 ], [ 713587.3798059533583, 727786.372563456417993, 0.0 ], [ 713606.695823583635502, 727763.482184911496006, 0.0 ], [ 713621.005512135569006, 727744.161865405854769, 0.0 ], [ 713634.300738617195748, 727735.091715410118923, 0.0 ], [ 713652.486826949636452, 727722.691510344273411, 0.0 ], [ 713719.738239314057864, 727683.350859756581485, 0.0 ], [ 713765.537490339251235, 727643.990208838018589, 0.0 ], [ 713746.757570550893433, 727616.219749589916319, 0.0 ], [ 713795.674436718807556, 727581.359173090429977, 0.0 ], [ 713793.521797691704705, 727578.859131746459752, 0.0 ], [ 713845.927423662156798, 727553.398710700101219, 0.0 ], [ 713891.446254277601838, 727599.609474900993519, 0.0 ], [ 713921.673924907459877, 727551.078672332921997, 0.0 ], [ 713959.209021506714635, 727554.738732860423625, 0.0 ], [ 713978.442562545882538, 727639.90014119935222, 0.0 ], [ 714010.501213497598656, 727652.720353210926987, 0.0 ], [ 714040.712388809188269, 727551.998687547515146, 0.0 ], [ 714153.97749133547768, 727540.888503815163858, 0.0 ], [ 714286.657583401422016, 727535.118408393464051, 0.0 ], [ 714361.513337463024072, 727560.188822990166955, 0.0 ], [ 714320.877121039316989, 727584.239220718620345, 0.0 ], [ 714368.713543864083476, 727681.450828335131519, 0.0 ], [ 714435.519582636654377, 727675.310726794530638, 0.0 ], [ 714517.468323530978523, 727649.570301117608324, 0.0 ], [ 714525.113903523772024, 727630.059978469740599, 0.0 ], [ 714710.051163696218282, 727648.910290202824399, 0.0 ], [ 714833.502125220489688, 727623.239865683601238, 0.0 ], [ 714914.988997204811312, 727640.210146325989626, 0.0 ], [ 714975.526815055520274, 727659.940472612157464, 0.0 ], [ 715162.723933823406696, 727726.591574840829708, 0.0 ], [ 715172.571638797991909, 727657.130426141666248, 0.0 ], [ 715206.304564548539929, 727664.060540746897459, 0.0 ], [ 715289.374987081508152, 727685.670898123644292, 0.0 ], [ 715522.48682410211768, 727465.027249275590293, 0.0 ], [ 715564.244722164585255, 727439.476826740778051, 0.0 ], [ 715576.896631235838868, 727437.496793996426277, 0.0 ], [ 715637.434449086431414, 727402.776219812221825, 0.0 ], [ 715608.311964777065441, 727482.777542817289941, 0.0 ], [ 715609.013015801203437, 727728.631608577445149, 0.0 ], [ 715628.700178091414273, 727725.101550199789926, 0.0 ], [ 715654.894743417506106, 727722.091500421753153, 0.0 ], [ 715709.024130141478963, 727715.881397723453119, 0.0 ], [ 715715.201626813155599, 727645.470233313622884, 0.0 ], [ 715796.086419682600535, 727662.190509821753949, 0.0 ], [ 715804.36706942669116, 727653.200361149036326, 0.0 ], [ 715799.154548870632425, 727726.161567729664966, 0.0 ], [ 715852.02204375108704, 727732.191667451173998, 0.0 ], [ 715860.904772610170767, 727680.390810805372894, 0.0 ], [ 716039.689279088168405, 727716.961415584082715, 0.0 ], [ 716161.597928359406069, 727723.051516297855414, 0.0 ], [ 716389.142595482291654, 727745.401885912404396, 0.0 ], [ 716383.253766879322939, 727791.452647467260249, 0.0 ], [ 716397.3490162944654, 727792.912671612109989, 0.0 ], [ 716399.163501298171468, 727749.051946274470538, 0.0 ], [ 716441.960604408057407, 727753.522020197473466, 0.0 ], [ 716567.927101960289292, 727761.652154647861607, 0.0 ], [ 716799.529617364169098, 727814.473028161912225, 0.0 ], [ 716858.450894029694609, 727838.853431347757578, 0.0 ], [ 716907.136825742665678, 727852.233652620343491, 0.0 ], [ 716902.122249005129561, 727902.5544847905403, 0.0 ], [ 716952.903086131322198, 727923.304827945074067, 0.0 ], [ 717011.164550068322569, 727947.095221373718232, 0.0 ], [ 717120.949140451150015, 727968.805580404237844, 0.0 ], [ 717157.939891549292952, 727919.674767913646065, 0.0 ], [ 717224.020136320381425, 727964.435508135007694, 0.0 ], [ 717245.991900183260441, 727945.515195244341157, 0.0 ], [ 717235.830784162622876, 727910.964623871492222, 0.0 ], [ 717274.429828786756843, 727882.534153708606027, 0.0 ], [ 717339.479116169270128, 727921.864804130978882, 0.0 ], [ 717489.800951066659763, 727740.801809839555062, 0.0 ], [ 717522.709110906464048, 727702.171170993475243, 0.0 ], [ 717516.20995552954264, 727791.49264812876936, 0.0 ], [ 717660.873896278906614, 727754.502036404213868, 0.0 ], [ 717732.191404583398253, 727736.271734924404882, 0.0 ], [ 717726.508767458144575, 727664.010539920069277, 0.0 ], [ 717740.83495132823009, 727516.468099967925809, 0.0 ], [ 718017.139779096003622, 727401.206193848280236, 0.0 ], [ 718192.386039816890843, 727360.205515808076598, 0.0 ], [ 718216.832101412117481, 727355.665440727607347, 0.0 ], [ 718711.881344034802169, 727289.614348421455361, 0.0 ], [ 718687.888903690385632, 727134.091776499524713, 0.0 ], [ 718613.775438948418014, 727077.210835842881352, 0.0 ], [ 718649.966167113161646, 726984.139296691748314, 0.0 ], [ 718631.004798824549653, 726863.487301434739493, 0.0 ], [ 718581.023984631756321, 726846.247016327106394, 0.0 ], [ 718555.16757332906127, 726794.546161335078068, 0.0 ], [ 718604.793738180189393, 726605.623037058394402, 0.0 ], [ 718748.204034745227545, 726299.887981028994545, 0.0 ], [ 718820.86591148423031, 726059.674008540809155, 0.0 ], [ 718425.61334406491369, 726093.514568171929568, 0.0 ], [ 718250.548531844513491, 726091.104528316413052, 0.0 ], [ 717704.413288708543405, 726038.633660590392537, 0.0 ], [ 717585.844941376009956, 726032.073552103945985, 0.0 ], [ 717493.05052875506226, 726024.033419142011553, 0.0 ], [ 717373.269775533583015, 726013.633247151272371, 0.0 ], [ 717199.062719860346988, 725960.60237016424071, 0.0 ], [ 717164.546266494551674, 725948.452169232885353, 0.0 ], [ 716900.530450797290541, 725758.359025607351214, 0.0 ], [ 716785.582825813093223, 725642.307106423075311, 0.0 ], [ 716764.015197246335447, 725625.666831237962469, 0.0 ], [ 716451.041277085663751, 725613.886636425508186, 0.0 ], [ 716205.054844197933562, 725637.857032830943353, 0.0 ], [ 716193.301929969456978, 725642.617111549712718, 0.0 ], [ 716144.154129346599802, 725495.194673581980169, 0.0 ], [ 716312.843501076800749, 725470.974273042171262, 0.0 ], [ 716506.407812675810419, 725499.184739566873759, 0.0 ], [ 716591.41643509909045, 725251.760647842776962, 0.0 ], [ 716565.99714972905349, 725089.957972064963542, 0.0 ], [ 716532.610625661094673, 725069.417632383410819, 0.0 ], [ 716311.862029642914422, 725106.208240800420754, 0.0 ], [ 715986.830031866789795, 724988.836299786460586, 0.0 ], [ 715896.542907614610158, 724790.20301493012812, 0.0 ], [ 716004.884157653548755, 724410.996743885916658, 0.0 ], [ 716303.837057331111282, 724202.793300765100867, 0.0 ], [ 716426.298299762536772, 724055.660867593251169, 0.0 ], [ 716388.754955504206009, 723827.237090082839131, 0.0 ], [ 716288.479916072566994, 723641.674021372455172, 0.0 ], [ 716303.688599467161112, 723509.501835602684878, 0.0 ], [ 716231.389619728899561, 723303.878435148741119, 0.0 ], [ 716258.194511828944087, 723112.705273662693799, 0.0 ], [ 716566.162102911272086, 722449.654308596276678, 0.0 ], [ 716550.763723357114941, 722237.470799655886367, 0.0 ], [ 715641.970661595696583, 721966.406316983746365, 0.0 ], [ 715628.947607864625752, 721897.655180026311427, 0.0 ], [ 715667.497166534070857, 721730.982423710520379, 0.0 ], [ 715830.990513026365079, 721505.96870259323623, 0.0 ], [ 715928.502586656948552, 721200.433649871265516, 0.0 ], [ 715906.316383657278493, 721063.811390509246849, 0.0 ], [ 716013.874106080969796, 721035.600923984544352, 0.0 ], [ 715834.157614123774692, 720984.030071142478846, 0.0 ], [ 715730.847436140524223, 720887.628476921236143, 0.0 ], [ 715680.553210901562124, 720669.904876362765208, 0.0 ], [ 715708.52927059493959, 720601.363742878194898, 0.0 ], [ 715676.792278348468244, 720562.953107670298778, 0.0 ], [ 715714.525318766362034, 720217.657397414906882, 0.0 ], [ 715560.079654315137304, 719891.382001703837886, 0.0 ], [ 715577.168803986278363, 719618.677491910173558, 0.0 ], [ 715729.470077069476247, 719389.593703484977596, 0.0 ], [ 715636.78288401698228, 719080.778596519841813, 0.0 ], [ 715483.013527612551115, 719100.698925948119722, 0.0 ], [ 715153.874195600859821, 719242.971278747427277, 0.0 ], [ 714521.600400743889622, 719897.802107875002548, 0.0 ], [ 714096.56553628668189, 720400.240416843327694, 0.0 ], [ 714044.102176702464931, 720518.65237505629193, 0.0 ], [ 713630.242890336201526, 720677.364999733050354, 0.0 ], [ 713384.19872383470647, 720700.305379104800522, 0.0 ], [ 713203.327559602330439, 720692.555250938632526, 0.0 ], [ 713085.377786702825688, 720745.836132060037926, 0.0 ], [ 712933.208476165425964, 720878.998334202100523, 0.0 ], [ 712777.855569212464616, 721149.372805463266559, 0.0 ], [ 712495.249529886408709, 721473.208160822628997, 0.0 ], [ 712431.841526666190475, 721516.678879710496403, 0.0 ], [ 712357.563108742120676, 721468.678085907478817, 0.0 ], [ 712155.124315943103284, 721730.462415110901929, 0.0 ], [ 711939.547002185485326, 722134.44909595604986, 0.0 ], [ 711773.785549438558519, 722369.952990552410483, 0.0 ], [ 711723.969688427983783, 722639.437447095173411, 0.0 ], [ 711638.36723454890307, 722880.831439097644761, 0.0 ], [ 711683.663378368481062, 722965.072832222096622, 0.0 ], [ 711677.320928514702246, 723125.395483524305746, 0.0 ], [ 711534.199300018372014, 723267.157827889430337, 0.0 ], [ 711545.787261064746417, 723983.789679038571194, 0.0 ], [ 711393.865380300558172, 723970.579460577340797, 0.0 ], [ 711349.839375983574428, 724173.692819521878846, 0.0 ], [ 711489.315539154224098, 724203.153306718566455, 0.0 ], [ 711477.331690470688045, 724335.615497284336016, 0.0 ], [ 711531.254885716945864, 724490.368056472274475, 0.0 ], [ 711344.659846063936129, 724750.232353923725896, 0.0 ], [ 711321.25298951624427, 724863.93423424474895, 0.0 ], [ 711372.363733006757684, 724942.145527647575364, 0.0 ], [ 711447.260725363972597, 725195.9097242198186, 0.0 ], [ 711554.142139740870334, 725172.499337075510994, 0.0 ], [ 711639.183752800570801, 725050.407318004290573, 0.0 ], [ 711637.814641388715245, 724883.634560034726746, 0.0 ], [ 711690.096552472561598, 724790.993027994874865, 0.0 ], [ 711688.521249582991004, 724723.891918324283324, 0.0 ], [ 711742.757855875301175, 724704.39159584173467, 0.0 ], [ 711809.852562716696411, 724799.183163437410258, 0.0 ], [ 711916.544280934147537, 724772.262718246201985, 0.0 ], [ 711939.555249844677746, 724838.573814852163196, 0.0 ], [ 711917.105121753411368, 724908.964978931238875, 0.0 ], [ 711881.805140772368759, 724990.966335011529736, 0.0 ], [ 711783.806455254438333, 725057.847441043821163, 0.0 ], [ 711738.279376979800873, 725163.319185260683298, 0.0 ], [ 711544.401654334622435, 725374.022669725352898, 0.0 ], [ 711630.655673283152282, 725642.577110888203606, 0.0 ], [ 711590.332867905613966, 725731.428580250707455, 0.0 ], [ 711546.166653383756056, 725791.239569362485781, 0.0 ], [ 711536.401425000163727, 725804.209783854661509, 0.0 ], [ 711518.495757077354938, 725828.100178937078454, 0.0 ], [ 711474.832649760995992, 725886.751148865208961, 0.0 ], [ 711398.071686445502564, 726003.003071357030421, 0.0 ], [ 711398.063438786426559, 726003.003071357030421, 0.0 ], [ 711359.233459707233123, 725986.722802125499584, 0.0 ], [ 711288.20461947156582, 725975.412615085602738, 0.0 ], [ 711240.236234101117589, 725971.392548604635522, 0.0 ], [ 711242.990952243097126, 726111.704868990229443, 0.0 ], [ 711324.667520386748947, 726137.065288382815197, 0.0 ], [ 711312.642433407716453, 726262.187357562826946, 0.0 ], [ 711301.359635748434812, 726445.400387409958057, 0.0 ], [ 711276.064065265003592, 726722.724973607226275, 0.0 ], [ 711274.81042108067777, 726831.966780170681886, 0.0 ], [ 711283.91583673551213, 726883.927639462519437, 0.0 ], [ 711293.301672800094821, 726919.228223238489591, 0.0 ], [ 711339.265877007506788, 727088.481022221269086, 0.0 ], [ 711351.802318851230666, 727215.763127122423612, 0.0 ], [ 711386.615687944926322, 727324.504925417131744, 0.0 ], [ 711332.568777811946347, 727322.074885230860673, 0.0 ], [ 711341.294801148003899, 727431.506694936426356, 0.0 ], [ 711331.925460401573218, 727525.168243844644167, 0.0 ], [ 711339.628774008248001, 727545.398578399559483, 0.0 ], [ 711379.7536355672637, 727527.858288330724463, 0.0 ], [ 711396.636593760806136, 727536.468430719105527, 0.0 ], [ 711353.781757037038915, 727646.930257458472624, 0.0 ], [ 711312.675424044136889, 727781.752487052814104, 0.0 ], [ 711631.397962602903135, 727893.174329668283463, 0.0 ], [ 712121.201694033108652, 728230.909914899733849, 0.0 ], [ 712309.042130211368203, 728361.622076524654403, 0.0 ], [ 712371.60062454349827, 728352.531926198280416, 0.0 ], [ 712488.791612805100158, 728235.4499899802031, 0.0 ], [ 712569.783625242882408, 728217.059685854474083, 0.0 ], [ 712629.381209955201484, 728314.211292478838004, 0.0 ], [ 712627.731678133714013, 728563.835420585470274, 0.0 ], [ 712659.452175062033348, 728614.416257055476308, 0.0 ], [ 712710.925815553287975, 728617.546308818040416, 0.0 ], [ 712834.220071554533206, 728589.785849735257216, 0.0 ], [ 712870.938649902120233, 728563.655417608795688, 0.0 ], [ 712847.919433332514018, 728517.62465638469439, 0.0 ], [ 712793.542616835329682, 728486.134135616826825, 0.0 ], [ 712776.362742913886905, 728458.953686125809327, 0.0 ], [ 712736.295614968636073, 728440.343378361780196, 0.0 ], [ 712760.617961677256972, 728395.992644920828752, 0.0 ], [ 712793.542616835329682, 728357.352005909313448, 0.0 ], [ 712799.2664922560798, 728318.711366897798143, 0.0 ], [ 712828.339490610756911, 728275.490652144304477, 0.0 ], [ 712819.539238342782483, 728271.830591616802849, 0.0 ], [ 712868.32414196501486, 728133.728307779296301, 0.0 ], [ 712864.233303047600202, 728132.528287934139371, 0.0 ], [ 712896.56412674987223, 728081.167438564938493, 0.0 ], [ 712986.719288456370123, 728021.066444657277316, 0.0 ], [ 713021.507914572721347, 727999.846093730186112, 0.0 ], [ 713003.429045808501542, 727949.965268836473115, 0.0 ], [ 713052.77479024999775, 727933.384994643623941, 0.0 ], [ 713056.832638530991971, 727963.825498047168367, 0.0 ], [ 713080.627135056769475, 727957.555394356604666, 0.0 ], [ 713089.889256234746426, 727966.805547329015099, 0.0 ] ] ] } },
{ "type": "Feature", "properties": { "RoutingKey": "D01", "Descriptor": "DUBLIN 1", "local_authority": "Dublin City", "CountyName": "Dublin 1" }, "geometry": { "type": "Polygon", "coordinates": [ [ [ 715790.791422535432503, 735993.32828426733613, 0.0 ], [ 715806.585689726634882, 736010.9885763208149, 0.0 ], [ 715839.485601907363161, 735999.718389942427166, 0.0 ], [ 715845.143496055272408, 736011.808589881518856, 0.0 ], [ 715865.770891483640298, 736002.458435255335644, 0.0 ], [ 716103.031301035429351, 735908.96688915847335, 0.0 ], [ 716346.114557917229831, 735817.265372663852759, 0.0 ], [ 716423.428114393027499, 735791.804951617494226, 0.0 ], [ 716528.008431878988631, 735749.354249597876333, 0.0 ], [ 716659.649318897281773, 735654.102674394962378, 0.0 ], [ 716749.491069557610899, 735577.331404806114733, 0.0 ], [ 716875.350347541505471, 735472.679674150072969, 0.0 ], [ 716999.642570294789039, 735327.777277857065201, 0.0 ], [ 717069.178584231995046, 735246.275930045521818, 0.0 ], [ 717155.506832112441771, 735045.60261145257391, 0.0 ], [ 717169.115469640237279, 734859.389531992841512, 0.0 ], [ 717352.592894150526263, 734847.549336188007146, 0.0 ], [ 717368.098493273137137, 734801.998582902015187, 0.0 ], [ 717405.872771986410953, 734798.62852717039641, 0.0 ], [ 717513.13357868231833, 734789.598377836169675, 0.0 ], [ 717607.932172466535121, 734895.35012668359559, 0.0 ], [ 717675.406271626707166, 734898.340176130877808, 0.0 ], [ 717822.18986076686997, 734926.730645632371306, 0.0 ], [ 718101.315387949347496, 734922.650578159140423, 0.0 ], [ 718152.211692303186283, 735066.352954607107677, 0.0 ], [ 718063.895758577622473, 735151.104356165626086, 0.0 ], [ 718182.769269297248684, 735246.625935833668336, 0.0 ], [ 718437.679669339559041, 735206.895278796320781, 0.0 ], [ 718563.48121370957233, 735163.864567184937187, 0.0 ], [ 718695.905628343112767, 735140.684183844132349, 0.0 ], [ 718848.198653767234646, 735190.335004934226163, 0.0 ], [ 719007.098054136498831, 735130.754019626183435, 0.0 ], [ 719132.899598506628536, 735028.122322376002558, 0.0 ], [ 719354.703894890495576, 735014.882103418582119, 0.0 ], [ 719418.52428106602747, 735197.825128800584935, 0.0 ], [ 720101.71087559487205, 735183.274888179032132, 0.0 ], [ 720129.175580423674546, 734871.859738216269761, 0.0 ], [ 720390.403687342419289, 734881.869903757236898, 0.0 ], [ 720387.805674723465927, 734811.508740174234845, 0.0 ], [ 720452.40134085516911, 734807.468673362513073, 0.0 ], [ 720452.52505574177485, 734888.090006620856002, 0.0 ], [ 720558.334274434717372, 734876.779819581075571, 0.0 ], [ 720562.69728610268794, 734619.225560331484303, 0.0 ], [ 720516.089764485019259, 734630.84575249790214, 0.0 ], [ 720530.308728786651045, 734444.702674195752479, 0.0 ], [ 720417.07661689678207, 734447.552721327869222, 0.0 ], [ 720431.66672585834749, 734646.65601395687554, 0.0 ], [ 720289.394606250221841, 734639.74589968228247, 0.0 ], [ 720298.178363199927844, 734303.700342399301007, 0.0 ], [ 720327.201875600032508, 734292.390155359404162, 0.0 ], [ 720014.84652987238951, 734263.069670477998443, 0.0 ], [ 719986.689021678641438, 734319.590605181176215, 0.0 ], [ 719983.90956055931747, 734549.874413451412693, 0.0 ], [ 719968.898820983245969, 734608.405381395015866, 0.0 ], [ 719935.883441575104371, 734612.38544721447397, 0.0 ], [ 719840.218843584647402, 734602.805288784671575, 0.0 ], [ 719831.839221931179054, 734275.099869424942881, 0.0 ], [ 719652.064996360219084, 734279.769946655374952, 0.0 ], [ 719641.623459929833189, 734222.398997895303182, 0.0 ], [ 719025.861478606588207, 734292.040149571257643, 0.0 ], [ 718783.792683794978075, 734637.835868095513433, 0.0 ], [ 718391.740208109491505, 734662.396274258033372, 0.0 ], [ 718418.594586164224893, 734568.814726672833785, 0.0 ], [ 718591.308815538999625, 734542.904298184555955, 0.0 ], [ 718413.918163450201973, 734558.064548894064501, 0.0 ], [ 718377.81815953576006, 734680.386571768904105, 0.0 ], [ 718342.08930028101895, 734665.176320232450962, 0.0 ], [ 718301.288130675209686, 734724.277297602500767, 0.0 ], [ 718244.189586672466248, 734441.792626071488485, 0.0 ], [ 718700.969691035337746, 734399.341924051870592, 0.0 ], [ 718764.369446596363559, 734317.72057425591629, 0.0 ], [ 718036.332081839675084, 734384.751682768808678, 0.0 ], [ 718029.667973280651495, 734280.179953435785137, 0.0 ], [ 717851.741223349818029, 734337.410899880575016, 0.0 ], [ 717462.196036033099517, 734371.041456038830802, 0.0 ], [ 717397.418921401025727, 734376.941553610377014, 0.0 ], [ 717326.266366278752685, 734383.321659120148979, 0.0 ], [ 717167.309232295607217, 734397.421892299782485, 0.0 ], [ 717141.436325674760155, 734399.671929509262554, 0.0 ], [ 716959.66616659972351, 734415.962198906228878, 0.0 ], [ 716927.995155626093037, 734418.702244219137356, 0.0 ], [ 716891.169357710052282, 734422.132300942903385, 0.0 ], [ 716862.607714220066555, 734424.562341129174456, 0.0 ], [ 716675.270385247305967, 734447.462719839415513, 0.0 ], [ 716400.326421232311986, 734489.133408959722146, 0.0 ], [ 716205.65692331281025, 734491.193443027092144, 0.0 ], [ 716188.427563436795026, 734489.733418882242404, 0.0 ], [ 716021.016578868264332, 734458.062895137583837, 0.0 ], [ 715914.011449604760855, 734418.14223495812621, 0.0 ], [ 715794.346163610811345, 734367.721401134040207, 0.0 ], [ 715733.296990895527415, 734341.940974795725197, 0.0 ], [ 715704.12502063147258, 734329.41076758003328, 0.0 ], [ 715650.284301976324059, 734306.740392673411407, 0.0 ], [ 715486.939413347863592, 734262.04965360974893, 0.0 ], [ 715341.046571391401812, 734228.519099105149508, 0.0 ], [ 715330.695759211201221, 734225.859055115259252, 0.0 ], [ 715289.44096835446544, 734332.310815538978204, 0.0 ], [ 715296.179305845405906, 734335.070861182641238, 0.0 ], [ 715277.951979217352346, 734394.591845498420298, 0.0 ], [ 715281.605692202108912, 734404.092002605320886, 0.0 ], [ 715266.990840263199061, 734453.052812284440733, 0.0 ], [ 715252.978067439165898, 734496.193525714916177, 0.0 ], [ 715250.338816524716094, 734526.934034079662524, 0.0 ], [ 715219.170912756584585, 734522.96396842552349, 0.0 ], [ 715195.557864731294103, 734630.395745055982843, 0.0 ], [ 715214.783158111386001, 734647.466027352260426, 0.0 ], [ 715211.640799991320819, 734656.906183466897346, 0.0 ], [ 715198.518774350872263, 734690.556739955907688, 0.0 ], [ 715141.964575849240646, 734678.26653670927044, 0.0 ], [ 715161.008420728961937, 734682.406605174764991, 0.0 ], [ 715159.400127202970907, 734729.967391701298766, 0.0 ], [ 715155.738166559138335, 734797.238504183245823, 0.0 ], [ 715141.956328190164641, 734782.628262569429353, 0.0 ], [ 715117.642229140619747, 734771.818083798279986, 0.0 ], [ 715076.601877420558594, 734796.078484999598004, 0.0 ], [ 715065.170621897326782, 734913.13042072148528, 0.0 ], [ 714972.161770139588043, 734909.160355067346245, 0.0 ], [ 714963.592452326556668, 734929.09068466105964, 0.0 ], [ 714949.414726320421323, 734932.510741219506599, 0.0 ], [ 714970.60296256816946, 735139.684167306637391, 0.0 ], [ 715000.17906812846195, 735154.074405282153748, 0.0 ], [ 715243.163353101001121, 735022.982237372896634, 0.0 ], [ 715254.215216305339709, 735050.222687856177799, 0.0 ], [ 715216.086288250400685, 735075.273102122126147, 0.0 ], [ 715225.901002588565461, 735084.723258402082138, 0.0 ], [ 715243.798422852298245, 735101.163530279649422, 0.0 ], [ 715290.372953833546489, 735139.724167968146503, 0.0 ], [ 715341.450706687755883, 735123.023891790769994, 0.0 ], [ 715374.127932072500698, 735177.554793584160507, 0.0 ], [ 715342.31671089399606, 735196.555107797845267, 0.0 ], [ 715392.949090156354941, 735227.635621785419062, 0.0 ], [ 715337.425849043182097, 735263.816220114473253, 0.0 ], [ 715369.426766381133348, 735323.137201122706756, 0.0 ], [ 715374.111436754232273, 735331.827344834222458, 0.0 ], [ 715417.923001934424974, 735313.227037235512398, 0.0 ], [ 715453.321954824845307, 735385.828237862675451, 0.0 ], [ 715465.85014900949318, 735431.548993960022926, 0.0 ], [ 715511.946315762470476, 735524.400529472855851, 0.0 ], [ 715555.667156692477874, 735556.841065951390192, 0.0 ], [ 715576.005884052137844, 735624.422183559974656, 0.0 ], [ 715572.583105522440746, 735627.422233172692358, 0.0 ], [ 715584.303029114496894, 735633.812338847783394, 0.0 ], [ 715598.90963339433074, 735655.002689278684556, 0.0 ], [ 715624.48562428727746, 735684.223172506317496, 0.0 ], [ 715644.948066533543169, 735714.923680209554732, 0.0 ], [ 715662.589809364988469, 735733.603989131283015, 0.0 ], [ 715691.737036651698872, 735722.793810360133648, 0.0 ], [ 715705.469389065983705, 735749.514252243912779, 0.0 ], [ 715662.136188114061952, 735772.164626819780096, 0.0 ], [ 715669.790015766047873, 735786.524864299106412, 0.0 ], [ 715701.939390967949294, 735791.644948971457779, 0.0 ], [ 715707.786981275305152, 735805.525178512907587, 0.0 ], [ 715700.949671874986961, 735813.425309159560129, 0.0 ], [ 715706.830252818763256, 735812.345291299046949, 0.0 ], [ 715723.886411853600293, 735858.276050869375467, 0.0 ], [ 715746.872637786786072, 735850.275918568833731, 0.0 ], [ 715774.12290347868111, 735902.746786294854246, 0.0 ], [ 715753.066629776731133, 735911.666933809872717, 0.0 ], [ 715759.763728972175159, 735918.477046430693008, 0.0 ], [ 715749.874785701977089, 735938.257373543689027, 0.0 ], [ 715780.655049492022954, 735948.627545038238168, 0.0 ], [ 715785.974789616535418, 735965.537824688479304, 0.0 ], [ 715792.86983263050206, 735973.817961619468406, 0.0 ], [ 715790.791422535432503, 735993.32828426733613, 0.0 ] ] ] } },
{ "type": "Feature", "properties": { "RoutingKey": "D02", "Descriptor": "DUBLIN 2", "local_authority": "Dublin City", "CountyName": "Dublin 2" }, "geometry": { "type": "Polygon", "coordinates": [ [ [ 716331.796621706336737, 732718.64412986417301, 0.0 ], [ 716235.50520162365865, 732681.803520620334893, 0.0 ], [ 716067.780806009075604, 732617.922464200761169, 0.0 ], [ 716057.050601509865373, 732613.952398546622135, 0.0 ], [ 715981.312347923754714, 732584.041903908015229, 0.0 ], [ 715903.602903810795397, 732553.691401993040927, 0.0 ], [ 715887.412748982314952, 732546.681286064675078, 0.0 ], [ 715682.359448246192187, 732503.010563869262114, 0.0 ], [ 715676.4046383703826, 732502.590556923532858, 0.0 ], [ 715633.912698647473007, 732500.170516902580857, 0.0 ], [ 715615.338970336830243, 732498.540489946375601, 0.0 ], [ 715585.152538002585061, 732496.470455713570118, 0.0 ], [ 715570.776868177810684, 732635.422753608087078, 0.0 ], [ 715558.405379516305402, 732633.75272599037271, 0.0 ], [ 715548.516436246107332, 732695.713750657858327, 0.0 ], [ 715544.376111374003813, 732736.334422413725406, 0.0 ], [ 715574.059436502750032, 732741.014499809476547, 0.0 ], [ 715570.603667336632498, 732774.575054810149595, 0.0 ], [ 715525.381752448971383, 732895.767058997531421, 0.0 ], [ 715511.806105557712726, 732944.077857927186415, 0.0 ], [ 715491.170462470152415, 732992.868664794950746, 0.0 ], [ 715512.30921276321169, 733022.559155795257539, 0.0 ], [ 715484.126961592119187, 733035.639372106641531, 0.0 ], [ 715503.748142609372735, 733083.930170705541968, 0.0 ], [ 715511.212274101912044, 733084.850185920135118, 0.0 ], [ 715508.102906618267298, 733096.19037345610559, 0.0 ], [ 715492.019971358240582, 733164.87150925595779, 0.0 ], [ 715494.947890341514722, 733189.71192004904151, 0.0 ], [ 715492.036466676392592, 733199.052074509905651, 0.0 ], [ 715492.968452155590057, 733199.172076494432986, 0.0 ], [ 715474.493695754325017, 733308.813889672979712, 0.0 ], [ 715496.935576186398976, 733312.553951523383148, 0.0 ], [ 715490.8900420605205, 733342.994454926927574, 0.0 ], [ 715446.19597735570278, 733340.394411929184571, 0.0 ], [ 715456.959172491333447, 733365.814832314150408, 0.0 ], [ 715456.23337848985102, 733395.76532761415001, 0.0 ], [ 715456.959172491333447, 733414.76564182783477, 0.0 ], [ 715426.277880610548891, 733414.76564182783477, 0.0 ], [ 715411.663028671755455, 733515.597309310454875, 0.0 ], [ 715414.582699995837174, 733531.677575234440155, 0.0 ], [ 715443.655698350514285, 733563.208096663816832, 0.0 ], [ 715391.159348129876889, 733571.178228468284942, 0.0 ], [ 715388.404629987897351, 733603.738766931346618, 0.0 ], [ 715437.469954019761644, 733600.528713845764287, 0.0 ], [ 715445.338220808538608, 733677.579988065059297, 0.0 ], [ 715453.305459506576881, 733681.460052230744623, 0.0 ], [ 715477.421614737599157, 733732.600897961878218, 0.0 ], [ 715488.382753691752441, 733744.291091285995208, 0.0 ], [ 715496.424221321707591, 733755.991284775431268, 0.0 ], [ 715497.108777027693577, 733763.2314045074163, 0.0 ], [ 715465.437766054063104, 733764.661428156075999, 0.0 ], [ 715463.944939755601808, 733763.381406988017261, 0.0 ], [ 715458.427255812450312, 733777.181635206448846, 0.0 ], [ 715434.311100581544451, 733785.221768168383278, 0.0 ], [ 715372.626858114846982, 733761.341373251401819, 0.0 ], [ 715297.911314258002676, 733858.132973922183737, 0.0 ], [ 715291.824541836511344, 733888.963483775383793, 0.0 ], [ 715272.830182911478914, 733928.424136347603053, 0.0 ], [ 715250.182111001689918, 733931.354184802621603, 0.0 ], [ 715204.712766340817325, 733918.023964356980287, 0.0 ], [ 715203.327159610693343, 733944.594403760042042, 0.0 ], [ 715191.755693882587366, 733989.285142823704518, 0.0 ], [ 715195.500131117529236, 734014.245555601315573, 0.0 ], [ 715220.960654783062637, 734019.035634816274978, 0.0 ], [ 715272.830182911478914, 734036.565924719790928, 0.0 ], [ 715281.201556905754842, 734041.045998808112927, 0.0 ], [ 715304.245516452821903, 734053.3662025508238, 0.0 ], [ 715353.211868575308472, 734066.51642001979053, 0.0 ], [ 715345.170400945236906, 734113.287193481693976, 0.0 ], [ 715339.025894909980707, 734136.127571199671365, 0.0 ], [ 715315.676771976053715, 734222.909006329486147, 0.0 ], [ 715330.695759211201221, 734225.859055115259252, 0.0 ], [ 715341.046571391401812, 734228.519099105149508, 0.0 ], [ 715486.939413347863592, 734262.04965360974893, 0.0 ], [ 715650.284301976324059, 734306.740392673411407, 0.0 ], [ 715704.12502063147258, 734329.41076758003328, 0.0 ], [ 715733.296990895527415, 734341.940974795725197, 0.0 ], [ 715794.346163610811345, 734367.721401134040207, 0.0 ], [ 715914.011449604760855, 734418.14223495812621, 0.0 ], [ 716021.016578868264332, 734458.062895137583837, 0.0 ], [ 716188.427563436795026, 734489.733418882242404, 0.0 ], [ 716205.65692331281025, 734491.193443027092144, 0.0 ], [ 716400.326421232311986, 734489.133408959722146, 0.0 ], [ 716675.270385247305967, 734447.462719839415513, 0.0 ], [ 716862.607714220066555, 734424.562341129174456, 0.0 ], [ 716891.169357710052282, 734422.132300942903385, 0.0 ], [ 716927.995155626093037, 734418.702244219137356, 0.0 ], [ 716959.66616659972351, 734415.962198906228878, 0.0 ], [ 717141.436325674760155, 734399.671929509262554, 0.0 ], [ 717167.309232295607217, 734397.421892299782485, 0.0 ], [ 717326.266366278752685, 734383.321659120148979, 0.0 ], [ 717397.418921401025727, 734376.941553610377014, 0.0 ], [ 717462.196036033099517, 734371.041456038830802, 0.0 ], [ 717851.741223349818029, 734337.410899880575016, 0.0 ], [ 717888.616507220431231, 734100.936989242793061, 0.0 ], [ 717812.812272361363284, 734092.896856280742213, 0.0 ], [ 717766.452180516906083, 733958.824639089521952, 0.0 ], [ 717757.915853340411559, 733938.304299738723785, 0.0 ], [ 717719.39103764819447, 733945.754422943573445, 0.0 ], [ 717593.292577550280839, 733959.774654800188728, 0.0 ], [ 717492.745365368085913, 733970.944839524803683, 0.0 ], [ 717429.428086398052983, 733977.984955949243158, 0.0 ], [ 717392.486821254598908, 733982.085023753345013, 0.0 ], [ 717380.610192139516585, 733895.483591600204818, 0.0 ], [ 717351.561936762067489, 733605.578797360416502, 0.0 ], [ 717273.217422897927463, 733664.209766957792453, 0.0 ], [ 717262.165559693588875, 733556.577987019787543, 0.0 ], [ 717312.08864027261734, 733507.417174033122137, 0.0 ], [ 717292.393230323330499, 733487.03683699760586, 0.0 ], [ 717217.116845647222362, 733398.935380038223229, 0.0 ], [ 717189.412958704284392, 733366.634845874854364, 0.0 ], [ 717143.910623406991363, 733313.923974179895595, 0.0 ], [ 717060.361836645868607, 733218.302392858080566, 0.0 ], [ 716857.79108130116947, 732991.898648753529415, 0.0 ], [ 716849.444450284121558, 732985.168537455727346, 0.0 ], [ 716724.781082870904356, 732918.857440849882551, 0.0 ], [ 716465.515918819699436, 732779.155130552127957, 0.0 ], [ 716376.523677047458477, 732735.754412821843289, 0.0 ], [ 716331.796621706336737, 732718.64412986417301, 0.0 ] ] ] } },
{ "type": "Feature", "properties": { "RoutingKey": "D03", "Descriptor": "DUBLIN 3", "local_authority": "Dublin City", "CountyName": "Dublin 3" }, "geometry": { "type": "MultiPolygon", "coordinates": [ [ [ [ 721963.042583025177009, 737196.518181768245995, 0.0 ], [ 722128.581348976236768, 737559.764188872999512, 0.0 ], [ 722324.273556625121273, 737448.542349565192126, 0.0 ], [ 722981.941893874667585, 737306.199995608301833, 0.0 ], [ 723116.147802875493653, 737199.888237499864772, 0.0 ], [ 723386.250390994246118, 736855.75254642800428, 0.0 ], [ 722836.139776168391109, 736223.132084599579684, 0.0 ], [ 722191.733674764051102, 735269.076307101990096, 0.0 ], [ 722149.835566496825777, 735156.064438191941008, 0.0 ], [ 722370.658391446922906, 734986.171628625132143, 0.0 ], [ 722361.701433655922301, 734967.011311765410937, 0.0 ], [ 721187.003842261619866, 735883.376465962268412, 0.0 ], [ 721291.897570793516934, 735823.055468416307122, 0.0 ], [ 721330.34815755370073, 735840.455756169976667, 0.0 ], [ 721389.310672514839098, 735815.56534454994835, 0.0 ], [ 721580.945031882729381, 735916.52701418241486, 0.0 ], [ 721597.844485394423828, 736133.620604322175495, 0.0 ], [ 721632.765074056456797, 736183.371427066042088, 0.0 ], [ 721639.602383456774987, 736191.611563335522078, 0.0 ], [ 721673.995121935964562, 736241.562389386934228, 0.0 ], [ 721776.117637007846497, 736359.32433685043361, 0.0 ], [ 721789.445854125893675, 736354.744261108338833, 0.0 ], [ 721821.521000395761803, 736374.774592355825007, 0.0 ], [ 721779.2929857642157, 736359.234335362096317, 0.0 ], [ 721850.626989386975765, 736413.955240297596902, 0.0 ], [ 721820.523033643723466, 736401.275030601187609, 0.0 ], [ 721830.725387959973887, 736435.595598170417361, 0.0 ], [ 721908.71525248256512, 736486.3064367902698, 0.0 ], [ 721911.923591875471175, 736488.656475653522648, 0.0 ], [ 721872.211113271885552, 736485.536424056394026, 0.0 ], [ 721949.153525087749586, 736606.14841865201015, 0.0 ], [ 722009.171740414691158, 736644.329050056170672, 0.0 ], [ 722023.308228125330061, 736644.569054025225341, 0.0 ], [ 722002.532374832895584, 736669.589467794983648, 0.0 ], [ 722139.20433390699327, 736943.213992803241126, 0.0 ], [ 722371.672853517113253, 737056.255862209480256, 0.0 ], [ 722434.181861894554459, 737172.137778582400642, 0.0 ], [ 722497.499140864470974, 737214.348476633080281, 0.0 ], [ 722509.812895912327804, 737230.938750991248526, 0.0 ], [ 722538.292062811320648, 737276.009496339247562, 0.0 ], [ 722555.290488232276402, 737292.749773178016767, 0.0 ], [ 722593.996752424864098, 737354.840799995348789, 0.0 ], [ 722569.649662738898769, 737379.261203842703253, 0.0 ], [ 722324.273556625121273, 737418.831858234130777, 0.0 ], [ 722108.28385991207324, 737397.10149887285661, 0.0 ], [ 722089.462701828335412, 737267.859361558104865, 0.0 ], [ 721990.375325308181345, 737229.008719073724933, 0.0 ], [ 722010.507861190126278, 737219.198556840186939, 0.0 ], [ 721989.938199375406839, 737184.987991090165451, 0.0 ], [ 721537.306667543714866, 736659.279297292698175, 0.0 ], [ 721389.211700605577789, 736441.875702026300132, 0.0 ], [ 721186.261552941869013, 736203.421758644166403, 0.0 ], [ 721115.23271270620171, 736139.360699247801676, 0.0 ], [ 721000.004667312256061, 736044.909137274953537, 0.0 ], [ 721065.895215923781507, 735980.208067294559442, 0.0 ], [ 721018.289727554074489, 736017.058676703716628, 0.0 ], [ 720744.154034131672233, 735867.356201030430384, 0.0 ], [ 720365.924635110772215, 735695.123352765804157, 0.0 ], [ 720235.215733571560122, 735687.823232041555457, 0.0 ], [ 720070.641943736118264, 735762.694470208953135, 0.0 ], [ 719902.41444091591984, 735834.875663890386932, 0.0 ], [ 719598.958319365628995, 735903.466798201901838, 0.0 ], [ 719501.668932530912571, 735901.066758511704393, 0.0 ], [ 719471.606215083273128, 735840.775761461933143, 0.0 ], [ 719433.073151732096449, 735852.115948998020031, 0.0 ], [ 719437.955765923834406, 735899.946739989682101, 0.0 ], [ 719150.376388155855238, 735902.116775876143947, 0.0 ], [ 719002.825766718713567, 735918.877053045784123, 0.0 ], [ 718803.001481856917962, 736008.268531338544562, 0.0 ], [ 718723.873440377414227, 736060.249390961136669, 0.0 ], [ 718617.569362138048746, 736128.230515184812248, 0.0 ], [ 718435.494039676035754, 736184.48144542274531, 0.0 ], [ 718200.419259787769988, 735964.307804347248748, 0.0 ], [ 717994.046333594364114, 735895.126660278649069, 0.0 ], [ 717715.415665958309546, 735689.593261313042603, 0.0 ], [ 717568.937240205123089, 735663.46282918646466, 0.0 ], [ 717563.295841375482269, 735655.262693578493781, 0.0 ], [ 717750.410483552375808, 735582.401488651637919, 0.0 ], [ 717895.132157915504649, 735733.053980035590939, 0.0 ], [ 718016.801625072606839, 735796.675032155471854, 0.0 ], [ 718625.602582108927891, 735579.211435896693729, 0.0 ], [ 719127.398409881745465, 735546.4108934646938, 0.0 ], [ 719112.519632851355709, 735204.33523646008689, 0.0 ], [ 719418.52428106602747, 735197.825128800584935, 0.0 ], [ 719354.703894890495576, 735014.882103418582119, 0.0 ], [ 719132.899598506628536, 735028.122322376002558, 0.0 ], [ 719007.098054136498831, 735130.754019626183435, 0.0 ], [ 718848.198653767234646, 735190.335004934226163, 0.0 ], [ 718695.905628343112767, 735140.684183844132349, 0.0 ], [ 718563.48121370957233, 735163.864567184937187, 0.0 ], [ 718437.679669339559041, 735206.895278796320781, 0.0 ], [ 718182.769269297248684, 735246.625935833668336, 0.0 ], [ 718063.895758577622473, 735151.104356165626086, 0.0 ], [ 718152.211692303186283, 735066.352954607107677, 0.0 ], [ 718101.315387949347496, 734922.650578159140423, 0.0 ], [ 717822.18986076686997, 734926.730645632371306, 0.0 ], [ 717675.406271626707166, 734898.340176130877808, 0.0 ], [ 717607.932172466535121, 734895.35012668359559, 0.0 ], [ 717513.13357868231833, 734789.598377836169675, 0.0 ], [ 717405.872771986410953, 734798.62852717039641, 0.0 ], [ 717368.098493273137137, 734801.998582902015187, 0.0 ], [ 717352.592894150526263, 734847.549336188007146, 0.0 ], [ 717169.115469640237279, 734859.389531992841512, 0.0 ], [ 717155.506832112441771, 735045.60261145257391, 0.0 ], [ 717069.178584231995046, 735246.275930045521818, 0.0 ], [ 716999.642570294789039, 735327.777277857065201, 0.0 ], [ 716875.350347541505471, 735472.679674150072969, 0.0 ], [ 716749.491069557610899, 735577.331404806114733, 0.0 ], [ 716659.649318897281773, 735654.102674394962378, 0.0 ], [ 716528.008431878988631, 735749.354249597876333, 0.0 ], [ 716423.428114393027499, 735791.804951617494226, 0.0 ], [ 716346.114557917229831, 735817.265372663852759, 0.0 ], [ 716103.031301035429351, 735908.96688915847335, 0.0 ], [ 715865.770891483640298, 736002.458435255335644, 0.0 ], [ 715879.049622647115029, 736012.778605923056602, 0.0 ], [ 715878.760954578290693, 736013.028610057430342, 0.0 ], [ 715883.148709223605692, 736024.718803381547332, 0.0 ], [ 715924.403500080457889, 736085.199803573428653, 0.0 ], [ 715960.280817199032754, 736148.710853874101304, 0.0 ], [ 715994.087971881614067, 736203.561760959448293, 0.0 ], [ 715967.035650008241646, 736217.271987689426169, 0.0 ], [ 715985.823817455675453, 736252.892576757469214, 0.0 ], [ 716094.214553449302912, 736268.362832593615167, 0.0 ], [ 716110.940806119702756, 736341.714045623899437, 0.0 ], [ 716163.668090795399621, 736326.953801529482007, 0.0 ], [ 716229.599877702537924, 736532.897207275382243, 0.0 ], [ 716333.198723754612729, 736600.368323064874858, 0.0 ], [ 716260.644066583947279, 736657.379265871364623, 0.0 ], [ 716245.674565303488635, 736750.290802376461215, 0.0 ], [ 716116.730662813410163, 736765.531054408871569, 0.0 ], [ 716128.211404291330837, 736811.591816129162908, 0.0 ], [ 716147.956300195190124, 736868.332754470524378, 0.0 ], [ 716170.86004953738302, 736810.72180174139794, 0.0 ], [ 716185.837798476917669, 736840.862300183624029, 0.0 ], [ 716346.304254076792859, 736790.871473470819183, 0.0 ], [ 716419.221808248083107, 736689.909803838352673, 0.0 ], [ 716467.693300824146718, 736681.759669057209976, 0.0 ], [ 716502.127277598949149, 736719.520293515641242, 0.0 ], [ 716562.145492925774306, 736690.439812603290193, 0.0 ], [ 716546.499683598405682, 736641.979011192917824, 0.0 ], [ 716639.203371969168074, 736598.478291808860376, 0.0 ], [ 716695.906028334749863, 736765.141047959332354, 0.0 ], [ 716713.391065643168986, 736796.231562112108804, 0.0 ], [ 716832.907893773168325, 736790.961474959156476, 0.0 ], [ 716889.552816524985246, 736994.334838203620166, 0.0 ], [ 717144.553940817480907, 736923.413665359490551, 0.0 ], [ 717150.978867262369022, 736963.354325869819149, 0.0 ], [ 717181.72614041599445, 737100.236589531647041, 0.0 ], [ 717191.054242866812274, 737145.697341329301707, 0.0 ], [ 717183.4499011693988, 737148.397385980701074, 0.0 ], [ 717188.505716202431358, 737156.537520596408285, 0.0 ], [ 717199.466855156701058, 737183.557967441389337, 0.0 ], [ 717237.752488734666258, 737175.307831006473862, 0.0 ], [ 717234.733845501206815, 737145.447337194811553, 0.0 ], [ 717238.948399305343628, 737187.118026315118186, 0.0 ], [ 717260.845934236305766, 737176.987858789623715, 0.0 ], [ 717306.87611971644219, 737153.607472141389735, 0.0 ], [ 717367.521157135604881, 737123.646976675954647, 0.0 ], [ 717373.368747442960739, 737123.646976675954647, 0.0 ], [ 717381.426710391184315, 737158.11754672578536, 0.0 ], [ 717410.112068767775781, 737141.757276171236299, 0.0 ], [ 717413.790524729876779, 737091.636447308585048, 0.0 ], [ 717652.420045693521388, 736951.604131553438492, 0.0 ], [ 717662.713124259957112, 736958.514245828031562, 0.0 ], [ 717683.744654984679073, 736983.984667039825581, 0.0 ], [ 717718.681738964980468, 736963.854334138566628, 0.0 ], [ 717699.250254107173532, 736921.973641545395367, 0.0 ], [ 717921.367961537209339, 736804.331696066423319, 0.0 ], [ 717943.298487104591914, 736805.791720211273059, 0.0 ], [ 717978.202580448472872, 736784.641370441764593, 0.0 ], [ 718008.760157442535274, 736796.601568231009878, 0.0 ], [ 718035.218647860107012, 736828.612097598495893, 0.0 ], [ 718094.478078549145721, 736931.923806094215252, 0.0 ], [ 718027.325638093985617, 736977.504559876397252, 0.0 ], [ 717758.435455864178948, 737053.505816731252708, 0.0 ], [ 717686.829279490979388, 737103.186638317420147, 0.0 ], [ 717789.124995403923094, 737202.558281655190513, 0.0 ], [ 717697.056376784457825, 737347.230674144579098, 0.0 ], [ 717729.213999645551667, 737478.742848999565467, 0.0 ], [ 717974.722068305010907, 737398.371519875596277, 0.0 ], [ 717993.543226388865151, 737409.421702615683898, 0.0 ], [ 718018.467652212362736, 737479.452860741293989, 0.0 ], [ 718161.003696911968291, 737423.54193612607196, 0.0 ], [ 718174.868011872051284, 737363.420941887656227, 0.0 ], [ 718223.974574199412018, 737360.430892440374009, 0.0 ], [ 718235.422325040912256, 737386.471323078498244, 0.0 ], [ 718293.180681772297248, 737359.760881360154599, 0.0 ], [ 718298.772594647365622, 737367.681012337678112, 0.0 ], [ 718317.775201231474057, 737368.41102441016119, 0.0 ], [ 718330.187928188592196, 737379.381205827230588, 0.0 ], [ 718337.495354158105329, 737399.841544185765088, 0.0 ], [ 718365.265222373767756, 737416.64182201679796, 0.0 ], [ 718390.841213266830891, 737478.022837092517875, 0.0 ], [ 718405.447817546548322, 737539.393852002802305, 0.0 ], [ 718455.700804489897564, 737530.293701510992832, 0.0 ], [ 718436.335300904931501, 737491.603061672649346, 0.0 ], [ 718535.546392311691307, 737459.14252486336045, 0.0 ], [ 718501.574284447007813, 737397.6415078031132, 0.0 ], [ 718449.877957159886137, 737390.911396505311131, 0.0 ], [ 718447.857280678465031, 737384.24128619977273, 0.0 ], [ 718414.22332683717832, 737393.991447441047058, 0.0 ], [ 718405.447817546548322, 737367.681012337678112, 0.0 ], [ 718399.600227239192463, 737354.530794868711382, 0.0 ], [ 718395.649598526651971, 737340.80056780797895, 0.0 ], [ 718429.506239163805731, 737323.91028848849237, 0.0 ], [ 718759.346622199751437, 737261.959263986442238, 0.0 ], [ 718794.143495975178666, 737341.370577234425582, 0.0 ], [ 718899.779513826826587, 737307.780021737678908, 0.0 ], [ 718926.114289357792586, 737410.731724279816262, 0.0 ], [ 719124.132336875074543, 737294.859808072331361, 0.0 ], [ 719154.772390460246243, 737285.989661384141073, 0.0 ], [ 719184.430972611648031, 737320.600233749253675, 0.0 ], [ 719267.352937280666083, 737231.778764882707037, 0.0 ], [ 719206.22953563334886, 737201.628266275161877, 0.0 ], [ 719251.278249679715373, 737136.117182899382897, 0.0 ], [ 719279.411014896119013, 737146.867360678152181, 0.0 ], [ 719290.174210031749681, 737145.217333391192369, 0.0 ], [ 719338.571473675779998, 737163.367633547983132, 0.0 ], [ 719277.876950302044861, 737212.298442731029354, 0.0 ], [ 719278.371809848584235, 737238.178870723117143, 0.0 ], [ 719324.938093170756474, 737232.948784231673926, 0.0 ], [ 719440.809455975075252, 737189.08805889415089, 0.0 ], [ 719498.741013547754847, 737195.70816837286111, 0.0 ], [ 719547.56715546536725, 737229.628729326999746, 0.0 ], [ 719577.365947821643203, 737261.919263324933127, 0.0 ], [ 719563.295441383845173, 737300.80990647082217, 0.0 ], [ 719591.428206600248814, 737319.020207619876601, 0.0 ], [ 719603.849181216559373, 737334.750467755715363, 0.0 ], [ 719612.954596871393733, 737358.750864657224156, 0.0 ], [ 719633.647973572718911, 737356.270823644124903, 0.0 ], [ 719649.368011832004413, 737290.879742252756841, 0.0 ], [ 719686.383505907491781, 737266.039331459673122, 0.0 ], [ 719692.857918307068758, 737279.109547605621628, 0.0 ], [ 719932.807064727880061, 737221.108588426955976, 0.0 ], [ 719981.798159827827476, 737317.090175702353008, 0.0 ], [ 719993.831494465935975, 737341.680582361062989, 0.0 ], [ 720131.072542018373497, 737326.470330824726261, 0.0 ], [ 720169.671586642507464, 737350.700731529854238, 0.0 ], [ 720165.209603065275587, 737190.088075431762263, 0.0 ], [ 720151.510241287294775, 736963.164322727709077, 0.0 ], [ 720348.274644620250911, 736954.804184473701753, 0.0 ], [ 720438.388568031135947, 736970.294440640485846, 0.0 ], [ 720496.905709400423802, 736984.654678119928576, 0.0 ], [ 720500.559422385180369, 736986.994716817862354, 0.0 ], [ 720774.027055419865064, 736953.364160659606569, 0.0 ], [ 720970.453304729308002, 736884.903028497938067, 0.0 ], [ 721020.161946171545424, 737055.955857248278335, 0.0 ], [ 721262.131769073777832, 736952.184141145204194, 0.0 ], [ 721365.887320648878813, 737095.546511970460415, 0.0 ], [ 721586.042085211258382, 737049.195745454286225, 0.0 ], [ 721760.059444725047797, 736945.784035304794088, 0.0 ], [ 721963.042583025177009, 737196.518181768245995, 0.0 ] ] ], [ [ [ 718422.256546808057465, 737579.584516647504643, 0.0 ], [ 718458.793676655273885, 737629.99535030615516, 0.0 ], [ 718505.516665500588715, 737606.934968949877657, 0.0 ], [ 718489.359501308528706, 737583.174576017423533, 0.0 ], [ 718469.961007087142207, 737554.644104200648144, 0.0 ], [ 718436.871398746967316, 737569.354347468237393, 0.0 ], [ 718422.256546808057465, 737579.584516647504643, 0.0 ] ] ] ] } },
{ "type": "Feature", "properties": { "RoutingKey": "D04", "Descriptor": "DUBLIN 4", "local_authority": "Dublin City", "CountyName": "Dublin 4" }, "geometry": { "type": "Polygon", "coordinates": [ [ [ 717983.208909526816569, 730209.04262785508763, 0.0 ], [ 717667.579243133543059, 730210.792656795820221, 0.0 ], [ 717635.07521858997643, 730314.414370418176986, 0.0 ], [ 717576.153941924450919, 730393.645680689369328, 0.0 ], [ 717557.868881682632491, 730450.536621511448175, 0.0 ], [ 717594.447249825345352, 730476.937058103037998, 0.0 ], [ 717590.381153885275126, 730546.018200517981313, 0.0 ], [ 717525.364857139065862, 730609.009242219151929, 0.0 ], [ 717364.081883287639357, 730653.879984259605408, 0.0 ], [ 717362.663285921094939, 730671.500275651575066, 0.0 ], [ 717302.32341188902501, 730697.25070149381645, 0.0 ], [ 717387.950608745333739, 730688.780561420600861, 0.0 ], [ 717458.286645616055466, 730770.091906089917757, 0.0 ], [ 717499.747627950506285, 730863.613452682970092, 0.0 ], [ 717487.42562524357345, 730992.655586690176278, 0.0 ], [ 717516.597595507628284, 731036.936318973544985, 0.0 ], [ 717505.826152712921612, 731062.806746800313704, 0.0 ], [ 717454.261787971481681, 731052.496576298028231, 0.0 ], [ 717435.349905637442134, 731198.608992601512, 0.0 ], [ 717333.375848429626785, 731127.54781744221691, 0.0 ], [ 717284.673421398503706, 731159.068338706274517, 0.0 ], [ 717265.192450586007908, 731134.997940647066571, 0.0 ], [ 717196.43171660497319, 731204.909096788149327, 0.0 ], [ 717178.097170408582315, 731187.718812507460825, 0.0 ], [ 717152.884076516260393, 731248.709821133525111, 0.0 ], [ 717117.427390012191609, 731265.530099295312539, 0.0 ], [ 717094.177238987525925, 731292.970553086022846, 0.0 ], [ 717134.788712433888577, 731325.161085430299863, 0.0 ], [ 717071.380709213786758, 731396.29226174717769, 0.0 ], [ 717053.788452337030321, 731381.082010210840963, 0.0 ], [ 716886.229009904549457, 731598.285602169693448, 0.0 ], [ 716900.052086569136009, 731618.585937882307917, 0.0 ], [ 716792.065485871746205, 731667.586748222936876, 0.0 ], [ 716760.254264693241566, 731698.717263037222438, 0.0 ], [ 716787.372567839454859, 731708.127418655785732, 0.0 ], [ 716794.490297649404965, 731735.547872115741484, 0.0 ], [ 716786.358105769148096, 731775.178527499432676, 0.0 ], [ 716760.485199148301035, 731815.359191978699528, 0.0 ], [ 716737.070094941416755, 731799.578931016032584, 0.0 ], [ 716645.529326504794881, 731866.670040521188639, 0.0 ], [ 716581.189337805495597, 731963.721645491779782, 0.0 ], [ 716602.493041280773468, 732059.293225986766629, 0.0 ], [ 716772.370075922459364, 732134.454468950047158, 0.0 ], [ 716833.320276728481986, 732177.395179073093459, 0.0 ], [ 716818.367270766175352, 732188.615364624536596, 0.0 ], [ 716786.877708292915486, 732207.925683964858763, 0.0 ], [ 716755.38814581965562, 732180.495230339467525, 0.0 ], [ 716696.466869154130109, 732206.90566709660925, 0.0 ], [ 716714.96636853273958, 732230.586058706045151, 0.0 ], [ 716724.038793551269919, 732226.815996359451674, 0.0 ], [ 716790.234505549771711, 732294.117109337472357, 0.0 ], [ 716754.348940772120841, 732325.167622828856111, 0.0 ], [ 716717.630362424533814, 732281.726904437062331, 0.0 ], [ 716613.429437257582322, 732375.198450203170069, 0.0 ], [ 716626.37001439766027, 732389.758690990158357, 0.0 ], [ 716550.19463487865869, 732414.129094010568224, 0.0 ], [ 716506.506784585071728, 732447.659648515051231, 0.0 ], [ 716472.988297971314751, 732473.060068569262512, 0.0 ], [ 716439.469811357557774, 732518.760824335855432, 0.0 ], [ 716397.74490393162705, 732567.541631038300693, 0.0 ], [ 716365.372841933858581, 732555.321428949246183, 0.0 ], [ 716397.951095409342088, 732567.621632361318916, 0.0 ], [ 716331.796621706336737, 732718.64412986417301, 0.0 ], [ 716376.523677047458477, 732735.754412821843289, 0.0 ], [ 716465.515918819699436, 732779.155130552127957, 0.0 ], [ 716724.781082870904356, 732918.857440849882551, 0.0 ], [ 716849.444450284121558, 732985.168537455727346, 0.0 ], [ 716857.79108130116947, 732991.898648753529415, 0.0 ], [ 717060.361836645868607, 733218.302392858080566, 0.0 ], [ 717143.910623406991363, 733313.923974179895595, 0.0 ], [ 717189.412958704284392, 733366.634845874854364, 0.0 ], [ 717217.116845647222362, 733398.935380038223229, 0.0 ], [ 717292.393230323330499, 733487.03683699760586, 0.0 ], [ 717312.08864027261734, 733507.417174033122137, 0.0 ], [ 717262.165559693588875, 733556.577987019787543, 0.0 ], [ 717273.217422897927463, 733664.209766957792453, 0.0 ], [ 717351.561936762067489, 733605.578797360416502, 0.0 ], [ 717380.610192139516585, 733895.483591600204818, 0.0 ], [ 717392.486821254598908, 733982.085023753345013, 0.0 ], [ 717429.428086398052983, 733977.984955949243158, 0.0 ], [ 717492.745365368085913, 733970.944839524803683, 0.0 ], [ 717593.292577550280839, 733959.774654800188728, 0.0 ], [ 717719.39103764819447, 733945.754422943573445, 0.0 ], [ 717757.915853340411559, 733938.304299738723785, 0.0 ], [ 717766.452180516906083, 733958.824639089521952, 0.0 ], [ 717812.812272361363284, 734092.896856280742213, 0.0 ], [ 717888.616507220431231, 734100.936989242793061, 0.0 ], [ 717851.741223349818029, 734337.410899880575016, 0.0 ], [ 718029.667973280651495, 734280.179953435785137, 0.0 ], [ 718027.177180230151862, 734238.079257204313762, 0.0 ], [ 718081.834417136968113, 734201.698655567714013, 0.0 ], [ 718373.059260230511427, 734121.907336035510525, 0.0 ], [ 718706.817281342693605, 734050.036147480714135, 0.0 ], [ 718744.740017919917591, 734089.096793437958695, 0.0 ], [ 718849.724470702116378, 734073.396533798309974, 0.0 ], [ 718859.332993562566116, 734112.777185047511011, 0.0 ], [ 719998.821328226127662, 733973.38487987651024, 0.0 ], [ 719939.264981809305027, 733785.241768499137834, 0.0 ], [ 719750.517303129076026, 733814.342249742359854, 0.0 ], [ 719663.586976133752614, 733893.643561171134934, 0.0 ], [ 719635.297505394206382, 733890.49350907781627, 0.0 ], [ 719627.660173060488887, 733842.842721062828787, 0.0 ], [ 719641.409020793042146, 733826.31244769692421, 0.0 ], [ 719887.13977624848485, 733772.891564260236919, 0.0 ], [ 719940.840284698875621, 733774.031583113130182, 0.0 ], [ 720030.096451562596485, 733924.49407135497313, 0.0 ], [ 720177.391395567334257, 733927.504121133009903, 0.0 ], [ 720196.270287264953367, 733848.672817476908676, 0.0 ], [ 720318.302651422796771, 733847.902804742916487, 0.0 ], [ 720283.431548715336248, 733829.832505909143947, 0.0 ], [ 720286.69762172200717, 733696.090294175315648, 0.0 ], [ 720309.477656177477911, 733692.850240593659692, 0.0 ], [ 720362.864753581816331, 733852.76288511545863, 0.0 ], [ 720425.258294731611386, 733848.012806562124752, 0.0 ], [ 720446.10837695596274, 733810.602187891840003, 0.0 ], [ 720564.000416241702624, 733835.002591408323497, 0.0 ], [ 720641.223248467314988, 733816.932292574550956, 0.0 ], [ 720658.782514707650989, 733849.872837321949191, 0.0 ], [ 720661.289803076419048, 733817.69230514310766, 0.0 ], [ 720819.677848580991849, 733808.002144894097, 0.0 ], [ 721160.174207184114493, 733852.482880485011265, 0.0 ], [ 722545.615984098985791, 733902.693710836116225, 0.0 ], [ 723116.642662421916611, 734030.295821029227227, 0.0 ], [ 722553.096610909677111, 733889.393490886432119, 0.0 ], [ 721437.394525112817064, 733841.372696752659976, 0.0 ], [ 721340.971142484457232, 733793.701908407034352, 0.0 ], [ 721256.473874925868586, 733803.592071963474154, 0.0 ], [ 721217.074807368335314, 733646.139468124019913, 0.0 ], [ 721086.060742442146875, 733627.039152256562375, 0.0 ], [ 721031.494229785515927, 733466.146491527906619, 0.0 ], [ 720377.149699156288989, 733434.225963648874313, 0.0 ], [ 720324.430662139784545, 733402.945446353871375, 0.0 ], [ 720249.789347214973532, 733169.691588966990821, 0.0 ], [ 719337.985889879171737, 733307.913874789141119, 0.0 ], [ 719238.016013834509067, 733385.115151489037089, 0.0 ], [ 719052.16326350113377, 733174.031660740030929, 0.0 ], [ 719019.931411708123051, 733060.859789183945395, 0.0 ], [ 719178.393686144729145, 732882.606841363129206, 0.0 ], [ 719297.910514274728484, 732609.962332561728545, 0.0 ], [ 719308.805671956040896, 732517.360801183269359, 0.0 ], [ 719355.627632710617036, 732372.328402740415186, 0.0 ], [ 719411.010663618915714, 732193.705448800697923, 0.0 ], [ 719467.234955756226555, 732076.743514567264356, 0.0 ], [ 719492.464544966700487, 731955.331506741582416, 0.0 ], [ 719510.559909049072303, 731846.469706462346949, 0.0 ], [ 719536.531787579297088, 731618.975944331963547, 0.0 ], [ 719542.049471522332169, 731576.845247604302131, 0.0 ], [ 719554.181778069818392, 731481.153665124904364, 0.0 ], [ 719542.494845114182681, 731366.951776535017416, 0.0 ], [ 719581.605244603008032, 731339.681325555662625, 0.0 ], [ 719698.070438863127492, 730998.985691373003647, 0.0 ], [ 720000.734785139095038, 730675.610343620879576, 0.0 ], [ 719996.017124129459262, 730670.720262752263807, 0.0 ], [ 719898.224630089243874, 730569.108582370332442, 0.0 ], [ 719879.494196255574934, 730568.098565667401999, 0.0 ], [ 719762.501151812612079, 730562.788477852940559, 0.0 ], [ 719597.457245407975279, 730611.189278271049261, 0.0 ], [ 719576.499943615286611, 730601.769122487166896, 0.0 ], [ 719544.391806708998047, 730665.240172126330435, 0.0 ], [ 719542.890732751344331, 730665.380174441612326, 0.0 ], [ 719375.314795000711456, 730605.599185826024041, 0.0 ], [ 719347.503688489436172, 730524.857850583153777, 0.0 ], [ 719204.390307652298361, 730468.376916541485116, 0.0 ], [ 719227.722935268073343, 730429.086266780621372, 0.0 ], [ 719050.373521474772133, 730479.757104738964699, 0.0 ], [ 718823.925793013186194, 730278.523776885005645, 0.0 ], [ 718888.504963826620951, 730202.052512257476337, 0.0 ], [ 719005.05263467784971, 730280.673812440829352, 0.0 ], [ 719147.365992581471801, 730100.900839482899755, 0.0 ], [ 719175.474014820647426, 730101.070842294255272, 0.0 ], [ 719186.740317161777057, 729976.308779067825526, 0.0 ], [ 719256.787685963674448, 729912.447722979006357, 0.0 ], [ 719285.967903886805288, 729946.478285752236843, 0.0 ], [ 719301.094110690290108, 729905.957615650142543, 0.0 ], [ 719390.251305644749664, 729871.907052546157502, 0.0 ], [ 719278.767697485745884, 729767.405324370716698, 0.0 ], [ 719393.90501862950623, 729640.153219965635799, 0.0 ], [ 719046.645579558098689, 729399.869246319751255, 0.0 ], [ 718961.315298429573886, 729337.598216525628231, 0.0 ], [ 718861.065001975279301, 729462.790286863339134, 0.0 ], [ 718674.255523185362108, 729331.078108700807206, 0.0 ], [ 718580.735316562931985, 729171.925476747448556, 0.0 ], [ 718574.912469232920557, 729173.08549593097996, 0.0 ], [ 718524.882169085438363, 729194.575851323315874, 0.0 ], [ 718460.327741249348037, 729248.316740051959641, 0.0 ], [ 718481.070603905245662, 729423.309633960248902, 0.0 ], [ 718545.822975559975021, 729421.539604688761756, 0.0 ], [ 718558.565608881413937, 729500.800915456144139, 0.0 ], [ 718518.218060526414774, 729509.291055859997869, 0.0 ], [ 718519.537685983697884, 729548.801709259161726, 0.0 ], [ 718515.03446411085315, 729591.472414917079732, 0.0 ], [ 718307.869762643123977, 729661.543573704198934, 0.0 ], [ 718347.211096587008797, 729715.284462432842702, 0.0 ], [ 718241.68229830369819, 729734.474779788637534, 0.0 ], [ 717977.270594969275407, 729702.87425720167812, 0.0 ], [ 717855.370193357230164, 729743.504929122864269, 0.0 ], [ 717846.339006634196267, 729718.104509068769403, 0.0 ], [ 717704.965881868847646, 729788.085666367551312, 0.0 ], [ 717681.262109593255445, 729766.655311967479065, 0.0 ], [ 717585.317091193166561, 729885.867283410509117, 0.0 ], [ 717611.280722064198926, 730078.460468380013481, 0.0 ], [ 717938.193186116870493, 730079.340482932981104, 0.0 ], [ 717983.208909526816569, 730209.04262785508763, 0.0 ] ] ] } },
{ "type": "Feature", "properties": { "RoutingKey": "D05", "Descriptor": "DUBLIN 5", "local_authority": "Dublin City", "CountyName": "Dublin 5" }, "geometry": { "type": "Polygon", "coordinates": [ [ [ 720148.722532508894801, 739328.43343787023332, 0.0 ], [ 720278.953069819835946, 739433.415173983667046, 0.0 ], [ 720354.749057019711472, 739529.886769362492487, 0.0 ], [ 720379.912664957460947, 739526.546714126947336, 0.0 ], [ 720335.02065643412061, 739363.65402032318525, 0.0 ], [ 720756.401807906571776, 739420.164954860927537, 0.0 ], [ 720758.026596750831231, 739427.235071781557053, 0.0 ], [ 720769.787758638500236, 739552.697146584279835, 0.0 ], [ 720774.909554944373667, 739607.298049535253085, 0.0 ], [ 721030.933388966135681, 739621.358282053493895, 0.0 ], [ 721026.430167093407363, 739535.82686759554781, 0.0 ], [ 721101.822018997045234, 739540.896951441070996, 0.0 ], [ 721102.951948294765316, 739478.995927765849046, 0.0 ], [ 721106.325240869889967, 739449.175434615695849, 0.0 ], [ 721139.538564096670598, 739452.00548141694162, 0.0 ], [ 721140.437558939331211, 739425.675045982934535, 0.0 ], [ 721175.061231873580255, 739425.795047967461869, 0.0 ], [ 721176.719011354260147, 739479.935943311196752, 0.0 ], [ 721298.817356784944423, 739477.175897667417303, 0.0 ], [ 721389.978732902556658, 739500.936290599987842, 0.0 ], [ 721406.647251959308051, 739533.28682559018489, 0.0 ], [ 721442.920456715044565, 739527.696733145159669, 0.0 ], [ 721439.143028843682259, 739492.086144242552109, 0.0 ], [ 721602.125020471285097, 739509.206427365657873, 0.0 ], [ 721619.247160778963007, 739458.935596022289246, 0.0 ], [ 721803.49986524542328, 739449.60544172686059, 0.0 ], [ 721873.629710638313554, 739449.525440403842367, 0.0 ], [ 722133.010341917048208, 739430.535126355476677, 0.0 ], [ 722313.526856807759032, 739425.205038210260682, 0.0 ], [ 722361.544728132896125, 739429.355106841190718, 0.0 ], [ 722558.705019102897495, 739378.004257637192495, 0.0 ], [ 722563.67010988574475, 739376.494232665514573, 0.0 ], [ 722686.865393977728672, 739497.206228914903477, 0.0 ], [ 722803.017177191795781, 739558.217237871605903, 0.0 ], [ 723085.969618200324476, 739586.607707373099402, 0.0 ], [ 723026.743178147822618, 739437.055234180414118, 0.0 ], [ 723053.754261725582182, 739420.554961310583167, 0.0 ], [ 722991.237005689064972, 739211.02149619476404, 0.0 ], [ 723212.282517435029149, 739077.999296368099749, 0.0 ], [ 723238.279138942598365, 739069.989163902122527, 0.0 ], [ 723413.310960526694544, 738931.456872953451239, 0.0 ], [ 723519.837725561927073, 738897.946318779606372, 0.0 ], [ 723529.833888400462456, 738865.445781308808364, 0.0 ], [ 723568.127769637620077, 738943.027064293040894, 0.0 ], [ 723616.558023918187246, 738841.54538606107235, 0.0 ], [ 723683.265090781380422, 738845.095444769365713, 0.0 ], [ 723544.11883397505153, 738766.50414508220274, 0.0 ], [ 723081.070508690318093, 738458.849057300714776, 0.0 ], [ 722735.534830372431315, 738182.954494752106257, 0.0 ], [ 722505.829276563366875, 737985.021221472066827, 0.0 ], [ 722392.621907650725916, 737842.488864373066463, 0.0 ], [ 722326.417947993031703, 737734.627080631442368, 0.0 ], [ 722309.21333109436091, 737609.575012609013356, 0.0 ], [ 722267.760596418986097, 737589.48468036937993, 0.0 ], [ 722312.075268804794177, 737584.42459668929223, 0.0 ], [ 722303.959572242805734, 737513.703427152824588, 0.0 ], [ 722337.214133765082806, 737473.872768461587839, 0.0 ], [ 722587.08521409262903, 737413.931777200079523, 0.0 ], [ 722706.511317972326651, 737472.012737701763399, 0.0 ], [ 722736.780226897681132, 737407.101664248504676, 0.0 ], [ 722850.90308597125113, 737370.981066911714152, 0.0 ], [ 722937.025142373982817, 737393.051431895699352, 0.0 ], [ 722918.62461490475107, 737423.041927857208066, 0.0 ], [ 722945.520231254980899, 737516.783478088560514, 0.0 ], [ 722974.3210568591021, 737507.37332246999722, 0.0 ], [ 723067.346403935109265, 737574.814437763299793, 0.0 ], [ 723093.796646693604998, 737744.577245180262253, 0.0 ], [ 723208.670042745885439, 737865.67924787919037, 0.0 ], [ 723250.906305036507547, 737891.28967140626628, 0.0 ], [ 723274.601829653023742, 737871.659346773871221, 0.0 ], [ 723167.415251889033243, 737740.407176218577661, 0.0 ], [ 723261.446813376154751, 737738.637146947090514, 0.0 ], [ 723294.907566376263276, 737686.296281371032819, 0.0 ], [ 723384.328686422086321, 737759.887498370255344, 0.0 ], [ 723597.555417333962396, 737997.141421907348558, 0.0 ], [ 723927.997879484784789, 738202.134811942582019, 0.0 ], [ 724427.657563548651524, 738385.287840797449462, 0.0 ], [ 724624.941569405375049, 738363.507480609347112, 0.0 ], [ 724946.262120582978241, 738439.048729856847785, 0.0 ], [ 725172.70984904456418, 738511.119921719189733, 0.0 ], [ 725428.618215838912874, 738657.232338022673503, 0.0 ], [ 725529.082951430114917, 738621.661749781458639, 0.0 ], [ 725289.480206691659987, 738265.635862077935599, 0.0 ], [ 725066.224322304828092, 738093.583016790100373, 0.0 ], [ 724723.76502083404921, 737912.210017372039147, 0.0 ], [ 724159.484927661134861, 737548.994010763475671, 0.0 ], [ 723677.623691951739602, 737145.757342321565375, 0.0 ], [ 723386.250390994246118, 736855.75254642800428, 0.0 ], [ 723116.147802875493653, 737199.888237499864772, 0.0 ], [ 722981.941893874667585, 737306.199995608301833, 0.0 ], [ 722324.273556625121273, 737448.542349565192126, 0.0 ], [ 722128.581348976236768, 737559.764188872999512, 0.0 ], [ 721963.042583025177009, 737196.518181768245995, 0.0 ], [ 721760.059444725047797, 736945.784035304794088, 0.0 ], [ 721586.042085211258382, 737049.195745454286225, 0.0 ], [ 721365.887320648878813, 737095.546511970460415, 0.0 ], [ 721262.131769073777832, 736952.184141145204194, 0.0 ], [ 721020.161946171545424, 737055.955857248278335, 0.0 ], [ 720970.453304729308002, 736884.903028497938067, 0.0 ], [ 720774.027055419865064, 736953.364160659606569, 0.0 ], [ 720500.559422385180369, 736986.994716817862354, 0.0 ], [ 720496.905709400423802, 736984.654678119928576, 0.0 ], [ 720438.388568031135947, 736970.294440640485846, 0.0 ], [ 720348.274644620250911, 736954.804184473701753, 0.0 ], [ 720151.510241287294775, 736963.164322727709077, 0.0 ], [ 720165.209603065275587, 737190.088075431762263, 0.0 ], [ 720169.671586642507464, 737350.700731529854238, 0.0 ], [ 720131.072542018373497, 737326.470330824726261, 0.0 ], [ 719993.831494465935975, 737341.680582361062989, 0.0 ], [ 719981.798159827827476, 737317.090175702353008, 0.0 ], [ 719932.807064727880061, 737221.108588426955976, 0.0 ], [ 719692.857918307068758, 737279.109547605621628, 0.0 ], [ 719686.383505907491781, 737266.039331459673122, 0.0 ], [ 719649.368011832004413, 737290.879742252756841, 0.0 ], [ 719633.647973572718911, 737356.270823644124903, 0.0 ], [ 719612.954596871393733, 737358.750864657224156, 0.0 ], [ 719603.849181216559373, 737334.750467755715363, 0.0 ], [ 719591.428206600248814, 737319.020207619876601, 0.0 ], [ 719563.295441383845173, 737300.80990647082217, 0.0 ], [ 719577.365947821643203, 737261.919263324933127, 0.0 ], [ 719547.56715546536725, 737229.628729326999746, 0.0 ], [ 719498.741013547754847, 737195.70816837286111, 0.0 ], [ 719440.809455975075252, 737189.08805889415089, 0.0 ], [ 719324.938093170756474, 737232.948784231673926, 0.0 ], [ 719278.371809848584235, 737238.178870723117143, 0.0 ], [ 719277.876950302044861, 737212.298442731029354, 0.0 ], [ 719338.571473675779998, 737163.367633547983132, 0.0 ], [ 719290.174210031749681, 737145.217333391192369, 0.0 ], [ 719279.411014896119013, 737146.867360678152181, 0.0 ], [ 719251.278249679715373, 737136.117182899382897, 0.0 ], [ 719206.22953563334886, 737201.628266275161877, 0.0 ], [ 719267.352937280666083, 737231.778764882707037, 0.0 ], [ 719184.430972611648031, 737320.600233749253675, 0.0 ], [ 719154.772390460246243, 737285.989661384141073, 0.0 ], [ 719124.132336875074543, 737294.859808072331361, 0.0 ], [ 718926.114289357792586, 737410.731724279816262, 0.0 ], [ 718899.779513826826587, 737307.780021737678908, 0.0 ], [ 718794.143495975178666, 737341.370577234425582, 0.0 ], [ 718759.346622199751437, 737261.959263986442238, 0.0 ], [ 718429.506239163805731, 737323.91028848849237, 0.0 ], [ 718395.649598526651971, 737340.80056780797895, 0.0 ], [ 718399.600227239192463, 737354.530794868711382, 0.0 ], [ 718405.447817546548322, 737367.681012337678112, 0.0 ], [ 718414.22332683717832, 737393.991447441047058, 0.0 ], [ 718447.857280678465031, 737384.24128619977273, 0.0 ], [ 718449.877957159886137, 737390.911396505311131, 0.0 ], [ 718501.574284447007813, 737397.6415078031132, 0.0 ], [ 718535.546392311691307, 737459.14252486336045, 0.0 ], [ 718436.335300904931501, 737491.603061672649346, 0.0 ], [ 718455.700804489897564, 737530.293701510992832, 0.0 ], [ 718462.043254343792796, 737542.983911372721195, 0.0 ], [ 718469.961007087142207, 737554.644104200648144, 0.0 ], [ 718489.359501308528706, 737583.174576017423533, 0.0 ], [ 718505.516665500588715, 737606.934968949877657, 0.0 ], [ 718518.267546481103636, 737625.705279359943233, 0.0 ], [ 718528.6843399341451, 737635.245437128352933, 0.0 ], [ 718517.244836751720868, 737649.725676592206582, 0.0 ], [ 718520.90679739555344, 737669.45600287837442, 0.0 ], [ 718514.151964586344548, 737682.836224150960334, 0.0 ], [ 718518.201565208262764, 737680.926192564307712, 0.0 ], [ 718555.885119671351276, 737684.686254745465703, 0.0 ], [ 718521.896516488515772, 737725.686932785669342, 0.0 ], [ 718663.533566345344298, 737870.759331890032627, 0.0 ], [ 718673.282299410668202, 737865.53924556390848, 0.0 ], [ 718676.540124758263119, 737882.079519095248543, 0.0 ], [ 718676.540124758263119, 737898.159785019233823, 0.0 ], [ 718583.011670476640575, 737958.070775784784928, 0.0 ], [ 718399.608474898268469, 738080.822805770672858, 0.0 ], [ 718393.34025397640653, 738083.692853233544156, 0.0 ], [ 718378.428486309712753, 738051.792325685266405, 0.0 ], [ 718317.907163777272217, 738023.821863129618578, 0.0 ], [ 718235.496553972945549, 738080.952807920635678, 0.0 ], [ 718241.979214031598531, 738166.604224362992682, 0.0 ], [ 718279.29987149394583, 738189.27459926949814, 0.0 ], [ 718174.076236597727984, 738283.386155619635247, 0.0 ], [ 718214.869158544461243, 738465.119160991162062, 0.0 ], [ 718254.573389489087276, 738646.282156936242245, 0.0 ], [ 718068.976316587999463, 738700.553054429939948, 0.0 ], [ 717988.503906673984602, 738719.723371454980224, 0.0 ], [ 718035.787736338563263, 738826.16513171326369, 0.0 ], [ 717884.57515425758902, 738931.89688022993505, 0.0 ], [ 717934.564216109458357, 739035.868599640438333, 0.0 ], [ 717998.533060148940422, 739081.879360533785075, 0.0 ], [ 718160.277902910485864, 739026.848450471647084, 0.0 ], [ 718184.509525368921459, 739158.850633430061862, 0.0 ], [ 718200.914119334192947, 739232.93185853282921, 0.0 ], [ 718397.464083530241624, 739212.831526127760299, 0.0 ], [ 718473.67245368566364, 739390.294460883946158, 0.0 ], [ 718393.628922045230865, 739453.155500435153954, 0.0 ], [ 718290.755869994638488, 739487.476068004383706, 0.0 ], [ 717998.467078876099549, 739531.216791357379407, 0.0 ], [ 717939.925194529583678, 739553.607161633437499, 0.0 ], [ 717873.589272326091304, 739566.817380094667897, 0.0 ], [ 717768.942973567405716, 739595.18784926540684, 0.0 ], [ 717744.257729857927188, 739550.637112516909838, 0.0 ], [ 717596.484421624918468, 739648.07872393715661, 0.0 ], [ 717529.472191374748945, 739677.219205841771327, 0.0 ], [ 717480.390372024732642, 739682.439292167895474, 0.0 ], [ 717462.864096420817077, 739637.328546158387326, 0.0 ], [ 717371.009916938142851, 739644.348662252072245, 0.0 ], [ 717268.268827433232218, 739587.247717957128771, 0.0 ], [ 717214.881730029010214, 739619.178246001596563, 0.0 ], [ 717161.461641988251358, 739580.627608478418551, 0.0 ], [ 717140.001232989947312, 739516.186542797833681, 0.0 ], [ 717038.365329805528745, 739480.995960840955377, 0.0 ], [ 716967.996302298502997, 739456.575556993600912, 0.0 ], [ 716992.062971574836411, 739591.497788241831586, 0.0 ], [ 717137.337239098153077, 740020.364880541455932, 0.0 ], [ 717254.602456291788258, 739991.124396983068436, 0.0 ], [ 717469.742644116631709, 740021.524899725103751, 0.0 ], [ 717517.298646531766281, 740028.255011022905819, 0.0 ], [ 717526.437052823137492, 739893.31277944392059, 0.0 ], [ 717687.381872651167214, 739837.531856978661381, 0.0 ], [ 717721.683886880171485, 739932.383425566600636, 0.0 ], [ 717815.146359888836741, 739883.732621014118195, 0.0 ], [ 717992.842175364610739, 739830.021732781548053, 0.0 ], [ 718061.891577414469793, 740095.476122677908279, 0.0 ], [ 718117.555028732516803, 740101.22621776885353, 0.0 ], [ 718148.549731659353711, 740257.028794321347959, 0.0 ], [ 718307.845019665779546, 740206.657961324322969, 0.0 ], [ 718386.824603281333111, 740125.846624923753552, 0.0 ], [ 718692.194181744707748, 740057.055487304693088, 0.0 ], [ 718630.180032913689502, 739916.983170888153836, 0.0 ], [ 718782.786469383863732, 739816.841514816507697, 0.0 ], [ 718879.663473263150081, 739752.690453931689262, 0.0 ], [ 719003.081444151117466, 739678.199222048628144, 0.0 ], [ 719061.186202564975247, 739646.158692185068503, 0.0 ], [ 719133.468686984968372, 739606.678039281978272, 0.0 ], [ 719370.762087173177861, 739477.065895848325454, 0.0 ], [ 719429.50191533844918, 739450.755460745072924, 0.0 ], [ 719624.715758759062737, 739349.42378499370534, 0.0 ], [ 719819.088340950664133, 739635.928523005801253, 0.0 ], [ 720042.723617656505667, 739420.414958995301276, 0.0 ], [ 720148.722532508894801, 739328.43343787023332, 0.0 ] ] ] } },
{ "type": "Feature", "properties": { "RoutingKey": "D06", "Descriptor": "DUBLIN 6", "local_authority": "Dublin City", "CountyName": "Dublin 6" }, "geometry": { "type": "Polygon", "coordinates": [ [ [ 716724.038793551269919, 732226.815996359451674, 0.0 ], [ 716714.96636853273958, 732230.586058706045151, 0.0 ], [ 716696.466869154130109, 732206.90566709660925, 0.0 ], [ 716755.38814581965562, 732180.495230339467525, 0.0 ], [ 716786.877708292915486, 732207.925683964858763, 0.0 ], [ 716818.367270766175352, 732188.615364624536596, 0.0 ], [ 716833.320276728481986, 732177.395179073093459, 0.0 ], [ 716772.370075922459364, 732134.454468950047158, 0.0 ], [ 716602.493041280773468, 732059.293225986766629, 0.0 ], [ 716581.189337805495597, 731963.721645491779782, 0.0 ], [ 716645.529326504794881, 731866.670040521188639, 0.0 ], [ 716737.070094941416755, 731799.578931016032584, 0.0 ], [ 716760.485199148301035, 731815.359191978699528, 0.0 ], [ 716786.358105769148096, 731775.178527499432676, 0.0 ], [ 716794.490297649404965, 731735.547872115741484, 0.0 ], [ 716787.372567839454859, 731708.127418655785732, 0.0 ], [ 716760.254264693241566, 731698.717263037222438, 0.0 ], [ 716792.065485871746205, 731667.586748222936876, 0.0 ], [ 716900.052086569136009, 731618.585937882307917, 0.0 ], [ 716886.229009904549457, 731598.285602169693448, 0.0 ], [ 717053.788452337030321, 731381.082010210840963, 0.0 ], [ 717071.380709213786758, 731396.29226174717769, 0.0 ], [ 717134.788712433888577, 731325.161085430299863, 0.0 ], [ 717094.177238987525925, 731292.970553086022846, 0.0 ], [ 717117.427390012191609, 731265.530099295312539, 0.0 ], [ 717152.884076516260393, 731248.709821133525111, 0.0 ], [ 717178.097170408582315, 731187.718812507460825, 0.0 ], [ 717196.43171660497319, 731204.909096788149327, 0.0 ], [ 717265.192450586007908, 731134.997940647066571, 0.0 ], [ 717284.673421398503706, 731159.068338706274517, 0.0 ], [ 717333.375848429626785, 731127.54781744221691, 0.0 ], [ 717435.349905637442134, 731198.608992601512, 0.0 ], [ 717454.261787971481681, 731052.496576298028231, 0.0 ], [ 717505.826152712921612, 731062.806746800313704, 0.0 ], [ 717516.597595507628284, 731036.936318973544985, 0.0 ], [ 717487.42562524357345, 730992.655586690176278, 0.0 ], [ 717499.747627950506285, 730863.613452682970092, 0.0 ], [ 717458.286645616055466, 730770.091906089917757, 0.0 ], [ 717387.950608745333739, 730688.780561420600861, 0.0 ], [ 717302.32341188902501, 730697.25070149381645, 0.0 ], [ 717232.713169019902125, 730709.260900110006332, 0.0 ], [ 717129.221542536164634, 730678.030383641831577, 0.0 ], [ 717011.230531341163442, 730578.288734185160138, 0.0 ], [ 716937.372744031483307, 730584.858842837042175, 0.0 ], [ 716891.886904052458704, 730567.868561863782816, 0.0 ], [ 716850.30220683128573, 730521.34779253625311, 0.0 ], [ 716772.271104013198055, 730343.044843888608739, 0.0 ], [ 716688.078999841585755, 730104.050891576218419, 0.0 ], [ 716532.189995046588592, 730063.5802223009523, 0.0 ], [ 716323.639686848735437, 730039.619826060952619, 0.0 ], [ 716138.801398585666902, 730052.440038072527386, 0.0 ], [ 716091.278386806952767, 730095.980758118093945, 0.0 ], [ 716026.633234720677137, 730079.990493682445958, 0.0 ], [ 715983.300033768638968, 730014.53941129881423, 0.0 ], [ 715976.075084390351549, 729858.626832927227952, 0.0 ], [ 715903.81734294758644, 729828.096328035462648, 0.0 ], [ 715736.90121792559512, 729895.457442005746998, 0.0 ], [ 715569.383013788610697, 729883.55724520876538, 0.0 ], [ 715515.822715543094091, 729797.135816032416187, 0.0 ], [ 715462.039730501710437, 729627.263006796478294, 0.0 ], [ 715390.450049446662888, 729561.441918293945491, 0.0 ], [ 715343.826032510725781, 729565.771989901666529, 0.0 ], [ 715196.564079142408445, 729632.813098579994403, 0.0 ], [ 714995.040776504320092, 729686.213981685810722, 0.0 ], [ 714801.393988314201124, 729685.943977220682427, 0.0 ], [ 714591.796227409737185, 729670.603723534499295, 0.0 ], [ 714588.884803744731471, 729710.984391321311705, 0.0 ], [ 714597.652065376169048, 729781.13555143144913, 0.0 ], [ 714546.500083590159193, 729810.35603465908207, 0.0 ], [ 714492.428430479951203, 729804.51593807968311, 0.0 ], [ 714469.054564568563364, 729820.58620383834932, 0.0 ], [ 714445.672450998215936, 729858.58683226571884, 0.0 ], [ 714428.129680076148361, 729908.26765385188628, 0.0 ], [ 714416.615947961690836, 729923.247901584603824, 0.0 ], [ 714413.523075796314515, 729927.267968065687455, 0.0 ], [ 714425.218256411026232, 729953.578403168939985, 0.0 ], [ 714448.59212232241407, 729960.878523893188685, 0.0 ], [ 714448.59212232241407, 729988.648983141290955, 0.0 ], [ 714448.59212232241407, 730004.719248899957165, 0.0 ], [ 714431.065846718498506, 730033.94973229302559, 0.0 ], [ 714430.191594853065908, 730046.229935374227352, 0.0 ], [ 714429.606011056341231, 730054.400070486124605, 0.0 ], [ 714470.514400230720639, 730082.17052973434329, 0.0 ], [ 714502.672023091698065, 730115.791085727280006, 0.0 ], [ 714480.749745183391497, 730149.39164138934575, 0.0 ], [ 714436.913437025854364, 730178.622124782414176, 0.0 ], [ 714416.450994779588655, 730202.012511595967226, 0.0 ], [ 714387.171804947196506, 730214.732721953769214, 0.0 ], [ 714387.213043242692947, 730214.992726253578439, 0.0 ], [ 714396.005047851591371, 730253.633365265093744, 0.0 ], [ 714413.523075796314515, 730251.683333016815595, 0.0 ], [ 714431.057599059306085, 730261.913502196082845, 0.0 ], [ 714458.819219615892507, 730314.524372237268835, 0.0 ], [ 714496.824432784342207, 730348.134928064886481, 0.0 ], [ 714508.511365739977919, 730387.58558047178667, 0.0 ], [ 714518.746710692648776, 730470.88695805077441, 0.0 ], [ 714515.612600231659599, 730491.807304016663693, 0.0 ], [ 714446.85186625062488, 730482.447149225044996, 0.0 ], [ 714451.94891957915388, 730525.167855709791183, 0.0 ], [ 714478.96000315702986, 730527.187889115652069, 0.0 ], [ 714480.741497524199076, 730542.488142140442505, 0.0 ], [ 714502.66377543262206, 730552.718311319709755, 0.0 ], [ 714509.979449061094783, 730587.798891457379796, 0.0 ], [ 714494.63880312081892, 730627.089541218359955, 0.0 ], [ 714464.823515446390957, 730622.339462664909661, 0.0 ], [ 714492.428430479951203, 730626.739535430213436, 0.0 ], [ 714485.500396829447709, 730652.819966729846783, 0.0 ], [ 714509.61655206035357, 730658.670063474564813, 0.0 ], [ 714503.034920092439279, 730697.400703974417411, 0.0 ], [ 714478.201218519126996, 730708.350885060732253, 0.0 ], [ 714476.007341196411289, 730720.041078384849243, 0.0 ], [ 714485.500396829447709, 730739.041392598650418, 0.0 ], [ 714494.605812484282069, 730761.611765851383097, 0.0 ], [ 714453.441745877731591, 730756.661683990503661, 0.0 ], [ 714459.635737867560238, 730777.052021191455424, 0.0 ], [ 714464.361646536272019, 730786.722181109711528, 0.0 ], [ 714513.270265045110136, 730773.391960663953796, 0.0 ], [ 714522.037526676664129, 730775.581996881170198, 0.0 ], [ 714591.194148294860497, 730971.515237086103298, 0.0 ], [ 714616.588690687553026, 730960.9450622840086, 0.0 ], [ 714590.707536407513544, 730971.725240558967926, 0.0 ], [ 714601.685170679818839, 730988.935525170527399, 0.0 ], [ 714626.535367571399547, 731038.616346756694838, 0.0 ], [ 714652.103110805386677, 731086.847144363331608, 0.0 ], [ 714676.219266036292538, 731112.417567228898406, 0.0 ], [ 714665.249879423063248, 731162.838401052867994, 0.0 ], [ 714664.524085421580821, 731175.988618521834724, 0.0 ], [ 714668.1118171333801, 731177.648645974230021, 0.0 ], [ 714654.099044309463352, 731192.238887257291935, 0.0 ], [ 714657.035210951813497, 731203.189068343606777, 0.0 ], [ 714673.349080666783266, 731280.44034587033093, 0.0 ], [ 714677.192489810986444, 731337.591290992219001, 0.0 ], [ 714672.004712232272141, 731360.971677640452981, 0.0 ], [ 714680.235876021790318, 731363.031711707822978, 0.0 ], [ 714729.185732826124877, 731394.452231318107806, 0.0 ], [ 714774.490124304778874, 731420.762666421360336, 0.0 ], [ 714785.451263258932158, 731471.173500080010854, 0.0 ], [ 714710.191373900976032, 731463.873379355762154, 0.0 ], [ 714648.721570571186021, 731466.03341507690493, 0.0 ], [ 714645.133838859386742, 731482.233682985417545, 0.0 ], [ 714638.387253709253855, 731511.094160259468481, 0.0 ], [ 714634.898493906599469, 731536.554581305943429, 0.0 ], [ 714629.207609122269787, 731596.905579347861931, 0.0 ], [ 714680.903936409507878, 731599.915629125898704, 0.0 ], [ 714724.228889702353626, 731723.067665726994164, 0.0 ], [ 714759.050506455125287, 731724.277685737470165, 0.0 ], [ 714763.842396396794356, 731660.386629152460955, 0.0 ], [ 714798.556793581112288, 731636.946241511963308, 0.0 ], [ 714867.754653494921513, 731627.386083412799053, 0.0 ], [ 714862.839048666763119, 731667.306743592373095, 0.0 ], [ 714891.829570430330932, 731675.966886807698756, 0.0 ], [ 714963.559461690136231, 731691.777148266555741, 0.0 ], [ 714840.545626098522916, 731836.079534637043253, 0.0 ], [ 714893.718284365953878, 731881.590287261642516, 0.0 ], [ 714855.746061834041029, 732007.612371325376444, 0.0 ], [ 714922.090231696609408, 732070.563412365037948, 0.0 ], [ 714805.278635753900744, 732193.615447312360629, 0.0 ], [ 714815.027368819224648, 732225.52597502595745, 0.0 ], [ 714789.533854517270811, 732249.016363493399695, 0.0 ], [ 714815.151083705830388, 732299.867204428534023, 0.0 ], [ 714874.781659054686315, 732273.456767671392299, 0.0 ], [ 714886.023218418471515, 732291.847071797237732, 0.0 ], [ 714824.256499360781163, 732317.957503593061119, 0.0 ], [ 714884.002541937166825, 732292.707086019567214, 0.0 ], [ 714883.186023685499094, 732302.317244945559651, 0.0 ], [ 714848.479874160140753, 732316.937486724695191, 0.0 ], [ 714847.020038498099893, 732328.257673929911107, 0.0 ], [ 714856.513094131136313, 732352.368072650628164, 0.0 ], [ 714898.163772625033744, 732332.267740245559253, 0.0 ], [ 714904.382507592323236, 732347.247987978276797, 0.0 ], [ 714883.186023685499094, 732366.248302191961557, 0.0 ], [ 714891.681112566380762, 732389.578688013367355, 0.0 ], [ 714868.447456859983504, 732438.089490250567906, 0.0 ], [ 714997.176920213270932, 732430.969372503110208, 0.0 ], [ 715072.354332980117761, 732434.039423273410648, 0.0 ], [ 715125.75792570260819, 732439.339510922553018, 0.0 ], [ 715131.415819850517437, 732440.169524648692459, 0.0 ], [ 715193.306253794813529, 732448.719666044926271, 0.0 ], [ 715220.276099077076651, 732452.099721941864118, 0.0 ], [ 715311.78387687727809, 732462.549894759431481, 0.0 ], [ 715371.942302408977412, 732470.060018956544809, 0.0 ], [ 715388.520097215427086, 732472.030051535577513, 0.0 ], [ 715570.760372859658673, 732495.480439341394231, 0.0 ], [ 715585.152538002585061, 732496.470455713570118, 0.0 ], [ 715615.338970336830243, 732498.540489946375601, 0.0 ], [ 715633.912698647473007, 732500.170516902580857, 0.0 ], [ 715676.4046383703826, 732502.590556923532858, 0.0 ], [ 715682.359448246192187, 732503.010563869262114, 0.0 ], [ 715887.412748982314952, 732546.681286064675078, 0.0 ], [ 715903.602903810795397, 732553.691401993040927, 0.0 ], [ 715981.312347923754714, 732584.041903908015229, 0.0 ], [ 716057.050601509865373, 732613.952398546622135, 0.0 ], [ 716067.780806009075604, 732617.922464200761169, 0.0 ], [ 716235.50520162365865, 732681.803520620334893, 0.0 ], [ 716331.796621706336737, 732718.64412986417301, 0.0 ], [ 716397.951095409342088, 732567.621632361318916, 0.0 ], [ 716365.372841933858581, 732555.321428949246183, 0.0 ], [ 716397.74490393162705, 732567.541631038300693, 0.0 ], [ 716439.469811357557774, 732518.760824335855432, 0.0 ], [ 716472.988297971314751, 732473.060068569262512, 0.0 ], [ 716506.506784585071728, 732447.659648515051231, 0.0 ], [ 716550.19463487865869, 732414.129094010568224, 0.0 ], [ 716626.37001439766027, 732389.758690990158357, 0.0 ], [ 716613.429437257582322, 732375.198450203170069, 0.0 ], [ 716717.630362424533814, 732281.726904437062331, 0.0 ], [ 716754.348940772120841, 732325.167622828856111, 0.0 ], [ 716790.234505549771711, 732294.117109337472357, 0.0 ], [ 716724.038793551269919, 732226.815996359451674, 0.0 ] ] ] } },
{ "type": "Feature", "properties": { "RoutingKey": "D07", "Descriptor": "DUBLIN 7", "local_authority": "Dublin City", "CountyName": "Dublin 7" }, "geometry": { "type": "Polygon", "coordinates": [ [ [ 715700.949671874986961, 735813.425309159560129, 0.0 ], [ 715707.786981275305152, 735805.525178512907587, 0.0 ], [ 715701.939390967949294, 735791.644948971457779, 0.0 ], [ 715669.790015766047873, 735786.524864299106412, 0.0 ], [ 715662.136188114061952, 735772.164626819780096, 0.0 ], [ 715705.469389065983705, 735749.514252243912779, 0.0 ], [ 715691.737036651698872, 735722.793810360133648, 0.0 ], [ 715662.589809364988469, 735733.603989131283015, 0.0 ], [ 715644.948066533543169, 735714.923680209554732, 0.0 ], [ 715624.48562428727746, 735684.223172506317496, 0.0 ], [ 715598.90963339433074, 735655.002689278684556, 0.0 ], [ 715584.303029114496894, 735633.812338847783394, 0.0 ], [ 715572.583105522440746, 735627.422233172692358, 0.0 ], [ 715576.005884052137844, 735624.422183559974656, 0.0 ], [ 715555.667156692477874, 735556.841065951390192, 0.0 ], [ 715511.946315762470476, 735524.400529472855851, 0.0 ], [ 715465.85014900949318, 735431.548993960022926, 0.0 ], [ 715453.321954824845307, 735385.828237862675451, 0.0 ], [ 715417.923001934424974, 735313.227037235512398, 0.0 ], [ 715374.111436754232273, 735331.827344834222458, 0.0 ], [ 715369.426766381133348, 735323.137201122706756, 0.0 ], [ 715337.425849043182097, 735263.816220114473253, 0.0 ], [ 715392.949090156354941, 735227.635621785419062, 0.0 ], [ 715342.31671089399606, 735196.555107797845267, 0.0 ], [ 715374.127932072500698, 735177.554793584160507, 0.0 ], [ 715341.450706687755883, 735123.023891790769994, 0.0 ], [ 715290.372953833546489, 735139.724167968146503, 0.0 ], [ 715243.798422852298245, 735101.163530279649422, 0.0 ], [ 715225.901002588565461, 735084.723258402082138, 0.0 ], [ 715216.086288250400685, 735075.273102122126147, 0.0 ], [ 715254.215216305339709, 735050.222687856177799, 0.0 ], [ 715243.163353101001121, 735022.982237372896634, 0.0 ], [ 715000.17906812846195, 735154.074405282153748, 0.0 ], [ 714970.60296256816946, 735139.684167306637391, 0.0 ], [ 714949.414726320421323, 734932.510741219506599, 0.0 ], [ 714963.592452326556668, 734929.09068466105964, 0.0 ], [ 714972.161770139588043, 734909.160355067346245, 0.0 ], [ 715065.170621897326782, 734913.13042072148528, 0.0 ], [ 715076.601877420558594, 734796.078484999598004, 0.0 ], [ 715117.642229140619747, 734771.818083798279986, 0.0 ], [ 715141.956328190164641, 734782.628262569429353, 0.0 ], [ 715155.738166559138335, 734797.238504183245823, 0.0 ], [ 715159.400127202970907, 734729.967391701298766, 0.0 ], [ 715161.008420728961937, 734682.406605174764991, 0.0 ], [ 715141.964575849240646, 734678.26653670927044, 0.0 ], [ 715198.518774350872263, 734690.556739955907688, 0.0 ], [ 715211.640799991320819, 734656.906183466897346, 0.0 ], [ 715214.783158111386001, 734647.466027352260426, 0.0 ], [ 715195.557864731294103, 734630.395745055982843, 0.0 ], [ 715219.170912756584585, 734522.96396842552349, 0.0 ], [ 715250.338816524716094, 734526.934034079662524, 0.0 ], [ 715252.978067439165898, 734496.193525714916177, 0.0 ], [ 715266.990840263199061, 734453.052812284440733, 0.0 ], [ 715281.605692202108912, 734404.092002605320886, 0.0 ], [ 715277.951979217352346, 734394.591845498420298, 0.0 ], [ 715296.179305845405906, 734335.070861182641238, 0.0 ], [ 715289.44096835446544, 734332.310815538978204, 0.0 ], [ 715330.695759211201221, 734225.859055115259252, 0.0 ], [ 715315.676771976053715, 734222.909006329486147, 0.0 ], [ 715215.02234022540506, 734203.178680043318309, 0.0 ], [ 715185.594692529062741, 734197.388584290863946, 0.0 ], [ 715051.512498414958827, 734175.778226914000697, 0.0 ], [ 714810.210735900327563, 734199.21861455461476, 0.0 ], [ 714739.223133960156702, 734218.858939352328889, 0.0 ], [ 714690.248534178594127, 734232.559165916987695, 0.0 ], [ 714679.006974814692512, 734235.699217844870873, 0.0 ], [ 714660.713666913798079, 734241.009305659332313, 0.0 ], [ 714607.771943101310171, 734256.559562818496488, 0.0 ], [ 714538.12870959576685, 734276.12988645862788, 0.0 ], [ 714496.741956193232909, 734288.420089705265127, 0.0 ], [ 714491.677893501124345, 734289.700110873323865, 0.0 ], [ 714386.355286695528775, 734304.860361582832411, 0.0 ], [ 714341.331315626506694, 734311.21046659629792, 0.0 ], [ 714325.949431390617974, 734313.380502482876182, 0.0 ], [ 714252.339073854149319, 734321.480636437190697, 0.0 ], [ 714147.123686617007479, 734324.570687538245693, 0.0 ], [ 714119.667229447397403, 734325.57070407574065, 0.0 ], [ 713904.032182076014578, 734335.190863167168573, 0.0 ], [ 713733.948955956613645, 734380.791617280105129, 0.0 ], [ 713725.552838984993286, 734446.662706609349698, 0.0 ], [ 713858.958725052303635, 734445.252683291444555, 0.0 ], [ 713857.515384708531201, 734456.342866693041287, 0.0 ], [ 713831.510515541885979, 734461.74295599584002, 0.0 ], [ 713806.23968803579919, 734470.403099211165681, 0.0 ], [ 713743.417268612305634, 734478.353230684762821, 0.0 ], [ 713661.113878376316279, 734487.013373900088482, 0.0 ], [ 713648.115567622589879, 734475.463182891253382, 0.0 ], [ 713587.462282544467598, 734476.183194798300974, 0.0 ], [ 713534.759740846115164, 734487.013373900088482, 0.0 ], [ 713512.524051891639829, 734491.913454934139736, 0.0 ], [ 713510.808538797311485, 734540.134252375457436, 0.0 ], [ 713335.809707849635743, 734833.639106150483713, 0.0 ], [ 713297.779751703958027, 734897.760166539112106, 0.0 ], [ 713254.924914980307221, 734967.671322680194862, 0.0 ], [ 712914.22236489946954, 735533.190674838027917, 0.0 ], [ 712719.453895070590079, 735709.013582472573034, 0.0 ], [ 712455.949434238136746, 735925.95717013173271, 0.0 ], [ 712203.381369382375851, 736084.639794312301092, 0.0 ], [ 711883.933036822127178, 736282.413064946420491, 0.0 ], [ 711694.311106276581995, 736340.394023794331588, 0.0 ], [ 711606.407555506564677, 736378.874660159810446, 0.0 ], [ 711148.530512482277118, 736810.511798268533312, 0.0 ], [ 710879.13722304685507, 736920.783621865790337, 0.0 ], [ 710965.35825135896448, 737019.545255115604959, 0.0 ], [ 711006.373860101681203, 737063.955989548820071, 0.0 ], [ 711005.400636326987296, 737138.987230362254195, 0.0 ], [ 711057.270164455403574, 737160.037578477873467, 0.0 ], [ 711077.336719064507633, 737090.916435401537456, 0.0 ], [ 711129.173256556503475, 737063.055974664981477, 0.0 ], [ 711092.941290096263401, 737228.588712127879262, 0.0 ], [ 711050.251406554714777, 737436.132144333911128, 0.0 ], [ 711483.22051907365676, 737454.412446640664712, 0.0 ], [ 711830.768626213772222, 737463.972604739712551, 0.0 ], [ 711952.339121461613104, 737463.972604739712551, 0.0 ], [ 712019.722496371716261, 737463.972604739712551, 0.0 ], [ 712121.449123806320131, 737471.002720998832956, 0.0 ], [ 712394.48787856742274, 737422.351916446350515, 0.0 ], [ 712414.331746380543336, 737419.84187493706122, 0.0 ], [ 712554.533703552675433, 737402.081581229926087, 0.0 ], [ 712568.851639763684943, 737413.881776373134926, 0.0 ], [ 712598.62568914250005, 737400.651557581149973, 0.0 ], [ 712791.175538671435788, 737312.590101283276454, 0.0 ], [ 712882.221447561518289, 737267.799360565841198, 0.0 ], [ 712907.294331248966046, 737243.838964325841516, 0.0 ], [ 712910.494422982796095, 737252.759111840859987, 0.0 ], [ 713126.970731583074667, 737197.808203101740219, 0.0 ], [ 713126.805778400972486, 737206.188341686502099, 0.0 ], [ 713409.288102840306237, 737124.136984779383056, 0.0 ], [ 713716.975273513002321, 737023.745324573363177, 0.0 ], [ 713826.289747326634824, 736985.55469300376717, 0.0 ], [ 714060.861420009285212, 736772.301166368182749, 0.0 ], [ 714328.497958054882474, 736626.218750560889021, 0.0 ], [ 714643.34409683290869, 736467.166120261303149, 0.0 ], [ 714776.469562490703538, 736399.915008110110648, 0.0 ], [ 714934.041089743608609, 736326.033786314888857, 0.0 ], [ 715019.024969189544208, 736286.193127458333038, 0.0 ], [ 715020.971416739048436, 736296.443296968354844, 0.0 ], [ 715319.190274755936116, 736188.061504627228715, 0.0 ], [ 715484.910489207366481, 736128.800524611142464, 0.0 ], [ 715503.764637927641161, 736121.860409840475768, 0.0 ], [ 715524.994112470885739, 736114.110281674307771, 0.0 ], [ 715694.730936907813884, 736055.259308438748121, 0.0 ], [ 715806.585689726634882, 736010.9885763208149, 0.0 ], [ 715790.791422535432503, 735993.32828426733613, 0.0 ], [ 715792.86983263050206, 735973.817961619468406, 0.0 ], [ 715785.974789616535418, 735965.537824688479304, 0.0 ], [ 715780.655049492022954, 735948.627545038238168, 0.0 ], [ 715749.874785701977089, 735938.257373543689027, 0.0 ], [ 715759.763728972175159, 735918.477046430693008, 0.0 ], [ 715753.066629776731133, 735911.666933809872717, 0.0 ], [ 715774.12290347868111, 735902.746786294854246, 0.0 ], [ 715746.872637786786072, 735850.275918568833731, 0.0 ], [ 715723.886411853600293, 735858.276050869375467, 0.0 ], [ 715706.830252818763256, 735812.345291299046949, 0.0 ], [ 715700.949671874986961, 735813.425309159560129, 0.0 ] ] ] } },
{ "type": "Feature", "properties": { "RoutingKey": "D09", "Descriptor": "DUBLIN 9", "local_authority": "Dublin City", "CountyName": "Dublin 9" }, "geometry": { "type": "Polygon", "coordinates": [ [ [ 717683.744654984679073, 736983.984667039825581, 0.0 ], [ 717662.713124259957112, 736958.514245828031562, 0.0 ], [ 717652.420045693521388, 736951.604131553438492, 0.0 ], [ 717413.790524729876779, 737091.636447308585048, 0.0 ], [ 717410.112068767775781, 737141.757276171236299, 0.0 ], [ 717381.426710391184315, 737158.11754672578536, 0.0 ], [ 717373.368747442960739, 737123.646976675954647, 0.0 ], [ 717367.521157135604881, 737123.646976675954647, 0.0 ], [ 717306.87611971644219, 737153.607472141389735, 0.0 ], [ 717260.845934236305766, 737176.987858789623715, 0.0 ], [ 717238.948399305343628, 737187.118026315118186, 0.0 ], [ 717234.733845501206815, 737145.447337194811553, 0.0 ], [ 717237.752488734666258, 737175.307831006473862, 0.0 ], [ 717199.466855156701058, 737183.557967441389337, 0.0 ], [ 717188.505716202431358, 737156.537520596408285, 0.0 ], [ 717183.4499011693988, 737148.397385980701074, 0.0 ], [ 717191.054242866812274, 737145.697341329301707, 0.0 ], [ 717181.72614041599445, 737100.236589531647041, 0.0 ], [ 717150.978867262369022, 736963.354325869819149, 0.0 ], [ 717144.553940817480907, 736923.413665359490551, 0.0 ], [ 716889.552816524985246, 736994.334838203620166, 0.0 ], [ 716832.907893773168325, 736790.961474959156476, 0.0 ], [ 716713.391065643168986, 736796.231562112108804, 0.0 ], [ 716695.906028334749863, 736765.141047959332354, 0.0 ], [ 716639.203371969168074, 736598.478291808860376, 0.0 ], [ 716546.499683598405682, 736641.979011192917824, 0.0 ], [ 716562.145492925774306, 736690.439812603290193, 0.0 ], [ 716502.127277598949149, 736719.520293515641242, 0.0 ], [ 716467.693300824146718, 736681.759669057209976, 0.0 ], [ 716419.221808248083107, 736689.909803838352673, 0.0 ], [ 716346.304254076792859, 736790.871473470819183, 0.0 ], [ 716185.837798476917669, 736840.862300183624029, 0.0 ], [ 716170.86004953738302, 736810.72180174139794, 0.0 ], [ 716147.956300195190124, 736868.332754470524378, 0.0 ], [ 716128.211404291330837, 736811.591816129162908, 0.0 ], [ 716116.730662813410163, 736765.531054408871569, 0.0 ], [ 716245.674565303488635, 736750.290802376461215, 0.0 ], [ 716260.644066583947279, 736657.379265871364623, 0.0 ], [ 716333.198723754612729, 736600.368323064874858, 0.0 ], [ 716229.599877702537924, 736532.897207275382243, 0.0 ], [ 716163.668090795399621, 736326.953801529482007, 0.0 ], [ 716110.940806119702756, 736341.714045623899437, 0.0 ], [ 716094.214553449302912, 736268.362832593615167, 0.0 ], [ 715985.823817455675453, 736252.892576757469214, 0.0 ], [ 715967.035650008241646, 736217.271987689426169, 0.0 ], [ 715994.087971881614067, 736203.561760959448293, 0.0 ], [ 715960.280817199032754, 736148.710853874101304, 0.0 ], [ 715924.403500080457889, 736085.199803573428653, 0.0 ], [ 715883.148709223605692, 736024.718803381547332, 0.0 ], [ 715878.760954578290693, 736013.028610057430342, 0.0 ], [ 715879.049622647115029, 736012.778605923056602, 0.0 ], [ 715865.770891483640298, 736002.458435255335644, 0.0 ], [ 715845.143496055272408, 736011.808589881518856, 0.0 ], [ 715839.485601907363161, 735999.718389942427166, 0.0 ], [ 715806.585689726634882, 736010.9885763208149, 0.0 ], [ 715694.730936907813884, 736055.259308438748121, 0.0 ], [ 715524.994112470885739, 736114.110281674307771, 0.0 ], [ 715503.764637927641161, 736121.860409840475768, 0.0 ], [ 715484.910489207366481, 736128.800524611142464, 0.0 ], [ 715319.190274755936116, 736188.061504627228715, 0.0 ], [ 715020.971416739048436, 736296.443296968354844, 0.0 ], [ 715019.024969189544208, 736286.193127458333038, 0.0 ], [ 714934.041089743608609, 736326.033786314888857, 0.0 ], [ 714957.134535245248117, 736388.224814785993658, 0.0 ], [ 714998.19138228346128, 736433.30556029942818, 0.0 ], [ 715000.607946402044035, 736473.556225936394185, 0.0 ], [ 715014.587728589656763, 736488.146467219456099, 0.0 ], [ 715003.354416884947568, 736512.73687387816608, 0.0 ], [ 715013.490789928357117, 736519.446984845213592, 0.0 ], [ 715027.973679321468808, 736551.637517189374194, 0.0 ], [ 715014.290812861756422, 736570.157823465066031, 0.0 ], [ 715010.265955217182636, 736588.668129575322382, 0.0 ], [ 715003.024510520626791, 736631.328835067804903, 0.0 ], [ 714956.334512311848812, 736649.039127948111854, 0.0 ], [ 714933.79365997039713, 736686.879753729561344, 0.0 ], [ 714925.743944681249559, 736707.810099860769697, 0.0 ], [ 714939.080409458489157, 736772.361167360446416, 0.0 ], [ 714890.674898155266419, 736800.511632892885245, 0.0 ], [ 714931.739992852555588, 736884.433020725264214, 0.0 ], [ 714991.098395450855605, 736896.923227279447019, 0.0 ], [ 715004.451355546247214, 736933.223827593028545, 0.0 ], [ 715061.764338685781695, 737081.976287555648014, 0.0 ], [ 714922.172708287602291, 737071.006106138578616, 0.0 ], [ 714887.60676896723453, 737125.847013058606535, 0.0 ], [ 714953.596289488021284, 737170.687754602986388, 0.0 ], [ 714955.34479321888648, 737214.45847845217213, 0.0 ], [ 714906.089773027575575, 737265.099315914441831, 0.0 ], [ 714927.880088390200399, 737289.439718438661657, 0.0 ], [ 714888.109876172733493, 737325.080307837459259, 0.0 ], [ 714896.423516553360969, 737369.571043593692593, 0.0 ], [ 714821.658486741827801, 737445.662301937001757, 0.0 ], [ 714866.797925038379617, 737457.742501710774377, 0.0 ], [ 714974.76803041761741, 737386.741327543626539, 0.0 ], [ 715052.197054120828398, 737414.591788114863448, 0.0 ], [ 715108.627537735854276, 737480.392876286525279, 0.0 ], [ 715108.107935212086886, 737551.084045326919295, 0.0 ], [ 715095.513759754598141, 737598.264825569232926, 0.0 ], [ 715093.336377750150859, 737598.914836318581365, 0.0 ], [ 715102.161372995469719, 737622.305223132250831, 0.0 ], [ 715080.874164838343859, 737716.906787585816346, 0.0 ], [ 715137.626307158614509, 737754.747413367265835, 0.0 ], [ 715140.727426983066835, 737945.670570718939416, 0.0 ], [ 715139.54801173065789, 737945.860573861049488, 0.0 ], [ 715185.685416779248044, 738325.566853174124844, 0.0 ], [ 715303.519722451339476, 738298.366403352352791, 0.0 ], [ 715323.742982583469711, 738432.238617236143909, 0.0 ], [ 715336.873255882877856, 738641.522078217472881, 0.0 ], [ 715364.676114735077135, 738677.042665631743148, 0.0 ], [ 715362.309036571066827, 738743.26376074925065, 0.0 ], [ 715340.05685229843948, 738776.634312607813627, 0.0 ], [ 715345.360097104799934, 738784.364440443110652, 0.0 ], [ 715327.281228340580128, 738929.64684302045498, 0.0 ], [ 715249.142905954038724, 739002.618049766519107, 0.0 ], [ 715053.904319556197152, 739041.658695393009111, 0.0 ], [ 715062.96849691553507, 739078.619306621374562, 0.0 ], [ 715369.773168063606136, 739020.038337850826792, 0.0 ], [ 715383.719959614798427, 739067.459122062078677, 0.0 ], [ 715388.610821465612389, 739078.629306786693633, 0.0 ], [ 715424.191222856286913, 739067.609124542796053, 0.0 ], [ 715442.674226916744374, 739130.920171535923146, 0.0 ], [ 715472.687458409694955, 739372.344164034584537, 0.0 ], [ 715471.442061884445138, 739402.764667107374407, 0.0 ], [ 715450.352797546074726, 739648.928737994050607, 0.0 ], [ 715460.530408884980716, 739719.829910507425666, 0.0 ], [ 715481.157804313348606, 739765.450664951000363, 0.0 ], [ 715444.670160420821048, 739794.87115148617886, 0.0 ], [ 715443.416516236495227, 739921.043238030630164, 0.0 ], [ 715446.04751949175261, 740034.025106444605626, 0.0 ], [ 715458.22106433485169, 740229.968346814857796, 0.0 ], [ 715460.093282952206209, 740309.109655597712845, 0.0 ], [ 715459.639661701279692, 740320.569845118210651, 0.0 ], [ 715456.051929989480413, 740409.341313157696277, 0.0 ], [ 715455.210668760468252, 740432.40169451397378, 0.0 ], [ 715136.85102720244322, 740516.75308945751749, 0.0 ], [ 715101.567541539669037, 740706.146221506758593, 0.0 ], [ 715035.231619336293079, 740831.85830044397153, 0.0 ], [ 714905.256759457755834, 740871.648958473582752, 0.0 ], [ 714890.493449654895812, 740871.478955662227236, 0.0 ], [ 714866.649467174429446, 741239.915048596914858, 0.0 ], [ 715372.362933023483492, 741293.895941294613294, 0.0 ], [ 715339.025894909980707, 741362.897082386538386, 0.0 ], [ 715619.223617776646279, 741323.976438744575717, 0.0 ], [ 716089.315443939296529, 741376.94731473934371, 0.0 ], [ 716179.69329244166147, 741361.547060060780495, 0.0 ], [ 716178.50562953017652, 741377.167318377527408, 0.0 ], [ 717104.21464012155775, 741456.028622529818676, 0.0 ], [ 717082.473810713621788, 741597.100955483969301, 0.0 ], [ 717263.592404719209298, 741572.580549982958473, 0.0 ], [ 717341.887432628776878, 741592.530879907310009, 0.0 ], [ 717322.505433725658804, 741433.218245308031328, 0.0 ], [ 717216.564252486918122, 741376.94731473934371, 0.0 ], [ 717128.099860897520557, 741365.967133156838827, 0.0 ], [ 717181.231280869455077, 741165.613819855847396, 0.0 ], [ 716996.269277719780803, 740729.176602366846055, 0.0 ], [ 717033.589935182128102, 740733.326670997776091, 0.0 ], [ 717110.425127429654822, 740741.866812228574418, 0.0 ], [ 717531.946489107096568, 740644.69520527345594, 0.0 ], [ 717450.797771146171726, 740511.393000816111453, 0.0 ], [ 717438.657216939609498, 740490.412653858074918, 0.0 ], [ 717400.338592725107446, 740424.901570482295938, 0.0 ], [ 717389.666121839778498, 740406.011258087703027, 0.0 ], [ 717358.300274253124371, 740353.260385731118731, 0.0 ], [ 717303.997686687856913, 740227.978313905186951, 0.0 ], [ 717246.527998025296256, 740093.036082326201722, 0.0 ], [ 717254.602456291788258, 739991.124396983068436, 0.0 ], [ 717137.337239098153077, 740020.364880541455932, 0.0 ], [ 716992.062971574836411, 739591.497788241831586, 0.0 ], [ 716967.996302298502997, 739456.575556993600912, 0.0 ], [ 717038.365329805528745, 739480.995960840955377, 0.0 ], [ 717140.001232989947312, 739516.186542797833681, 0.0 ], [ 717161.461641988251358, 739580.627608478418551, 0.0 ], [ 717214.881730029010214, 739619.178246001596563, 0.0 ], [ 717268.268827433232218, 739587.247717957128771, 0.0 ], [ 717371.009916938142851, 739644.348662252072245, 0.0 ], [ 717462.864096420817077, 739637.328546158387326, 0.0 ], [ 717480.390372024732642, 739682.439292167895474, 0.0 ], [ 717529.472191374748945, 739677.219205841771327, 0.0 ], [ 717596.484421624918468, 739648.07872393715661, 0.0 ], [ 717744.257729857927188, 739550.637112516909838, 0.0 ], [ 717768.942973567405716, 739595.18784926540684, 0.0 ], [ 717873.589272326091304, 739566.817380094667897, 0.0 ], [ 717939.925194529583678, 739553.607161633437499, 0.0 ], [ 717998.467078876099549, 739531.216791357379407, 0.0 ], [ 718290.755869994638488, 739487.476068004383706, 0.0 ], [ 718393.628922045230865, 739453.155500435153954, 0.0 ], [ 718473.67245368566364, 739390.294460883946158, 0.0 ], [ 718397.464083530241624, 739212.831526127760299, 0.0 ], [ 718200.914119334192947, 739232.93185853282921, 0.0 ], [ 718184.509525368921459, 739158.850633430061862, 0.0 ], [ 718160.277902910485864, 739026.848450471647084, 0.0 ], [ 717998.533060148940422, 739081.879360533785075, 0.0 ], [ 717934.564216109458357, 739035.868599640438333, 0.0 ], [ 717884.57515425758902, 738931.89688022993505, 0.0 ], [ 718035.787736338563263, 738826.16513171326369, 0.0 ], [ 717988.503906673984602, 738719.723371454980224, 0.0 ], [ 718068.976316587999463, 738700.553054429939948, 0.0 ], [ 718254.573389489087276, 738646.282156936242245, 0.0 ], [ 718214.869158544461243, 738465.119160991162062, 0.0 ], [ 718174.076236597727984, 738283.386155619635247, 0.0 ], [ 718279.29987149394583, 738189.27459926949814, 0.0 ], [ 718241.979214031598531, 738166.604224362992682, 0.0 ], [ 718235.496553972945549, 738080.952807920635678, 0.0 ], [ 718317.907163777272217, 738023.821863129618578, 0.0 ], [ 718378.428486309712753, 738051.792325685266405, 0.0 ], [ 718393.34025397640653, 738083.692853233544156, 0.0 ], [ 718399.608474898268469, 738080.822805770672858, 0.0 ], [ 718583.011670476640575, 737958.070775784784928, 0.0 ], [ 718676.540124758263119, 737898.159785019233823, 0.0 ], [ 718676.540124758263119, 737882.079519095248543, 0.0 ], [ 718673.282299410668202, 737865.53924556390848, 0.0 ], [ 718663.533566345344298, 737870.759331890032627, 0.0 ], [ 718521.896516488515772, 737725.686932785669342, 0.0 ], [ 718555.885119671351276, 737684.686254745465703, 0.0 ], [ 718518.201565208262764, 737680.926192564307712, 0.0 ], [ 718514.151964586344548, 737682.836224150960334, 0.0 ], [ 718520.90679739555344, 737669.45600287837442, 0.0 ], [ 718517.244836751720868, 737649.725676592206582, 0.0 ], [ 718528.6843399341451, 737635.245437128352933, 0.0 ], [ 718518.267546481103636, 737625.705279359943233, 0.0 ], [ 718505.516665500588715, 737606.934968949877657, 0.0 ], [ 718458.793676655273885, 737629.99535030615516, 0.0 ], [ 718422.256546808057465, 737579.584516647504643, 0.0 ], [ 718436.871398746967316, 737569.354347468237393, 0.0 ], [ 718469.961007087142207, 737554.644104200648144, 0.0 ], [ 718462.043254343792796, 737542.983911372721195, 0.0 ], [ 718455.700804489897564, 737530.293701510992832, 0.0 ], [ 718405.447817546548322, 737539.393852002802305, 0.0 ], [ 718390.841213266830891, 737478.022837092517875, 0.0 ], [ 718365.265222373767756, 737416.64182201679796, 0.0 ], [ 718337.495354158105329, 737399.841544185765088, 0.0 ], [ 718330.187928188592196, 737379.381205827230588, 0.0 ], [ 718317.775201231474057, 737368.41102441016119, 0.0 ], [ 718298.772594647365622, 737367.681012337678112, 0.0 ], [ 718293.180681772297248, 737359.760881360154599, 0.0 ], [ 718235.422325040912256, 737386.471323078498244, 0.0 ], [ 718223.974574199412018, 737360.430892440374009, 0.0 ], [ 718174.868011872051284, 737363.420941887656227, 0.0 ], [ 718161.003696911968291, 737423.54193612607196, 0.0 ], [ 718018.467652212362736, 737479.452860741293989, 0.0 ], [ 717993.543226388865151, 737409.421702615683898, 0.0 ], [ 717974.722068305010907, 737398.371519875596277, 0.0 ], [ 717729.213999645551667, 737478.742848999565467, 0.0 ], [ 717697.056376784457825, 737347.230674144579098, 0.0 ], [ 717789.124995403923094, 737202.558281655190513, 0.0 ], [ 717686.829279490979388, 737103.186638317420147, 0.0 ], [ 717758.435455864178948, 737053.505816731252708, 0.0 ], [ 718027.325638093985617, 736977.504559876397252, 0.0 ], [ 718094.478078549145721, 736931.923806094215252, 0.0 ], [ 718035.218647860107012, 736828.612097598495893, 0.0 ], [ 718008.760157442535274, 736796.601568231009878, 0.0 ], [ 717978.202580448472872, 736784.641370441764593, 0.0 ], [ 717943.298487104591914, 736805.791720211273059, 0.0 ], [ 717921.367961537209339, 736804.331696066423319, 0.0 ], [ 717699.250254107173532, 736921.973641545395367, 0.0 ], [ 717718.681738964980468, 736963.854334138566628, 0.0 ], [ 717683.744654984679073, 736983.984667039825581, 0.0 ] ] ] } },
{ "type": "Feature", "properties": { "RoutingKey": "D10", "Descriptor": "DUBLIN 10", "local_authority": "Dublin City", "CountyName": "Dublin 10" }, "geometry": { "type": "Polygon", "coordinates": [ [ [ 711951.184449186548591, 733776.471623464720324, 0.0 ], [ 711938.029432909679599, 733726.790801878552884, 0.0 ], [ 711928.396167071885429, 733693.420250020106323, 0.0 ], [ 711938.928427752456628, 733694.540268542128615, 0.0 ], [ 711873.4090238007484, 733591.408563023200259, 0.0 ], [ 711842.884437443106435, 733684.330099693615921, 0.0 ], [ 711671.745510957902297, 733666.149799040635116, 0.0 ], [ 711547.783194568823092, 733661.759726440766826, 0.0 ], [ 711483.649397347238846, 733663.319752239389345, 0.0 ], [ 711390.351877520675771, 733632.439241559361108, 0.0 ], [ 711307.339188601472415, 733603.268759158672765, 0.0 ], [ 710766.655648135812953, 733416.235666138119996, 0.0 ], [ 710611.599656910635531, 733361.76476533699315, 0.0 ], [ 710283.573758878395893, 733251.102935290080495, 0.0 ], [ 710315.797363012214191, 733188.501900038681924, 0.0 ], [ 710381.663168646511622, 733173.581653298111632, 0.0 ], [ 710474.869964222889394, 733130.100934244925156, 0.0 ], [ 710555.631042205612175, 733090.330276545952074, 0.0 ], [ 710643.476859361981042, 732714.894067848334089, 0.0 ], [ 710135.709726395201869, 732602.382207207032479, 0.0 ], [ 709932.239976207725704, 732555.931439037085511, 0.0 ], [ 709859.594594786991365, 732540.601185516337864, 0.0 ], [ 709364.207198140909895, 732430.829370187828317, 0.0 ], [ 709348.511902858852409, 732472.960066915489733, 0.0 ], [ 709374.813687753397971, 732589.872000322095118, 0.0 ], [ 709436.192766833002679, 732639.552821908262558, 0.0 ], [ 709516.005364018492401, 732648.982977857463993, 0.0 ], [ 709613.764867422287352, 733007.658909385558218, 0.0 ], [ 708982.027170407352969, 732904.667206181795336, 0.0 ], [ 708686.109409281401895, 732859.276455541839823, 0.0 ], [ 708309.18314039951656, 732800.515483794501051, 0.0 ], [ 708031.212285491987132, 732757.914779294282198, 0.0 ], [ 707963.16085019428283, 732747.544607799733058, 0.0 ], [ 707726.774692507926375, 732711.514011951396242, 0.0 ], [ 707503.881705121719278, 733082.880153341102414, 0.0 ], [ 707534.505263388738967, 733115.440691804164089, 0.0 ], [ 707513.209807572537102, 733185.21184563008137, 0.0 ], [ 707610.895082044415176, 733192.561967181158252, 0.0 ], [ 707718.139393422054127, 733128.650910265394486, 0.0 ], [ 707770.586257688119076, 733164.371500987210311, 0.0 ], [ 707762.957173013477586, 733288.403552141273394, 0.0 ], [ 707802.40572652569972, 733415.545654727146029, 0.0 ], [ 707811.172988157137297, 733551.447902182117105, 0.0 ], [ 707733.405810430529527, 733788.771826876793057, 0.0 ], [ 707790.215686364448629, 733831.542534188367426, 0.0 ], [ 707847.866823527379893, 733857.952970945509151, 0.0 ], [ 707888.123647632193752, 733987.375111237051897, 0.0 ], [ 707893.43514009763021, 734047.966113248025067, 0.0 ], [ 707892.156752935843542, 734184.928378232754767, 0.0 ], [ 707947.152143866172992, 734285.590042904019356, 0.0 ], [ 707986.542963764630258, 734267.499743739375845, 0.0 ], [ 708090.306762998807244, 734252.89950229099486, 0.0 ], [ 708324.119651043554768, 734201.738656229223125, 0.0 ], [ 708465.872168128029443, 734166.668076256872155, 0.0 ], [ 708475.942559898481704, 734174.728209549561143, 0.0 ], [ 708572.473162095295265, 734138.037602786440402, 0.0 ], [ 708595.261444209958427, 734131.537495292257518, 0.0 ], [ 708639.485392345464788, 734113.587198442895897, 0.0 ], [ 708927.922526660724543, 734051.886178075219505, 0.0 ], [ 708944.673522308468819, 734216.61890230816789, 0.0 ], [ 709024.766539903590456, 734199.538619846571237, 0.0 ], [ 709133.272743124747649, 734209.428783403127454, 0.0 ], [ 709141.792574982973747, 734262.529661547741853, 0.0 ], [ 709158.32913149392698, 734489.293411605758592, 0.0 ], [ 709171.525386066292413, 734629.985738275572658, 0.0 ], [ 709185.77734100446105, 734767.238008056301624, 0.0 ], [ 709190.404277763911523, 734806.048649879172444, 0.0 ], [ 709414.286984242964536, 734697.12684860767331, 0.0 ], [ 709651.349449976114556, 734600.725254386547022, 0.0 ], [ 709648.446273970184848, 734584.284982508979738, 0.0 ], [ 709647.126648513018154, 734570.854760409449227, 0.0 ], [ 709668.916963875526562, 734343.450999767403118, 0.0 ], [ 709763.22069811320398, 734107.517098059994169, 0.0 ], [ 709824.014193396200426, 734015.445575446472503, 0.0 ], [ 709900.915366916684434, 734057.06626373983454, 0.0 ], [ 709976.909297935198992, 734086.286746967467479, 0.0 ], [ 710045.595802984200418, 734093.596867857035249, 0.0 ], [ 710090.009447279269807, 734117.247258970397525, 0.0 ], [ 710103.692313738982193, 734094.626884890720248, 0.0 ], [ 710297.726741907303222, 733992.935203185887076, 0.0 ], [ 710544.636912615038455, 733991.355177056510001, 0.0 ], [ 710547.119458006462082, 733833.492566436645575, 0.0 ], [ 710552.439198130974546, 733833.412565113627352, 0.0 ], [ 710542.393549337750301, 733712.110559107153676, 0.0 ], [ 710542.393549337750301, 733712.100558941718191, 0.0 ], [ 710611.855334343039431, 733748.971168681746349, 0.0 ], [ 710680.170694732223637, 733796.741958681144752, 0.0 ], [ 710653.637975382735021, 733838.972657062462531, 0.0 ], [ 710700.946548024541698, 733874.653247122769244, 0.0 ], [ 710743.55395497509744, 733829.342497805715539, 0.0 ], [ 710842.245443858089857, 733855.472929932293482, 0.0 ], [ 710937.6378690978745, 733827.332464565290138, 0.0 ], [ 710945.770060978131369, 733849.542831864557229, 0.0 ], [ 710975.750301834661514, 734150.427807686850429, 0.0 ], [ 711211.476646792492829, 734108.187109140097164, 0.0 ], [ 711315.149721776484512, 734077.436600610031746, 0.0 ], [ 711324.585043795756064, 733867.833134336629882, 0.0 ], [ 711331.96669869706966, 733740.861034562112764, 0.0 ], [ 711384.644497418077663, 733736.920969404047355, 0.0 ], [ 711394.987061939202249, 733736.600964112090878, 0.0 ], [ 711400.257316109025851, 733780.851695899269544, 0.0 ], [ 711502.553032022085972, 733792.541889223386534, 0.0 ], [ 711949.287487591733225, 733793.531905595562421, 0.0 ], [ 711951.184449186548591, 733776.471623464720324, 0.0 ] ] ] } },
{ "type": "Feature", "properties": { "RoutingKey": "D13", "Descriptor": "DUBLIN 13", "local_authority": "Dublin City", "CountyName": "Dublin 13" }, "geometry": { "type": "MultiPolygon", "coordinates": [ [ [ [ 720584.932975057163276, 740098.796177582582459, 0.0 ], [ 720807.710495215724222, 740042.725250321440399, 0.0 ], [ 720846.169329635100439, 740164.627266250434332, 0.0 ], [ 720860.52850414160639, 740266.588952420512214, 0.0 ], [ 720907.333969577914104, 740295.219425890943967, 0.0 ], [ 720910.732005130266771, 740275.729103573830798, 0.0 ], [ 720984.34236266661901, 740280.14917666988913, 0.0 ], [ 721034.100490063545294, 740381.230848286882974, 0.0 ], [ 721010.108049719245173, 740426.55159776925575, 0.0 ], [ 720934.872903338517062, 740445.721914794296026, 0.0 ], [ 721077.846073970897123, 740445.761915455805138, 0.0 ], [ 721126.87840736634098, 740490.512655511847697, 0.0 ], [ 721189.552368925884366, 740620.844810852548108, 0.0 ], [ 721197.96498121577315, 740663.795521140913479, 0.0 ], [ 721258.99765861290507, 740672.295661710202694, 0.0 ], [ 721286.940727669862099, 740669.285611932165921, 0.0 ], [ 721288.631497786846012, 740827.938235616660677, 0.0 ], [ 721094.159943685983308, 740850.458608042565174, 0.0 ], [ 721113.682152793975547, 740895.449352067662403, 0.0 ], [ 721137.509639956173487, 741002.141116460319608, 0.0 ], [ 721148.701713365269825, 741047.851872392348014, 0.0 ], [ 721162.524790029856376, 741197.304343931260519, 0.0 ], [ 721147.703746613231488, 741290.59588672069367, 0.0 ], [ 721207.482779826037586, 741301.666069791535847, 0.0 ], [ 721197.379397419048473, 741359.687029300956056, 0.0 ], [ 721137.633354842779227, 741353.926934044575319, 0.0 ], [ 721112.280050745583139, 741513.51957327441778, 0.0 ], [ 721018.759844123153016, 741737.803282319218852, 0.0 ], [ 721440.833798960782588, 741603.72106496267952, 0.0 ], [ 721686.795488871168345, 741698.492632227600552, 0.0 ], [ 721692.502868973766454, 742043.818342979182489, 0.0 ], [ 721845.447459467337467, 742009.157769787241705, 0.0 ], [ 721904.500698678544722, 742411.434422353166156, 0.0 ], [ 721906.8430338652106, 742485.095640510087833, 0.0 ], [ 721874.04209359374363, 742502.01592032564804, 0.0 ], [ 722223.841811670339666, 743103.335864528315142, 0.0 ], [ 722264.420294480398297, 743161.536827014526352, 0.0 ], [ 722324.100355783826672, 743133.156357678468339, 0.0 ], [ 722408.234726341674104, 743145.876568036270328, 0.0 ], [ 722408.045030182227492, 743147.366592677193694, 0.0 ], [ 722591.514207033440471, 743085.025561725487933, 0.0 ], [ 722592.165772102889605, 743083.265532619319856, 0.0 ], [ 722760.401522582164034, 743243.058175156707875, 0.0 ], [ 722838.259424559073523, 742742.20989248319529, 0.0 ], [ 722851.265982971992344, 742657.828497043577954, 0.0 ], [ 722901.593198847258464, 742698.739173595211469, 0.0 ], [ 723019.369770905468613, 742767.100304103107192, 0.0 ], [ 723190.822108436841518, 742754.160090107121505, 0.0 ], [ 723283.822712535387836, 742674.908779505174607, 0.0 ], [ 723440.717931741615757, 742771.950384310330264, 0.0 ], [ 723526.798749848851003, 742872.582048485404812, 0.0 ], [ 723537.537202007137239, 742938.193133514956571, 0.0 ], [ 723622.059212543070316, 742974.513734159292653, 0.0 ], [ 723741.798727468936704, 743029.754647694295272, 0.0 ], [ 723762.483856511069462, 743178.74711162596941, 0.0 ], [ 723786.657745355856605, 743352.819990319781937, 0.0 ], [ 723825.644429957959801, 743733.926292785443366, 0.0 ], [ 723827.780573666910641, 743734.006294108345173, 0.0 ], [ 723705.286340599064715, 743856.498319794656709, 0.0 ], [ 723599.353407019516453, 744164.373411214444786, 0.0 ], [ 723556.284131158958189, 744330.91616538038943, 0.0 ], [ 723503.878505188506097, 744322.30602299189195, 0.0 ], [ 723451.942995787248947, 744508.099095505895093, 0.0 ], [ 723253.974434224655852, 744512.079161325469613, 0.0 ], [ 723215.177445781882852, 744627.481069760280661, 0.0 ], [ 723190.302505912957713, 744736.902879300527275, 0.0 ], [ 723380.312076436704956, 744743.872994567384012, 0.0 ], [ 723340.525368900969625, 744873.195133205153979, 0.0 ], [ 723718.655796012608334, 744886.855359108303674, 0.0 ], [ 723719.596029150881805, 744985.826995830982924, 0.0 ], [ 723778.962679408257827, 744995.057148472755216, 0.0 ], [ 723737.204781345906667, 745246.421305354801007, 0.0 ], [ 723781.96482732356526, 745228.871015120530501, 0.0 ], [ 723890.66897436324507, 745191.150391323608346, 0.0 ], [ 723885.72037889866624, 745104.568959501339123, 0.0 ], [ 723881.984189322800376, 744953.326458360184915, 0.0 ], [ 723920.047136105014943, 744948.426377326133661, 0.0 ], [ 723952.36971214809455, 744800.573932247236371, 0.0 ], [ 724085.321976964594796, 744766.553369639324956, 0.0 ], [ 724157.538480111747049, 744739.602923952043056, 0.0 ], [ 724196.706613214337267, 744768.833407344995067, 0.0 ], [ 724291.983571226708591, 744753.043146216892637, 0.0 ], [ 724294.977471482823603, 744700.362275018007495, 0.0 ], [ 724483.980827595340088, 744679.991938147810288, 0.0 ], [ 724497.086357917520218, 744760.233265121933073, 0.0 ], [ 724532.576035058009438, 744770.3834329781821, 0.0 ], [ 724531.289400237146765, 744882.365284854662605, 0.0 ], [ 724532.394586557638831, 744882.715290642809123, 0.0 ], [ 724511.420789446681738, 745008.567371895187534, 0.0 ], [ 724720.614415054908022, 745056.498164540622383, 0.0 ], [ 724765.275489123188891, 744957.44652649492491, 0.0 ], [ 724758.677361837006174, 744911.365764443995431, 0.0 ], [ 724719.995840621879324, 744907.915707389358431, 0.0 ], [ 724762.908410959294997, 744700.322274356498383, 0.0 ], [ 724802.093039380037226, 744650.601452108821832, 0.0 ], [ 724788.715336307301186, 744529.169443952385336, 0.0 ], [ 724658.130149654811248, 744256.494934654794633, 0.0 ], [ 724728.532167798373848, 743420.011101478710771, 0.0 ], [ 724727.987822297262028, 743159.246789143537171, 0.0 ], [ 724774.702563483384438, 743003.814218709943816, 0.0 ], [ 724909.626018826500513, 742557.796842791023664, 0.0 ], [ 725293.414340086048469, 741612.701213469961658, 0.0 ], [ 725473.081346088671125, 741041.941774655366316, 0.0 ], [ 725498.310935299145058, 740856.568709087092429, 0.0 ], [ 725454.557103732717223, 740663.615518164122477, 0.0 ], [ 725400.526688918005675, 740561.573830671142787, 0.0 ], [ 725284.779041000292636, 740481.282502870075405, 0.0 ], [ 725215.374989608768374, 740484.352553640375845, 0.0 ], [ 725141.12956232111901, 740531.753337520989589, 0.0 ], [ 725122.38263316929806, 740567.283925100578927, 0.0 ], [ 725189.988694875268266, 740554.643716065795161, 0.0 ], [ 725277.974722236394882, 740493.002696690382436, 0.0 ], [ 725306.981739318231121, 740548.193609398556873, 0.0 ], [ 725284.20170486276038, 740509.472969064023346, 0.0 ], [ 725286.007942207390442, 740553.403695559245534, 0.0 ], [ 725207.63868536578957, 740561.623831497970968, 0.0 ], [ 725293.447330722468905, 740586.1042363375891, 0.0 ], [ 725162.293055591522716, 740567.343926092842594, 0.0 ], [ 725124.865178560721688, 740571.603996542864479, 0.0 ], [ 724968.448323582764715, 740546.233576984843239, 0.0 ], [ 724879.464329469599761, 740598.754445537691936, 0.0 ], [ 724913.956039858050644, 740704.806199346436188, 0.0 ], [ 724891.241986675420776, 740757.19706574943848, 0.0 ], [ 724827.479334113653749, 740748.786926668486558, 0.0 ], [ 724855.265697647584602, 740803.867837557452731, 0.0 ], [ 724862.44940873037558, 740808.777918756939471, 0.0 ], [ 724860.280274385004304, 740811.297960431547835, 0.0 ], [ 724852.807895233505405, 740805.70786798663903, 0.0 ], [ 724837.401268020272255, 740817.958070571767166, 0.0 ], [ 724853.311002439004369, 740876.429037523106672, 0.0 ], [ 724814.283079541288316, 740936.540031596086919, 0.0 ], [ 724845.714908400783315, 740989.670910236891359, 0.0 ], [ 724763.056868823245168, 741078.222374638193287, 0.0 ], [ 724706.989282208960503, 741054.201977405929938, 0.0 ], [ 724761.597033161204308, 741080.69241548597347, 0.0 ], [ 724614.871177634806372, 741610.281173449126072, 0.0 ], [ 724437.57949745527003, 741984.087355190538801, 0.0 ], [ 724454.248016512021422, 742108.78941742470488, 0.0 ], [ 724386.295553123462014, 742248.741731856833212, 0.0 ], [ 724410.815843650721945, 742271.192103125154972, 0.0 ], [ 724349.098610547720455, 742408.304370590602048, 0.0 ], [ 724372.076588821830228, 742451.955092455260456, 0.0 ], [ 724290.696936405845918, 742584.50728450936731, 0.0 ], [ 724318.136898257303983, 742572.867092012078501, 0.0 ], [ 724224.674425248638727, 742649.298355978098698, 0.0 ], [ 724083.837398325209506, 742668.33867085329257, 0.0 ], [ 723888.293648540275171, 742647.828331667929888, 0.0 ], [ 723701.220244658994488, 742546.076648970716633, 0.0 ], [ 723555.673804385005496, 742520.6162279243581, 0.0 ], [ 723554.989248679019511, 742479.375545915216208, 0.0 ], [ 723542.980657018255442, 742513.3161072001094, 0.0 ], [ 723505.495046373689547, 742500.645897669252008, 0.0 ], [ 723541.603297947207466, 742477.155509201809764, 0.0 ], [ 723497.733999153249897, 742499.685881793149747, 0.0 ], [ 723473.650834558764473, 742464.445299009443261, 0.0 ], [ 723524.877045276807621, 742457.92519118450582, 0.0 ], [ 723524.398681048536673, 742429.444720194675028, 0.0 ], [ 723541.891966016031802, 742459.435216156183742, 0.0 ], [ 723524.97601718606893, 742404.984315685811453, 0.0 ], [ 723549.908690668758936, 742381.793932179687545, 0.0 ], [ 723585.62930226419121, 742451.745088982279412, 0.0 ], [ 723614.966225710348226, 742445.464985126396641, 0.0 ], [ 723590.825327502097934, 742398.934215633547865, 0.0 ], [ 723686.605392720084637, 742409.654392916243523, 0.0 ], [ 723688.716793451691046, 742335.643168971175328, 0.0 ], [ 723705.063653803081252, 742416.174500741180964, 0.0 ], [ 723743.464754608692601, 742381.453926556976512, 0.0 ], [ 723800.967433907673694, 742387.894033058895729, 0.0 ], [ 723831.739450038643554, 742402.004266403848305, 0.0 ], [ 723831.747697697719559, 742447.775023328256793, 0.0 ], [ 723937.581659368006513, 742460.625235835905187, 0.0 ], [ 723905.762190530425869, 742406.964348430163227, 0.0 ], [ 723936.798131752759218, 742424.444637506850995, 0.0 ], [ 723871.023050368647091, 742121.269623813568614, 0.0 ], [ 723892.780375094851479, 741886.075734343845397, 0.0 ], [ 723862.231045759865083, 741783.454037259100005, 0.0 ], [ 723903.263149820733815, 741530.849859870388173, 0.0 ], [ 724012.379679815843701, 741251.315237125148997, 0.0 ], [ 724095.491340644424781, 741233.824947883142158, 0.0 ], [ 724117.82600150804501, 741130.623241206514649, 0.0 ], [ 724201.135606155148707, 741065.69216742250137, 0.0 ], [ 724307.332464826176874, 740739.486772869131528, 0.0 ], [ 724430.816416986985132, 740533.823371753678657, 0.0 ], [ 724568.989450018620118, 740424.851569655351341, 0.0 ], [ 724578.845402652281336, 740380.890842664055526, 0.0 ], [ 724679.648292266880162, 740126.666638484573923, 0.0 ], [ 724851.504765094374306, 739905.622983021428809, 0.0 ], [ 725014.833158404566348, 739792.961119899409823, 0.0 ], [ 725250.666722930734977, 739674.23915655980818, 0.0 ], [ 725465.419270777609199, 739651.828785952995531, 0.0 ], [ 725499.036729300627485, 739720.949929029447958, 0.0 ], [ 725343.584850438288413, 740036.39514563861303, 0.0 ], [ 725332.986608484876342, 740085.425956475432031, 0.0 ], [ 725363.197783796465956, 740109.466354038449936, 0.0 ], [ 725729.00620820117183, 739829.691727324156091, 0.0 ], [ 725921.036455206223764, 739766.270678511820734, 0.0 ], [ 726081.090527850668877, 739801.081254184478894, 0.0 ], [ 726298.119429611251689, 739775.010823050164618, 0.0 ], [ 726622.854511659475975, 739715.729842703323811, 0.0 ], [ 726770.8917449839646, 739731.640105815953575, 0.0 ], [ 726970.336637526750565, 739704.91966393229086, 0.0 ], [ 727118.819244443089701, 739739.810240927850828, 0.0 ], [ 727282.997146641369909, 739702.319620934664272, 0.0 ], [ 727368.310932451626286, 739718.849894300568849, 0.0 ], [ 727586.626469032955356, 739633.268479015794583, 0.0 ], [ 727733.533773059723899, 739485.356032944750041, 0.0 ], [ 727998.102181917172857, 739425.345040525542572, 0.0 ], [ 728044.767437148606405, 739454.795527556794696, 0.0 ], [ 728044.668465239345096, 739525.866702881408855, 0.0 ], [ 728082.310781406937167, 739556.467208930873312, 0.0 ], [ 728218.298184775048867, 739562.957316259737127, 0.0 ], [ 728467.971321283956058, 739841.961930240038782, 0.0 ], [ 728506.760062067536637, 739740.550253165652975, 0.0 ], [ 728455.542099008569494, 739781.380928394384682, 0.0 ], [ 728315.6865435190266, 739579.187584664323367, 0.0 ], [ 728314.259698493406177, 739492.576152345980518, 0.0 ], [ 728264.212903027655557, 739488.176079580676742, 0.0 ], [ 728317.929906796314754, 739475.275866246083751, 0.0 ], [ 728368.100417148554698, 739349.96379392396193, 0.0 ], [ 728402.468412650399841, 739335.173549333354458, 0.0 ], [ 728463.212421978823841, 739365.354048437089659, 0.0 ], [ 728473.645710750017315, 739400.754633866832592, 0.0 ], [ 728402.014791399473324, 739569.737428384367377, 0.0 ], [ 728483.229490633239038, 739681.969284395221621, 0.0 ], [ 728506.190973589080386, 739636.988540535559878, 0.0 ], [ 728460.960811042343266, 739611.568120150710456, 0.0 ], [ 728433.281667076866142, 739539.106921838829294, 0.0 ], [ 728557.582137489342131, 739369.124110783683136, 0.0 ], [ 728617.476637929561548, 739328.813444154453464, 0.0 ], [ 728691.573607353377156, 739368.314097388298251, 0.0 ], [ 728788.095961890998296, 739367.474083496723324, 0.0 ], [ 728816.203984130057506, 739526.546714126947336, 0.0 ], [ 728777.472976960241795, 739590.147765916073695, 0.0 ], [ 728724.127117851516232, 739621.968292141333222, 0.0 ], [ 728596.346135295578279, 739615.098178528249264, 0.0 ], [ 728796.384859294281341, 739644.728668536292389, 0.0 ], [ 728835.231333691626787, 739660.398927679983899, 0.0 ], [ 728840.732522316393442, 739700.599592490005307, 0.0 ], [ 728810.356393822701648, 739756.440515947644599, 0.0 ], [ 728621.097360277897678, 739843.731959511525929, 0.0 ], [ 728585.352005705004558, 739823.771629421738908, 0.0 ], [ 728577.656939757522196, 739965.153967502526939, 0.0 ], [ 728615.11780742474366, 739886.662669469136745, 0.0 ], [ 728828.377528973040171, 739782.560947908787057, 0.0 ], [ 728867.883816099027172, 739710.329753400525078, 0.0 ], [ 728829.895098248845898, 739365.774055382818915, 0.0 ], [ 728855.520575096597895, 739272.412511435919441, 0.0 ], [ 728891.661817306652665, 739107.51978455693461, 0.0 ], [ 729069.332889805082232, 739087.089446694473736, 0.0 ], [ 729141.450421042973176, 739123.760053126956336, 0.0 ], [ 729098.768785160616972, 739084.199398900964297, 0.0 ], [ 729313.405865779845044, 739124.410063876421191, 0.0 ], [ 729379.659311392228119, 739097.999627119279467, 0.0 ], [ 729359.122640213929117, 739074.029230713960715, 0.0 ], [ 729418.09340283414349, 739105.189746024436317, 0.0 ], [ 729407.486913221655414, 739073.619223933550529, 0.0 ], [ 729477.088908431702293, 739084.869409981067292, 0.0 ], [ 729488.421192045672797, 739056.838946433155797, 0.0 ], [ 729729.929146037902683, 739106.97977562667802, 0.0 ], [ 729828.835074057686143, 739027.858467174577527, 0.0 ], [ 729896.201953649637289, 739078.749308771220967, 0.0 ], [ 729878.716916341218166, 739016.628281457698904, 0.0 ], [ 729987.478796994779259, 739011.708200092893094, 0.0 ], [ 730042.771103652892634, 738973.917575138388202, 0.0 ], [ 730019.619924537488259, 738928.116817717906088, 0.0 ], [ 730058.623104457859881, 738909.44650896161329, 0.0 ], [ 730033.319286315469071, 738903.286407090257853, 0.0 ], [ 730065.02328792551998, 738857.885656284866855, 0.0 ], [ 730011.240302884019911, 738774.384275398217142, 0.0 ], [ 730045.245401385240257, 738668.6025260547176, 0.0 ], [ 730083.374329440179281, 738659.072368451743387, 0.0 ], [ 730100.042848496930674, 738499.60973137174733, 0.0 ], [ 730132.588111335993744, 738499.619731537182815, 0.0 ], [ 730104.067706141504459, 738481.259427907527424, 0.0 ], [ 730110.863777246209793, 738417.998381741228513, 0.0 ], [ 730075.629777538008057, 738415.77834502782207, 0.0 ], [ 730072.479171758866869, 738352.507298696087673, 0.0 ], [ 730142.213129514711909, 738299.766426504938863, 0.0 ], [ 730056.668409249396063, 738145.493875254993327, 0.0 ], [ 730083.357834121910855, 738125.263540700078011, 0.0 ], [ 730061.287098349654116, 738071.292648167698644, 0.0 ], [ 730095.704579806188121, 738100.513131395331584, 0.0 ], [ 730088.223952995496802, 738058.712440125178546, 0.0 ], [ 730114.336041730595753, 738076.582735651405528, 0.0 ], [ 730116.158774393377826, 738054.852376290247776, 0.0 ], [ 730078.648420771467499, 738047.332251927698962, 0.0 ], [ 730061.65824300958775, 737885.98958375712391, 0.0 ], [ 729991.520149957505055, 737826.148594149271958, 0.0 ], [ 730017.038407236803323, 737748.757314307265915, 0.0 ], [ 729897.373121242853813, 737584.16459238959942, 0.0 ], [ 729848.18408232438378, 737573.894422548823059, 0.0 ], [ 729873.925026399665512, 737544.373934359871782, 0.0 ], [ 729822.550357817672193, 737530.023697045864537, 0.0 ], [ 729763.233193514868617, 737431.682070741779171, 0.0 ], [ 729789.361777568235993, 737305.039976424654014, 0.0 ], [ 729684.047418421716429, 737271.219417124288157, 0.0 ], [ 729626.256071053911, 737092.516461861552671, 0.0 ], [ 729538.723664943710901, 736978.284572775708511, 0.0 ], [ 729453.574832315556705, 736937.553899200633168, 0.0 ], [ 729440.683741130167618, 736882.942996084340848, 0.0 ], [ 729504.537117942119949, 736787.971425511874259, 0.0 ], [ 729598.420221565407701, 736749.4907891463954, 0.0 ], [ 729569.198765346664004, 736696.629914970719256, 0.0 ], [ 729530.245071380981244, 736706.480077865766361, 0.0 ], [ 729515.737439010408707, 736645.959077012375928, 0.0 ], [ 729583.53319687594194, 736636.388918747892603, 0.0 ], [ 729544.563007591990754, 736601.288338279468007, 0.0 ], [ 729642.083328881650232, 736585.388075332157314, 0.0 ], [ 729665.73761520255357, 736478.316304655163549, 0.0 ], [ 729617.233131990069523, 736470.836180954240263, 0.0 ], [ 729632.202633270528167, 736411.475199284381233, 0.0 ], [ 729667.774787002126686, 736407.205128669040278, 0.0 ], [ 729632.779969408060424, 736390.974860264337622, 0.0 ], [ 729686.299029358080588, 736366.924462535884231, 0.0 ], [ 729667.07373597798869, 736313.063571822713129, 0.0 ], [ 729631.864479247131385, 736311.283542385906912, 0.0 ], [ 729602.073934550047852, 736372.354552334873006, 0.0 ], [ 729554.757114249048755, 736363.224401346873492, 0.0 ], [ 729418.398566221119836, 736545.617417633184232, 0.0 ], [ 729286.221581360790879, 736636.178915275027975, 0.0 ], [ 729133.804841050179675, 736632.108847967116162, 0.0 ], [ 729062.305884245317429, 736582.988035641959868, 0.0 ], [ 729052.804580953205004, 736541.137343544978648, 0.0 ], [ 729036.507206556387246, 736558.217626006575301, 0.0 ], [ 729044.078557617263868, 736519.286982199177146, 0.0 ], [ 729020.638710433151573, 736556.537598223425448, 0.0 ], [ 728733.809869643999264, 736670.169477386865765, 0.0 ], [ 728615.159045720240101, 736628.048780824639834, 0.0 ], [ 728492.062733537633903, 736648.339116371818818, 0.0 ], [ 728373.832540228380822, 736599.418307354208082, 0.0 ], [ 728342.697627096786164, 736480.296337399515323, 0.0 ], [ 728372.826325817266479, 736453.685897334944457, 0.0 ], [ 728272.06467449828051, 736391.594870517612435, 0.0 ], [ 728163.8966253005201, 736393.074894993216731, 0.0 ], [ 728146.395092673948966, 736292.623233794933185, 0.0 ], [ 728103.251587881473824, 736282.913073215167969, 0.0 ], [ 728130.43587230052799, 736262.142729729996063, 0.0 ], [ 728093.758532248437405, 736245.602456198656, 0.0 ], [ 728133.339048306457698, 736211.221887637162581, 0.0 ], [ 728040.36318718502298, 736144.020776312914677, 0.0 ], [ 727957.449470175197348, 736181.70139944832772, 0.0 ], [ 727923.65056315169204, 736253.342584199388511, 0.0 ], [ 727846.2710254030535, 736238.69234192406293, 0.0 ], [ 727760.916001297300681, 736294.503264885512181, 0.0 ], [ 727696.435802393127233, 736222.87208029977046, 0.0 ], [ 727651.337602392188273, 736338.05398509639781, 0.0 ], [ 727616.903625617385842, 736410.735187046579085, 0.0 ], [ 727545.264458607765846, 736403.055060038110241, 0.0 ], [ 727451.604041780461557, 736447.165789510007016, 0.0 ], [ 727411.033806629595347, 736500.066664347192273, 0.0 ], [ 727414.893711092066951, 736556.037589954677969, 0.0 ], [ 727234.682359588332474, 736732.710511646117084, 0.0 ], [ 727209.576485264464281, 736718.570277804974467, 0.0 ], [ 727206.153706734767184, 736780.581303299288265, 0.0 ], [ 727152.956305489991792, 736799.751620324328542, 0.0 ], [ 727037.324124799692072, 736985.044684569584206, 0.0 ], [ 726835.95752768474631, 737087.576380165992305, 0.0 ], [ 726798.950281268334948, 737135.767177111236379, 0.0 ], [ 726691.244100980693474, 737134.20715131261386, 0.0 ], [ 726592.32992530183401, 737349.330708873458207, 0.0 ], [ 726609.715990700875409, 737399.901545178028755, 0.0 ], [ 726560.931087078643031, 737530.36370266857557, 0.0 ], [ 726516.773120215977542, 737696.036442446871661, 0.0 ], [ 726377.956769773969427, 737848.118957479600795, 0.0 ], [ 726304.03300119144842, 737886.859598144772463, 0.0 ], [ 726319.365399472648278, 737925.080230210558511, 0.0 ], [ 726262.00293037854135, 738013.871698580798693, 0.0 ], [ 726223.032741094473749, 738319.566753948805854, 0.0 ], [ 726306.334098082501441, 738762.064071655506268, 0.0 ], [ 726269.409328257199377, 738924.266754048294388, 0.0 ], [ 726049.666946650249884, 739083.019379386561923, 0.0 ], [ 725797.552503045415506, 739157.810616231057793, 0.0 ], [ 725547.986586104962043, 739161.350674774032086, 0.0 ], [ 725298.93202402908355, 739260.582315796520561, 0.0 ], [ 725066.818153760512359, 739254.84222087089438, 0.0 ], [ 724804.262173725408502, 739216.051579378778115, 0.0 ], [ 724322.590634175459854, 739098.939642664627172, 0.0 ], [ 723683.265090781380422, 738845.095444769365713, 0.0 ], [ 723616.558023918187246, 738841.54538606107235, 0.0 ], [ 723568.127769637620077, 738943.027064293040894, 0.0 ], [ 723529.833888400462456, 738865.445781308808364, 0.0 ], [ 723519.837725561927073, 738897.946318779606372, 0.0 ], [ 723413.310960526694544, 738931.456872953451239, 0.0 ], [ 723238.279138942598365, 739069.989163902122527, 0.0 ], [ 723212.282517435029149, 739077.999296368099749, 0.0 ], [ 722991.237005689064972, 739211.02149619476404, 0.0 ], [ 723053.754261725582182, 739420.554961310583167, 0.0 ], [ 723026.743178147822618, 739437.055234180414118, 0.0 ], [ 723085.969618200324476, 739586.607707373099402, 0.0 ], [ 722803.017177191795781, 739558.217237871605903, 0.0 ], [ 722686.865393977728672, 739497.206228914903477, 0.0 ], [ 722563.67010988574475, 739376.494232665514573, 0.0 ], [ 722558.705019102897495, 739378.004257637192495, 0.0 ], [ 722361.544728132896125, 739429.355106841190718, 0.0 ], [ 722313.526856807759032, 739425.205038210260682, 0.0 ], [ 722133.010341917048208, 739430.535126355476677, 0.0 ], [ 721873.629710638313554, 739449.525440403842367, 0.0 ], [ 721803.49986524542328, 739449.60544172686059, 0.0 ], [ 721619.247160778963007, 739458.935596022289246, 0.0 ], [ 721602.125020471285097, 739509.206427365657873, 0.0 ], [ 721439.143028843682259, 739492.086144242552109, 0.0 ], [ 721442.920456715044565, 739527.696733145159669, 0.0 ], [ 721406.647251959308051, 739533.28682559018489, 0.0 ], [ 721389.978732902556658, 739500.936290599987842, 0.0 ], [ 721298.817356784944423, 739477.175897667417303, 0.0 ], [ 721176.719011354260147, 739479.935943311196752, 0.0 ], [ 721175.061231873580255, 739425.795047967461869, 0.0 ], [ 721140.437558939331211, 739425.675045982934535, 0.0 ], [ 721139.538564096670598, 739452.00548141694162, 0.0 ], [ 721106.325240869889967, 739449.175434615695849, 0.0 ], [ 721102.951948294765316, 739478.995927765849046, 0.0 ], [ 721101.822018997045234, 739540.896951441070996, 0.0 ], [ 721026.430167093407363, 739535.82686759554781, 0.0 ], [ 721030.933388966135681, 739621.358282053493895, 0.0 ], [ 720774.909554944373667, 739607.298049535253085, 0.0 ], [ 720769.787758638500236, 739552.697146584279835, 0.0 ], [ 720758.026596750831231, 739427.235071781557053, 0.0 ], [ 720756.401807906571776, 739420.164954860927537, 0.0 ], [ 720335.02065643412061, 739363.65402032318525, 0.0 ], [ 720379.912664957460947, 739526.546714126947336, 0.0 ], [ 720354.749057019711472, 739529.886769362492487, 0.0 ], [ 720273.517862467793748, 739540.676947802770883, 0.0 ], [ 720235.652859504334629, 739600.537937741377391, 0.0 ], [ 720389.224272090010345, 739735.630171800847165, 0.0 ], [ 720526.547796233557165, 739969.354036960285157, 0.0 ], [ 720584.932975057163276, 740098.796177582582459, 0.0 ] ], [ [ 724938.270138907595538, 740756.217049542581663, 0.0 ], [ 725007.377274571219459, 740735.8267123416299, 0.0 ], [ 724959.755290883244015, 740762.207148602581583, 0.0 ], [ 724938.270138907595538, 740756.217049542581663, 0.0 ] ], [ [ 724867.018611876061186, 740814.708016824675724, 0.0 ], [ 724872.404333273414522, 740805.467864017584361, 0.0 ], [ 724872.536295819096267, 740812.147974488558248, 0.0 ], [ 724877.311690442496911, 740815.358027574140579, 0.0 ], [ 724867.018611876061186, 740814.708016824675724, 0.0 ] ], [ [ 724895.357568570179865, 740804.547848802991211, 0.0 ], [ 724885.155214253929444, 740814.318010375020094, 0.0 ], [ 724877.311690442496911, 740815.358027574140579, 0.0 ], [ 724895.357568570179865, 740804.547848802991211, 0.0 ] ], [ [ 724895.357568570179865, 740804.547848802991211, 0.0 ], [ 724905.510436931741424, 740798.477748419973068, 0.0 ], [ 724933.346286420361139, 740757.437069718376733, 0.0 ], [ 724938.270138907595538, 740756.217049542581663, 0.0 ], [ 724910.574499623966403, 740802.737818869994953, 0.0 ], [ 724895.357568570179865, 740804.547848802991211, 0.0 ] ] ], [ [ [ 729111.346465299837291, 740705.786215553176589, 0.0 ], [ 729069.349385123350658, 740611.48465606092941, 0.0 ], [ 728955.10281116317492, 740584.584211200475693, 0.0 ], [ 728811.304874620051123, 740626.004896186408587, 0.0 ], [ 728699.219187346170656, 740856.208703133626841, 0.0 ], [ 728495.023643157212064, 740975.960683506913483, 0.0 ], [ 728596.148191477055661, 741066.972188590560108, 0.0 ], [ 728437.842622563475743, 741255.515306582907215, 0.0 ], [ 728295.875666342210025, 741581.970705270650797, 0.0 ], [ 728973.643548837397248, 741518.499655631487258, 0.0 ], [ 729021.207798911607824, 741445.608450208441354, 0.0 ], [ 728968.521752531407401, 741139.613389879232273, 0.0 ], [ 728999.425731208059005, 741024.211481444304809, 0.0 ], [ 729050.280797266284935, 740976.910699217580259, 0.0 ], [ 729041.257858202443458, 740895.76935735961888, 0.0 ], [ 729111.346465299837291, 740705.786215553176589, 0.0 ] ] ] ] } },
{ "type": "Feature", "properties": { "RoutingKey": "D6W", "Descriptor": "DUBLIN 6W", "local_authority": "Dublin City", "CountyName": "Dublin 6W" }, "geometry": { "type": "Polygon", "coordinates": [ [ [ 714815.151083705830388, 732299.867204428534023, 0.0 ], [ 714789.533854517270811, 732249.016363493399695, 0.0 ], [ 714815.027368819224648, 732225.52597502595745, 0.0 ], [ 714805.278635753900744, 732193.615447312360629, 0.0 ], [ 714922.090231696609408, 732070.563412365037948, 0.0 ], [ 714855.746061834041029, 732007.612371325376444, 0.0 ], [ 714893.718284365953878, 731881.590287261642516, 0.0 ], [ 714840.545626098522916, 731836.079534637043253, 0.0 ], [ 714963.559461690136231, 731691.777148266555741, 0.0 ], [ 714891.829570430330932, 731675.966886807698756, 0.0 ], [ 714862.839048666763119, 731667.306743592373095, 0.0 ], [ 714867.754653494921513, 731627.386083412799053, 0.0 ], [ 714798.556793581112288, 731636.946241511963308, 0.0 ], [ 714763.842396396794356, 731660.386629152460955, 0.0 ], [ 714759.050506455125287, 731724.277685737470165, 0.0 ], [ 714724.228889702353626, 731723.067665726994164, 0.0 ], [ 714680.903936409507878, 731599.915629125898704, 0.0 ], [ 714629.207609122269787, 731596.905579347861931, 0.0 ], [ 714634.898493906599469, 731536.554581305943429, 0.0 ], [ 714638.387253709253855, 731511.094160259468481, 0.0 ], [ 714645.133838859386742, 731482.233682985417545, 0.0 ], [ 714648.721570571186021, 731466.03341507690493, 0.0 ], [ 714710.191373900976032, 731463.873379355762154, 0.0 ], [ 714785.451263258932158, 731471.173500080010854, 0.0 ], [ 714774.490124304778874, 731420.762666421360336, 0.0 ], [ 714729.185732826124877, 731394.452231318107806, 0.0 ], [ 714680.235876021790318, 731363.031711707822978, 0.0 ], [ 714672.004712232272141, 731360.971677640452981, 0.0 ], [ 714677.192489810986444, 731337.591290992219001, 0.0 ], [ 714673.349080666783266, 731280.44034587033093, 0.0 ], [ 714657.035210951813497, 731203.189068343606777, 0.0 ], [ 714654.099044309463352, 731192.238887257291935, 0.0 ], [ 714668.1118171333801, 731177.648645974230021, 0.0 ], [ 714664.524085421580821, 731175.988618521834724, 0.0 ], [ 714665.249879423063248, 731162.838401052867994, 0.0 ], [ 714676.219266036292538, 731112.417567228898406, 0.0 ], [ 714652.103110805386677, 731086.847144363331608, 0.0 ], [ 714626.535367571399547, 731038.616346756694838, 0.0 ], [ 714601.685170679818839, 730988.935525170527399, 0.0 ], [ 714590.707536407513544, 730971.725240558967926, 0.0 ], [ 714616.588690687553026, 730960.9450622840086, 0.0 ], [ 714591.194148294860497, 730971.515237086103298, 0.0 ], [ 714522.037526676664129, 730775.581996881170198, 0.0 ], [ 714513.270265045110136, 730773.391960663953796, 0.0 ], [ 714464.361646536272019, 730786.722181109711528, 0.0 ], [ 714459.635737867560238, 730777.052021191455424, 0.0 ], [ 714453.441745877731591, 730756.661683990503661, 0.0 ], [ 714494.605812484282069, 730761.611765851383097, 0.0 ], [ 714485.500396829447709, 730739.041392598650418, 0.0 ], [ 714476.007341196411289, 730720.041078384849243, 0.0 ], [ 714478.201218519126996, 730708.350885060732253, 0.0 ], [ 714503.034920092439279, 730697.400703974417411, 0.0 ], [ 714509.61655206035357, 730658.670063474564813, 0.0 ], [ 714485.500396829447709, 730652.819966729846783, 0.0 ], [ 714492.428430479951203, 730626.739535430213436, 0.0 ], [ 714464.823515446390957, 730622.339462664909661, 0.0 ], [ 714494.63880312081892, 730627.089541218359955, 0.0 ], [ 714509.979449061094783, 730587.798891457379796, 0.0 ], [ 714502.66377543262206, 730552.718311319709755, 0.0 ], [ 714480.741497524199076, 730542.488142140442505, 0.0 ], [ 714478.96000315702986, 730527.187889115652069, 0.0 ], [ 714451.94891957915388, 730525.167855709791183, 0.0 ], [ 714446.85186625062488, 730482.447149225044996, 0.0 ], [ 714515.612600231659599, 730491.807304016663693, 0.0 ], [ 714518.746710692648776, 730470.88695805077441, 0.0 ], [ 714508.511365739977919, 730387.58558047178667, 0.0 ], [ 714496.824432784342207, 730348.134928064886481, 0.0 ], [ 714458.819219615892507, 730314.524372237268835, 0.0 ], [ 714431.057599059306085, 730261.913502196082845, 0.0 ], [ 714413.523075796314515, 730251.683333016815595, 0.0 ], [ 714396.005047851591371, 730253.633365265093744, 0.0 ], [ 714387.213043242692947, 730214.992726253578439, 0.0 ], [ 714387.171804947196506, 730214.732721953769214, 0.0 ], [ 714416.450994779588655, 730202.012511595967226, 0.0 ], [ 714436.913437025854364, 730178.622124782414176, 0.0 ], [ 714480.749745183391497, 730149.39164138934575, 0.0 ], [ 714502.672023091698065, 730115.791085727280006, 0.0 ], [ 714470.514400230720639, 730082.17052973434329, 0.0 ], [ 714429.606011056341231, 730054.400070486124605, 0.0 ], [ 714430.191594853065908, 730046.229935374227352, 0.0 ], [ 714431.065846718498506, 730033.94973229302559, 0.0 ], [ 714448.59212232241407, 730004.719248899957165, 0.0 ], [ 714448.59212232241407, 729988.648983141290955, 0.0 ], [ 714448.59212232241407, 729960.878523893188685, 0.0 ], [ 714425.218256411026232, 729953.578403168939985, 0.0 ], [ 714413.523075796314515, 729927.267968065687455, 0.0 ], [ 714416.615947961690836, 729923.247901584603824, 0.0 ], [ 714428.129680076148361, 729908.26765385188628, 0.0 ], [ 714445.672450998215936, 729858.58683226571884, 0.0 ], [ 714469.054564568563364, 729820.58620383834932, 0.0 ], [ 714492.428430479951203, 729804.51593807968311, 0.0 ], [ 714546.500083590159193, 729810.35603465908207, 0.0 ], [ 714597.652065376169048, 729781.13555143144913, 0.0 ], [ 714588.884803744731471, 729710.984391321311705, 0.0 ], [ 714591.796227409737185, 729670.603723534499295, 0.0 ], [ 714578.533991564530879, 729669.633707493077964, 0.0 ], [ 714415.741696096258238, 729691.784073800081387, 0.0 ], [ 714206.020220305188559, 729601.562581781065091, 0.0 ], [ 714178.283342725946568, 729517.681194610195234, 0.0 ], [ 714213.962716025998816, 729351.218441767268814, 0.0 ], [ 714205.162463758024387, 729270.537107516662218, 0.0 ], [ 714079.624844479374588, 729157.765242575551383, 0.0 ], [ 713987.754169678548351, 729074.51386582327541, 0.0 ], [ 713857.309193230816163, 728981.742331633577123, 0.0 ], [ 713648.074329327093437, 728956.711917698266916, 0.0 ], [ 713551.667442016885616, 728980.742315095965751, 0.0 ], [ 713520.796453976770863, 728921.961343017988838, 0.0 ], [ 713444.55509318492841, 728785.879092586226761, 0.0 ], [ 713198.915061979787424, 728694.257577414624393, 0.0 ], [ 713137.676193104940467, 728705.907770077232271, 0.0 ], [ 713087.085052138194442, 728764.238734713406302, 0.0 ], [ 713029.376181361498311, 728758.948647229583003, 0.0 ], [ 712970.223970240913332, 728699.717667709686793, 0.0 ], [ 712953.654423093423247, 728608.776163783622906, 0.0 ], [ 712961.308250745409168, 728539.555019053514116, 0.0 ], [ 712933.257962120114826, 728519.324684498598799, 0.0 ], [ 712870.938649902120233, 728563.655417608795688, 0.0 ], [ 712834.220071554533206, 728589.785849735257216, 0.0 ], [ 712710.925815553287975, 728617.546308818040416, 0.0 ], [ 712659.452175062033348, 728614.416257055476308, 0.0 ], [ 712627.731678133714013, 728563.835420585470274, 0.0 ], [ 712629.381209955201484, 728314.211292478838004, 0.0 ], [ 712569.783625242882408, 728217.059685854474083, 0.0 ], [ 712488.791612805100158, 728235.4499899802031, 0.0 ], [ 712371.60062454349827, 728352.531926198280416, 0.0 ], [ 712309.042130211368203, 728361.622076524654403, 0.0 ], [ 712121.201694033108652, 728230.909914899733849, 0.0 ], [ 711631.397962602903135, 727893.174329668283463, 0.0 ], [ 711312.675424044136889, 727781.752487052814104, 0.0 ], [ 711282.604458937421441, 727771.242313243099488, 0.0 ], [ 711275.717663582530804, 727873.384002389851958, 0.0 ], [ 711216.623186075710692, 728007.016212304471992, 0.0 ], [ 711248.046767276129685, 728086.827532167546451, 0.0 ], [ 710981.465929596335627, 728724.778082141070627, 0.0 ], [ 710772.882630762062036, 728994.992550756200217, 0.0 ], [ 710518.54956685740035, 729204.686018518055789, 0.0 ], [ 710604.671623260132037, 729398.309220521128736, 0.0 ], [ 710636.086956801475026, 729423.009628999046981, 0.0 ], [ 710707.15703533263877, 729398.51922399410978, 0.0 ], [ 710731.462886723107658, 729537.641524699982256, 0.0 ], [ 710915.179493347648531, 729532.281436058576219, 0.0 ], [ 710987.841370086651295, 729452.940123968292028, 0.0 ], [ 711072.239665735862218, 729467.650367235881276, 0.0 ], [ 711138.031242438242771, 729482.590614307089709, 0.0 ], [ 711271.626824664999731, 729482.850618606898934, 0.0 ], [ 711275.519719763891771, 729511.411090919631533, 0.0 ], [ 711364.883106196066365, 729538.981546860304661, 0.0 ], [ 711426.583843980915844, 729509.701062640408054, 0.0 ], [ 711477.33993812976405, 729470.200409406679682, 0.0 ], [ 711575.297385352198035, 729491.450760829844512, 0.0 ], [ 711793.89334234315902, 729527.471356512978673, 0.0 ], [ 711788.202457558829337, 729575.102144197095186, 0.0 ], [ 711804.285392818972468, 729597.022506700479425, 0.0 ], [ 711780.89503158943262, 729633.553110817680135, 0.0 ], [ 711811.592818788369186, 729652.553425031481311, 0.0 ], [ 711832.847036308958195, 729655.823479109327309, 0.0 ], [ 711837.638926250510849, 729671.9437456948217, 0.0 ], [ 711854.175482761580497, 729698.904191547539085, 0.0 ], [ 711810.124735467252322, 729719.774536686483771, 0.0 ], [ 711849.58153663855046, 729788.455672486452386, 0.0 ], [ 711895.306558731710538, 729766.005301218130626, 0.0 ], [ 711908.280126508208923, 729787.185651483712718, 0.0 ], [ 711881.986589272739366, 729813.546087413909845, 0.0 ], [ 711915.340122704394162, 729846.906639107037336, 0.0 ], [ 711951.877252551610582, 729883.447243389557116, 0.0 ], [ 711989.874218060867861, 729880.517194934538566, 0.0 ], [ 712002.97150072385557, 729889.907350222230889, 0.0 ], [ 712010.691309648682363, 729874.207090582465753, 0.0 ], [ 712001.387950175208971, 729866.116956793586724, 0.0 ], [ 712025.908240702468902, 729826.716305213631131, 0.0 ], [ 712056.020444104797207, 729849.046674497425556, 0.0 ], [ 712106.537356139509939, 729776.185469570453279, 0.0 ], [ 712208.857815029914491, 729837.606485307682306, 0.0 ], [ 712431.025008414522745, 729918.027815258596092, 0.0 ], [ 712541.782822572160512, 729982.138875481789, 0.0 ], [ 712587.400625096983276, 730000.949186553363688, 0.0 ], [ 712612.40752751159016, 729941.888209844822995, 0.0 ], [ 712644.565150372567587, 729908.277654017321765, 0.0 ], [ 712743.932947302353568, 729960.888524058507755, 0.0 ], [ 712818.467042658827268, 729997.419128175824881, 0.0 ], [ 712768.667676966404542, 730075.680422405479476, 0.0 ], [ 712779.802016761852428, 730080.270498312893324, 0.0 ], [ 712797.11385322897695, 730196.362418158794753, 0.0 ], [ 713034.926855940953828, 730324.314534140052274, 0.0 ], [ 713143.729974890011363, 730343.744855464901775, 0.0 ], [ 713271.824368492001668, 730448.476587443961762, 0.0 ], [ 713304.311897717299871, 730431.636308951419778, 0.0 ], [ 713312.130678551387973, 730440.626457624137402, 0.0 ], [ 713386.161666702246293, 730525.397859513410367, 0.0 ], [ 713433.923860595095903, 730592.998977452749386, 0.0 ], [ 713467.681529322988354, 730639.289742976659909, 0.0 ], [ 713484.531496880110353, 730663.870149469934404, 0.0 ], [ 713459.516346806311049, 730684.190485513187014, 0.0 ], [ 713465.619614546070807, 730703.500804853625596, 0.0 ], [ 713494.057543149450794, 730762.411779081448913, 0.0 ], [ 713461.231859900755808, 730777.942035909858532, 0.0 ], [ 713477.248813887941651, 730805.342489039059728, 0.0 ], [ 713526.173927714931779, 730784.502144396305084, 0.0 ], [ 713536.137099917046726, 730813.492623820202425, 0.0 ], [ 713483.583016082644463, 730838.853043212904595, 0.0 ], [ 713488.110980932833627, 730871.483582833549008, 0.0 ], [ 713518.487109426525421, 730928.284522167174146, 0.0 ], [ 713566.117340773693286, 731063.956765818526037, 0.0 ], [ 713602.38229787023738, 731102.757407475961372, 0.0 ], [ 713651.340402333764359, 731194.428923474508338, 0.0 ], [ 713705.30483587551862, 731242.219713804661296, 0.0 ], [ 713771.879940193030052, 731196.168952249921858, 0.0 ], [ 713832.830140999052674, 731257.119960214360617, 0.0 ], [ 713876.773668725043535, 731289.820500992704183, 0.0 ], [ 713880.287171504925936, 731286.630448237876408, 0.0 ], [ 713894.646346011431888, 731341.291352181113325, 0.0 ], [ 713838.545768760726787, 731382.972041466855444, 0.0 ], [ 713900.906319274217822, 731420.762666421360336, 0.0 ], [ 713880.839764665113762, 731519.224294709973037, 0.0 ], [ 713943.068352632923052, 731624.37603363476228, 0.0 ], [ 713961.963739648694173, 731643.496349832974374, 0.0 ], [ 714083.847645942587405, 731734.807859877939336, 0.0 ], [ 714115.106273960787803, 731755.438201047945768, 0.0 ], [ 714152.748590128496289, 731782.868654673337005, 0.0 ], [ 714030.048165582935326, 732085.953666878165677, 0.0 ], [ 714239.5057162825251, 732304.047273555537686, 0.0 ], [ 714372.853868736186996, 732440.419528783066198, 0.0 ], [ 714531.538829968660139, 732281.386898814351298, 0.0 ], [ 714553.791014241287485, 732222.635927232448012, 0.0 ], [ 714732.154890104895458, 732182.105256964918226, 0.0 ], [ 714743.652126901084557, 732211.165737546631135, 0.0 ], [ 714765.665129059576429, 732202.175588873913512, 0.0 ], [ 714709.754247968317941, 732225.015966591890901, 0.0 ], [ 714729.193980485200882, 732319.487528895493597, 0.0 ], [ 714734.307529131998308, 732358.208169230027124, 0.0 ], [ 714754.769971378264017, 732407.898990981513634, 0.0 ], [ 714757.697890361538157, 732442.809568307944573, 0.0 ], [ 714762.844429644756019, 732442.179557889234275, 0.0 ], [ 714868.447456859983504, 732438.089490250567906, 0.0 ], [ 714891.681112566380762, 732389.578688013367355, 0.0 ], [ 714883.186023685499094, 732366.248302191961557, 0.0 ], [ 714904.382507592323236, 732347.247987978276797, 0.0 ], [ 714898.163772625033744, 732332.267740245559253, 0.0 ], [ 714856.513094131136313, 732352.368072650628164, 0.0 ], [ 714847.020038498099893, 732328.257673929911107, 0.0 ], [ 714848.479874160140753, 732316.937486724695191, 0.0 ], [ 714883.186023685499094, 732302.317244945559651, 0.0 ], [ 714884.002541937166825, 732292.707086019567214, 0.0 ], [ 714824.256499360781163, 732317.957503593061119, 0.0 ], [ 714886.023218418471515, 732291.847071797237732, 0.0 ], [ 714874.781659054686315, 732273.456767671392299, 0.0 ], [ 714815.151083705830388, 732299.867204428534023, 0.0 ] ] ] } },
{ "type": "Feature", "properties": { "RoutingKey": "D08", "Descriptor": "DUBLIN 8", "local_authority": "Dublin City", "CountyName": "Dublin 8" }, "geometry": { "type": "Polygon", "coordinates": [ [ [ 711483.649397347238846, 733663.319752239389345, 0.0 ], [ 711547.783194568823092, 733661.759726440766826, 0.0 ], [ 711671.745510957902297, 733666.149799040635116, 0.0 ], [ 711842.884437443106435, 733684.330099693615921, 0.0 ], [ 711873.4090238007484, 733591.408563023200259, 0.0 ], [ 711938.928427752456628, 733694.540268542128615, 0.0 ], [ 711928.396167071885429, 733693.420250020106323, 0.0 ], [ 711938.029432909679599, 733726.790801878552884, 0.0 ], [ 711951.184449186548591, 733776.471623464720324, 0.0 ], [ 711949.287487591733225, 733793.531905595562421, 0.0 ], [ 711502.553032022085972, 733792.541889223386534, 0.0 ], [ 711400.257316109025851, 733780.851695899269544, 0.0 ], [ 711394.987061939202249, 733736.600964112090878, 0.0 ], [ 711384.644497418077663, 733736.920969404047355, 0.0 ], [ 711331.96669869706966, 733740.861034562112764, 0.0 ], [ 711324.585043795756064, 733867.833134336629882, 0.0 ], [ 711315.149721776484512, 734077.436600610031746, 0.0 ], [ 711211.476646792492829, 734108.187109140097164, 0.0 ], [ 711221.736734722391702, 734207.98875958903227, 0.0 ], [ 711007.998648945940658, 734220.868972592870705, 0.0 ], [ 711023.619715295964852, 734365.491364255314693, 0.0 ], [ 711109.164435561164282, 734325.530703414231539, 0.0 ], [ 711026.399176415172406, 734754.907804148155265, 0.0 ], [ 710287.029528044513427, 735430.738980564638041, 0.0 ], [ 710021.331189889344387, 735863.956144802737981, 0.0 ], [ 709597.401511752512306, 736022.398765014368109, 0.0 ], [ 709739.401458610198461, 736435.945603958563879, 0.0 ], [ 709819.535714500700124, 736670.689485986367799, 0.0 ], [ 709851.173734838026576, 736764.441036382922903, 0.0 ], [ 709893.640931583591737, 736773.79119100922253, 0.0 ], [ 709994.757232244242914, 736798.841605275170878, 0.0 ], [ 710627.278456874424592, 736953.644165290053934, 0.0 ], [ 710879.13722304685507, 736920.783621865790337, 0.0 ], [ 711148.530512482277118, 736810.511798268533312, 0.0 ], [ 711606.407555506564677, 736378.874660159810446, 0.0 ], [ 711694.311106276581995, 736340.394023794331588, 0.0 ], [ 711883.933036822127178, 736282.413064946420491, 0.0 ], [ 712203.381369382375851, 736084.639794312301092, 0.0 ], [ 712455.949434238136746, 735925.95717013173271, 0.0 ], [ 712719.453895070590079, 735709.013582472573034, 0.0 ], [ 712914.22236489946954, 735533.190674838027917, 0.0 ], [ 713254.924914980307221, 734967.671322680194862, 0.0 ], [ 713297.779751703958027, 734897.760166539112106, 0.0 ], [ 713335.809707849635743, 734833.639106150483713, 0.0 ], [ 713510.808538797311485, 734540.134252375457436, 0.0 ], [ 713512.524051891639829, 734491.913454934139736, 0.0 ], [ 713534.759740846115164, 734487.013373900088482, 0.0 ], [ 713587.462282544467598, 734476.183194798300974, 0.0 ], [ 713648.115567622589879, 734475.463182891253382, 0.0 ], [ 713661.113878376316279, 734487.013373900088482, 0.0 ], [ 713743.417268612305634, 734478.353230684762821, 0.0 ], [ 713806.23968803579919, 734470.403099211165681, 0.0 ], [ 713831.510515541885979, 734461.74295599584002, 0.0 ], [ 713857.515384708531201, 734456.342866693041287, 0.0 ], [ 713858.958725052303635, 734445.252683291444555, 0.0 ], [ 713725.552838984993286, 734446.662706609349698, 0.0 ], [ 713733.948955956613645, 734380.791617280105129, 0.0 ], [ 713904.032182076014578, 734335.190863167168573, 0.0 ], [ 714119.667229447397403, 734325.57070407574065, 0.0 ], [ 714147.123686617007479, 734324.570687538245693, 0.0 ], [ 714252.339073854149319, 734321.480636437190697, 0.0 ], [ 714325.949431390617974, 734313.380502482876182, 0.0 ], [ 714341.331315626506694, 734311.21046659629792, 0.0 ], [ 714386.355286695528775, 734304.860361582832411, 0.0 ], [ 714491.677893501124345, 734289.700110873323865, 0.0 ], [ 714496.741956193232909, 734288.420089705265127, 0.0 ], [ 714538.12870959576685, 734276.12988645862788, 0.0 ], [ 714607.771943101310171, 734256.559562818496488, 0.0 ], [ 714660.713666913798079, 734241.009305659332313, 0.0 ], [ 714679.006974814692512, 734235.699217844870873, 0.0 ], [ 714690.248534178594127, 734232.559165916987695, 0.0 ], [ 714739.223133960156702, 734218.858939352328889, 0.0 ], [ 714810.210735900327563, 734199.21861455461476, 0.0 ], [ 715051.512498414958827, 734175.778226914000697, 0.0 ], [ 715185.594692529062741, 734197.388584290863946, 0.0 ], [ 715215.02234022540506, 734203.178680043318309, 0.0 ], [ 715315.676771976053715, 734222.909006329486147, 0.0 ], [ 715339.025894909980707, 734136.127571199671365, 0.0 ], [ 715345.170400945236906, 734113.287193481693976, 0.0 ], [ 715353.211868575308472, 734066.51642001979053, 0.0 ], [ 715304.245516452821903, 734053.3662025508238, 0.0 ], [ 715281.201556905754842, 734041.045998808112927, 0.0 ], [ 715272.830182911478914, 734036.565924719790928, 0.0 ], [ 715220.960654783062637, 734019.035634816274978, 0.0 ], [ 715195.500131117529236, 734014.245555601315573, 0.0 ], [ 715191.755693882587366, 733989.285142823704518, 0.0 ], [ 715203.327159610693343, 733944.594403760042042, 0.0 ], [ 715204.712766340817325, 733918.023964356980287, 0.0 ], [ 715250.182111001689918, 733931.354184802621603, 0.0 ], [ 715272.830182911478914, 733928.424136347603053, 0.0 ], [ 715291.824541836511344, 733888.963483775383793, 0.0 ], [ 715297.911314258002676, 733858.132973922183737, 0.0 ], [ 715372.626858114846982, 733761.341373251401819, 0.0 ], [ 715434.311100581544451, 733785.221768168383278, 0.0 ], [ 715458.427255812450312, 733777.181635206448846, 0.0 ], [ 715463.944939755601808, 733763.381406988017261, 0.0 ], [ 715465.437766054063104, 733764.661428156075999, 0.0 ], [ 715497.108777027693577, 733763.2314045074163, 0.0 ], [ 715496.424221321707591, 733755.991284775431268, 0.0 ], [ 715488.382753691752441, 733744.291091285995208, 0.0 ], [ 715477.421614737599157, 733732.600897961878218, 0.0 ], [ 715453.305459506576881, 733681.460052230744623, 0.0 ], [ 715445.338220808538608, 733677.579988065059297, 0.0 ], [ 715437.469954019761644, 733600.528713845764287, 0.0 ], [ 715388.404629987897351, 733603.738766931346618, 0.0 ], [ 715391.159348129876889, 733571.178228468284942, 0.0 ], [ 715443.655698350514285, 733563.208096663816832, 0.0 ], [ 715414.582699995837174, 733531.677575234440155, 0.0 ], [ 715411.663028671755455, 733515.597309310454875, 0.0 ], [ 715426.277880610548891, 733414.76564182783477, 0.0 ], [ 715456.959172491333447, 733414.76564182783477, 0.0 ], [ 715456.23337848985102, 733395.76532761415001, 0.0 ], [ 715456.959172491333447, 733365.814832314150408, 0.0 ], [ 715446.19597735570278, 733340.394411929184571, 0.0 ], [ 715490.8900420605205, 733342.994454926927574, 0.0 ], [ 715496.935576186398976, 733312.553951523383148, 0.0 ], [ 715474.493695754325017, 733308.813889672979712, 0.0 ], [ 715492.968452155590057, 733199.172076494432986, 0.0 ], [ 715492.036466676392592, 733199.052074509905651, 0.0 ], [ 715494.947890341514722, 733189.71192004904151, 0.0 ], [ 715492.019971358240582, 733164.87150925595779, 0.0 ], [ 715508.102906618267298, 733096.19037345610559, 0.0 ], [ 715511.212274101912044, 733084.850185920135118, 0.0 ], [ 715503.748142609372735, 733083.930170705541968, 0.0 ], [ 715484.126961592119187, 733035.639372106641531, 0.0 ], [ 715512.30921276321169, 733022.559155795257539, 0.0 ], [ 715491.170462470152415, 732992.868664794950746, 0.0 ], [ 715511.806105557712726, 732944.077857927186415, 0.0 ], [ 715525.381752448971383, 732895.767058997531421, 0.0 ], [ 715570.603667336632498, 732774.575054810149595, 0.0 ], [ 715574.059436502750032, 732741.014499809476547, 0.0 ], [ 715544.376111374003813, 732736.334422413725406, 0.0 ], [ 715548.516436246107332, 732695.713750657858327, 0.0 ], [ 715558.405379516305402, 732633.75272599037271, 0.0 ], [ 715570.776868177810684, 732635.422753608087078, 0.0 ], [ 715585.152538002585061, 732496.470455713570118, 0.0 ], [ 715570.760372859658673, 732495.480439341394231, 0.0 ], [ 715388.520097215427086, 732472.030051535577513, 0.0 ], [ 715371.942302408977412, 732470.060018956544809, 0.0 ], [ 715311.78387687727809, 732462.549894759431481, 0.0 ], [ 715220.276099077076651, 732452.099721941864118, 0.0 ], [ 715193.306253794813529, 732448.719666044926271, 0.0 ], [ 715131.415819850517437, 732440.169524648692459, 0.0 ], [ 715125.75792570260819, 732439.339510922553018, 0.0 ], [ 715072.354332980117761, 732434.039423273410648, 0.0 ], [ 714997.176920213270932, 732430.969372503110208, 0.0 ], [ 714868.447456859983504, 732438.089490250567906, 0.0 ], [ 714762.844429644756019, 732442.179557889234275, 0.0 ], [ 714757.697890361538157, 732442.809568307944573, 0.0 ], [ 714678.289428472402506, 732452.529729053028859, 0.0 ], [ 714671.146955685107969, 732453.619747078977525, 0.0 ], [ 714645.397763950750232, 732457.769815709907562, 0.0 ], [ 714517.37759928079322, 732483.620243205921724, 0.0 ], [ 714474.951640830608085, 732493.050399155123159, 0.0 ], [ 714306.221030804910697, 732531.701038331957534, 0.0 ], [ 714298.303278061444871, 732533.111061649979092, 0.0 ], [ 714263.993016173364595, 732539.321164348162711, 0.0 ], [ 714127.411781349568628, 732569.171657994505949, 0.0 ], [ 714038.378301281714812, 732588.581978988600895, 0.0 ], [ 713683.786693263449706, 732685.163576186518185, 0.0 ], [ 713677.906112319673412, 732687.753619018825702, 0.0 ], [ 713576.426914658281021, 732733.92438255820889, 0.0 ], [ 713559.717157306033187, 732741.844513535615988, 0.0 ], [ 713461.82569135655649, 732787.84527426364366, 0.0 ], [ 713323.611420029308647, 732870.586642581620254, 0.0 ], [ 713225.596239193226211, 732929.72762061317917, 0.0 ], [ 712976.294247344136238, 733083.18015830242075, 0.0 ], [ 712801.600579783553258, 733189.531917072366923, 0.0 ], [ 712777.44318625703454, 733184.271830084733665, 0.0 ], [ 712773.731739658513106, 733183.33181453938596, 0.0 ], [ 712599.970057577127591, 733144.881178670097142, 0.0 ], [ 712429.853840821306221, 733107.760564795695245, 0.0 ], [ 712390.421782627236098, 733099.300424887915142, 0.0 ], [ 712356.433179444400594, 733092.050304990611039, 0.0 ], [ 712274.418457277235575, 733073.579999541747384, 0.0 ], [ 712048.597550907754339, 733024.429186720517464, 0.0 ], [ 712044.894351968425326, 733023.639173655770719, 0.0 ], [ 711998.517764805699699, 733013.779010595404543, 0.0 ], [ 711826.306642636540346, 732976.658396721119061, 0.0 ], [ 711561.705243142670952, 732918.397433242644183, 0.0 ], [ 711418.96300696535036, 732886.9569133016048, 0.0 ], [ 711347.48054547875654, 732870.766645558411255, 0.0 ], [ 711340.082395259174518, 732868.88661446783226, 0.0 ], [ 711042.152205310994759, 732802.815521830925718, 0.0 ], [ 710788.091314156772569, 732746.93459771189373, 0.0 ], [ 710643.476859361981042, 732714.894067848334089, 0.0 ], [ 710555.631042205612175, 733090.330276545952074, 0.0 ], [ 710474.869964222889394, 733130.100934244925156, 0.0 ], [ 710381.663168646511622, 733173.581653298111632, 0.0 ], [ 710315.797363012214191, 733188.501900038681924, 0.0 ], [ 710283.573758878395893, 733251.102935290080495, 0.0 ], [ 710611.599656910635531, 733361.76476533699315, 0.0 ], [ 710766.655648135812953, 733416.235666138119996, 0.0 ], [ 711307.339188601472415, 733603.268759158672765, 0.0 ], [ 711390.351877520675771, 733632.439241559361108, 0.0 ], [ 711483.649397347238846, 733663.319752239389345, 0.0 ] ] ] } },
{ "type": "Feature", "properties": { "RoutingKey": "D12", "Descriptor": "DUBLIN 12", "local_authority": "Dublin City", "CountyName": "Dublin 12" }, "geometry": { "type": "Polygon", "coordinates": [ [ [ 714743.652126901084557, 732211.165737546631135, 0.0 ], [ 714732.154890104895458, 732182.105256964918226, 0.0 ], [ 714553.791014241287485, 732222.635927232448012, 0.0 ], [ 714531.538829968660139, 732281.386898814351298, 0.0 ], [ 714372.853868736186996, 732440.419528783066198, 0.0 ], [ 714239.5057162825251, 732304.047273555537686, 0.0 ], [ 714030.048165582935326, 732085.953666878165677, 0.0 ], [ 714152.748590128496289, 731782.868654673337005, 0.0 ], [ 714115.106273960787803, 731755.438201047945768, 0.0 ], [ 714083.847645942587405, 731734.807859877939336, 0.0 ], [ 713961.963739648694173, 731643.496349832974374, 0.0 ], [ 713943.068352632923052, 731624.37603363476228, 0.0 ], [ 713880.839764665113762, 731519.224294709973037, 0.0 ], [ 713900.906319274217822, 731420.762666421360336, 0.0 ], [ 713838.545768760726787, 731382.972041466855444, 0.0 ], [ 713894.646346011431888, 731341.291352181113325, 0.0 ], [ 713880.287171504925936, 731286.630448237876408, 0.0 ], [ 713876.773668725043535, 731289.820500992704183, 0.0 ], [ 713832.830140999052674, 731257.119960214360617, 0.0 ], [ 713771.879940193030052, 731196.168952249921858, 0.0 ], [ 713705.30483587551862, 731242.219713804661296, 0.0 ], [ 713651.340402333764359, 731194.428923474508338, 0.0 ], [ 713602.38229787023738, 731102.757407475961372, 0.0 ], [ 713566.117340773693286, 731063.956765818526037, 0.0 ], [ 713518.487109426525421, 730928.284522167174146, 0.0 ], [ 713488.110980932833627, 730871.483582833549008, 0.0 ], [ 713483.583016082644463, 730838.853043212904595, 0.0 ], [ 713536.137099917046726, 730813.492623820202425, 0.0 ], [ 713526.173927714931779, 730784.502144396305084, 0.0 ], [ 713477.248813887941651, 730805.342489039059728, 0.0 ], [ 713461.231859900755808, 730777.942035909858532, 0.0 ], [ 713494.057543149450794, 730762.411779081448913, 0.0 ], [ 713465.619614546070807, 730703.500804853625596, 0.0 ], [ 713459.516346806311049, 730684.190485513187014, 0.0 ], [ 713484.531496880110353, 730663.870149469934404, 0.0 ], [ 713467.681529322988354, 730639.289742976659909, 0.0 ], [ 713433.923860595095903, 730592.998977452749386, 0.0 ], [ 713386.161666702246293, 730525.397859513410367, 0.0 ], [ 713312.130678551387973, 730440.626457624137402, 0.0 ], [ 713304.311897717299871, 730431.636308951419778, 0.0 ], [ 713271.824368492001668, 730448.476587443961762, 0.0 ], [ 713143.729974890011363, 730343.744855464901775, 0.0 ], [ 713034.926855940953828, 730324.314534140052274, 0.0 ], [ 712797.11385322897695, 730196.362418158794753, 0.0 ], [ 712779.802016761852428, 730080.270498312893324, 0.0 ], [ 712768.667676966404542, 730075.680422405479476, 0.0 ], [ 712818.467042658827268, 729997.419128175824881, 0.0 ], [ 712743.932947302353568, 729960.888524058507755, 0.0 ], [ 712644.565150372567587, 729908.277654017321765, 0.0 ], [ 712612.40752751159016, 729941.888209844822995, 0.0 ], [ 712587.400625096983276, 730000.949186553363688, 0.0 ], [ 712541.782822572160512, 729982.138875481789, 0.0 ], [ 712431.025008414522745, 729918.027815258596092, 0.0 ], [ 712208.857815029914491, 729837.606485307682306, 0.0 ], [ 712106.537356139509939, 729776.185469570453279, 0.0 ], [ 712056.020444104797207, 729849.046674497425556, 0.0 ], [ 712025.908240702468902, 729826.716305213631131, 0.0 ], [ 712001.387950175208971, 729866.116956793586724, 0.0 ], [ 712010.691309648682363, 729874.207090582465753, 0.0 ], [ 712002.97150072385557, 729889.907350222230889, 0.0 ], [ 711989.874218060867861, 729880.517194934538566, 0.0 ], [ 711951.877252551610582, 729883.447243389557116, 0.0 ], [ 711915.340122704394162, 729846.906639107037336, 0.0 ], [ 711881.986589272739366, 729813.546087413909845, 0.0 ], [ 711908.280126508208923, 729787.185651483712718, 0.0 ], [ 711895.306558731710538, 729766.005301218130626, 0.0 ], [ 711849.58153663855046, 729788.455672486452386, 0.0 ], [ 711810.124735467252322, 729719.774536686483771, 0.0 ], [ 711854.175482761580497, 729698.904191547539085, 0.0 ], [ 711837.638926250510849, 729671.9437456948217, 0.0 ], [ 711832.847036308958195, 729655.823479109327309, 0.0 ], [ 711811.592818788369186, 729652.553425031481311, 0.0 ], [ 711780.89503158943262, 729633.553110817680135, 0.0 ], [ 711804.285392818972468, 729597.022506700479425, 0.0 ], [ 711788.202457558829337, 729575.102144197095186, 0.0 ], [ 711793.89334234315902, 729527.471356512978673, 0.0 ], [ 711575.297385352198035, 729491.450760829844512, 0.0 ], [ 711477.33993812976405, 729470.200409406679682, 0.0 ], [ 711426.583843980915844, 729509.701062640408054, 0.0 ], [ 711364.883106196066365, 729538.981546860304661, 0.0 ], [ 711275.519719763891771, 729511.411090919631533, 0.0 ], [ 711271.626824664999731, 729482.850618606898934, 0.0 ], [ 711138.031242438242771, 729482.590614307089709, 0.0 ], [ 711072.239665735862218, 729467.650367235881276, 0.0 ], [ 710987.841370086651295, 729452.940123968292028, 0.0 ], [ 710915.179493347648531, 729532.281436058576219, 0.0 ], [ 710731.462886723107658, 729537.641524699982256, 0.0 ], [ 710707.15703533263877, 729398.51922399410978, 0.0 ], [ 710636.086956801475026, 729423.009628999046981, 0.0 ], [ 710604.671623260132037, 729398.309220521128736, 0.0 ], [ 710518.54956685740035, 729204.686018518055789, 0.0 ], [ 710103.75004735274706, 729461.690268671954982, 0.0 ], [ 709970.187455762410536, 729529.661392730195075, 0.0 ], [ 710105.259368969476782, 729799.585856549441814, 0.0 ], [ 709934.483339485013857, 729841.086542858392932, 0.0 ], [ 709756.201940212631598, 729908.307654513395391, 0.0 ], [ 709686.055599501472898, 729881.997219410142861, 0.0 ], [ 709630.524110729107633, 729905.377606058376841, 0.0 ], [ 709583.768131247488782, 729978.448814458213747, 0.0 ], [ 709826.348280923790298, 730235.643067754223011, 0.0 ], [ 709800.038248370052315, 730311.634324443759397, 0.0 ], [ 709583.768131247488782, 730346.704904416110367, 0.0 ], [ 709516.5414618604118, 730399.315774457412772, 0.0 ], [ 709478.552744010346942, 730463.616837822715752, 0.0 ], [ 709452.844790571485646, 730522.587813042919151, 0.0 ], [ 709367.209346056100912, 730471.66697095008567, 0.0 ], [ 709307.776714525884017, 730610.599268513848074, 0.0 ], [ 709323.64521064911969, 730691.580607725773007, 0.0 ], [ 709393.79155136027839, 730758.801719380891882, 0.0 ], [ 709455.170630439883098, 730834.792976070311852, 0.0 ], [ 709437.636107176891528, 730916.624329339247197, 0.0 ], [ 709519.477628502761945, 731004.305779352784157, 0.0 ], [ 709487.320005641784519, 731135.827954373206012, 0.0 ], [ 709542.851494414033368, 731147.518147697323002, 0.0 ], [ 709764.977449503145181, 731129.977857628487982, 0.0 ], [ 709914.037392557016574, 731024.766117711435072, 0.0 ], [ 710025.100370101514272, 730942.924764277180657, 0.0 ], [ 710130.315757338772528, 730972.155247670132667, 0.0 ], [ 710223.835963961202651, 730910.784232759848237, 0.0 ], [ 710302.757813962991349, 730937.084667697781697, 0.0 ], [ 710264.76084845373407, 731027.686166001134552, 0.0 ], [ 710390.842813233379275, 731179.378674584208056, 0.0 ], [ 710255.053353683906607, 731315.960933284601197, 0.0 ], [ 710239.828174971044064, 731457.573275169124827, 0.0 ], [ 710246.211863120435737, 731455.183235644362867, 0.0 ], [ 710200.462098049931228, 731580.085301186074503, 0.0 ], [ 710177.088232138659805, 731626.846074482542463, 0.0 ], [ 710127.404333673766814, 731629.766122772241943, 0.0 ], [ 710077.712187549681403, 731556.694914372405037, 0.0 ], [ 709972.496800312539563, 731556.694914372405037, 0.0 ], [ 709896.502869294025004, 731524.544382689753547, 0.0 ], [ 709840.971380521776155, 731463.173367779469118, 0.0 ], [ 709767.90536848641932, 731454.403222745051607, 0.0 ], [ 709721.141141345608048, 731507.014092786237597, 0.0 ], [ 709677.00791746028699, 731576.895248431246728, 0.0 ], [ 709620.833111277548596, 731541.204658205620944, 0.0 ], [ 709563.322184319491498, 731638.536267806659453, 0.0 ], [ 709428.877093204529956, 731626.836074317223392, 0.0 ], [ 709355.811081169173121, 731600.545639544609003, 0.0 ], [ 709262.282626887666993, 731530.394479434471577, 0.0 ], [ 709309.038606369285844, 731410.562497738166712, 0.0 ], [ 709315.447037496021949, 731347.171449422021396, 0.0 ], [ 709106.830748025327921, 731214.619257367914543, 0.0 ], [ 709073.353499707067385, 731195.54894199653063, 0.0 ], [ 709022.62214853556361, 731261.510032814345323, 0.0 ], [ 708961.243069455842488, 731328.731144469347782, 0.0 ], [ 708902.791909359511919, 731322.891047889948823, 0.0 ], [ 708856.019434559624642, 731200.129017738625407, 0.0 ], [ 708899.921723990002647, 731096.767308415961452, 0.0 ], [ 708808.776843190542422, 731044.866450116387568, 0.0 ], [ 708621.414771240437403, 730976.735323412227444, 0.0 ], [ 708609.736085943994112, 731116.09762808715459, 0.0 ], [ 708599.319292490952648, 731302.310707546886988, 0.0 ], [ 708423.660648814635351, 731586.615409176331013, 0.0 ], [ 708272.085169733036309, 731835.939532321761362, 0.0 ], [ 708234.055213587358594, 731890.580435934360139, 0.0 ], [ 708169.797701479052193, 731982.9219630130101, 0.0 ], [ 708058.157387797022238, 732143.364616299746558, 0.0 ], [ 708091.840827592881396, 732148.884707587072626, 0.0 ], [ 707881.401805459405296, 732479.710178544046357, 0.0 ], [ 707726.774692507926375, 732711.514011951396242, 0.0 ], [ 707963.16085019428283, 732747.544607799733058, 0.0 ], [ 708031.212285491987132, 732757.914779294282198, 0.0 ], [ 708309.18314039951656, 732800.515483794501051, 0.0 ], [ 708686.109409281401895, 732859.276455541839823, 0.0 ], [ 708982.027170407352969, 732904.667206181795336, 0.0 ], [ 709613.764867422287352, 733007.658909385558218, 0.0 ], [ 709516.005364018492401, 732648.982977857463993, 0.0 ], [ 709436.192766833002679, 732639.552821908262558, 0.0 ], [ 709374.813687753397971, 732589.872000322095118, 0.0 ], [ 709348.511902858852409, 732472.960066915489733, 0.0 ], [ 709364.207198140909895, 732430.829370187828317, 0.0 ], [ 709859.594594786991365, 732540.601185516337864, 0.0 ], [ 709932.239976207725704, 732555.931439037085511, 0.0 ], [ 710135.709726395201869, 732602.382207207032479, 0.0 ], [ 710643.476859361981042, 732714.894067848334089, 0.0 ], [ 710788.091314156772569, 732746.93459771189373, 0.0 ], [ 711042.152205310994759, 732802.815521830925718, 0.0 ], [ 711340.082395259174518, 732868.88661446783226, 0.0 ], [ 711347.48054547875654, 732870.766645558411255, 0.0 ], [ 711418.96300696535036, 732886.9569133016048, 0.0 ], [ 711561.705243142670952, 732918.397433242644183, 0.0 ], [ 711826.306642636540346, 732976.658396721119061, 0.0 ], [ 711998.517764805699699, 733013.779010595404543, 0.0 ], [ 712044.894351968425326, 733023.639173655770719, 0.0 ], [ 712048.597550907754339, 733024.429186720517464, 0.0 ], [ 712274.418457277235575, 733073.579999541747384, 0.0 ], [ 712356.433179444400594, 733092.050304990611039, 0.0 ], [ 712390.421782627236098, 733099.300424887915142, 0.0 ], [ 712429.853840821306221, 733107.760564795695245, 0.0 ], [ 712599.970057577127591, 733144.881178670097142, 0.0 ], [ 712773.731739658513106, 733183.33181453938596, 0.0 ], [ 712777.44318625703454, 733184.271830084733665, 0.0 ], [ 712801.600579783553258, 733189.531917072366923, 0.0 ], [ 712976.294247344136238, 733083.18015830242075, 0.0 ], [ 713225.596239193226211, 732929.72762061317917, 0.0 ], [ 713323.611420029308647, 732870.586642581620254, 0.0 ], [ 713461.82569135655649, 732787.84527426364366, 0.0 ], [ 713559.717157306033187, 732741.844513535615988, 0.0 ], [ 713576.426914658281021, 732733.92438255820889, 0.0 ], [ 713677.906112319673412, 732687.753619018825702, 0.0 ], [ 713683.786693263449706, 732685.163576186518185, 0.0 ], [ 714038.378301281714812, 732588.581978988600895, 0.0 ], [ 714127.411781349568628, 732569.171657994505949, 0.0 ], [ 714263.993016173364595, 732539.321164348162711, 0.0 ], [ 714298.303278061444871, 732533.111061649979092, 0.0 ], [ 714306.221030804910697, 732531.701038331957534, 0.0 ], [ 714474.951640830608085, 732493.050399155123159, 0.0 ], [ 714517.37759928079322, 732483.620243205921724, 0.0 ], [ 714645.397763950750232, 732457.769815709907562, 0.0 ], [ 714671.146955685107969, 732453.619747078977525, 0.0 ], [ 714678.289428472402506, 732452.529729053028859, 0.0 ], [ 714757.697890361538157, 732442.809568307944573, 0.0 ], [ 714754.769971378264017, 732407.898990981513634, 0.0 ], [ 714734.307529131998308, 732358.208169230027124, 0.0 ], [ 714729.193980485200882, 732319.487528895493597, 0.0 ], [ 714709.754247968317941, 732225.015966591890901, 0.0 ], [ 714765.665129059576429, 732202.175588873913512, 0.0 ], [ 714743.652126901084557, 732211.165737546631135, 0.0 ] ] ] } },
{ "type": "Feature", "properties": { "RoutingKey": "D17", "Descriptor": "DUBLIN 17", "local_authority": "Dublin City", "CountyName": "Dublin 17" }, "geometry": { "type": "Polygon", "coordinates": [ [ [ 721201.478483995655552, 743157.666763014160097, 0.0 ], [ 721357.054077744600363, 743096.745755545794964, 0.0 ], [ 721674.283790004788898, 742998.304127587936819, 0.0 ], [ 721839.715336387394927, 742965.113578706164844, 0.0 ], [ 722006.03762995370198, 743009.714316281490028, 0.0 ], [ 722145.588022056384943, 742968.813639895175584, 0.0 ], [ 721874.04209359374363, 742502.01592032564804, 0.0 ], [ 721906.8430338652106, 742485.095640510087833, 0.0 ], [ 721904.500698678544722, 742411.434422353166156, 0.0 ], [ 721845.447459467337467, 742009.157769787241705, 0.0 ], [ 721692.502868973766454, 742043.818342979182489, 0.0 ], [ 721686.795488871168345, 741698.492632227600552, 0.0 ], [ 721440.833798960782588, 741603.72106496267952, 0.0 ], [ 721018.759844123153016, 741737.803282319218852, 0.0 ], [ 721112.280050745583139, 741513.51957327441778, 0.0 ], [ 721137.633354842779227, 741353.926934044575319, 0.0 ], [ 721197.379397419048473, 741359.687029300956056, 0.0 ], [ 721207.482779826037586, 741301.666069791535847, 0.0 ], [ 721147.703746613231488, 741290.59588672069367, 0.0 ], [ 721162.524790029856376, 741197.304343931260519, 0.0 ], [ 721148.701713365269825, 741047.851872392348014, 0.0 ], [ 721137.509639956173487, 741002.141116460319608, 0.0 ], [ 721113.682152793975547, 740895.449352067662403, 0.0 ], [ 721094.159943685983308, 740850.458608042565174, 0.0 ], [ 721288.631497786846012, 740827.938235616660677, 0.0 ], [ 721286.940727669862099, 740669.285611932165921, 0.0 ], [ 721258.99765861290507, 740672.295661710202694, 0.0 ], [ 721197.96498121577315, 740663.795521140913479, 0.0 ], [ 721189.552368925884366, 740620.844810852548108, 0.0 ], [ 721126.87840736634098, 740490.512655511847697, 0.0 ], [ 721077.846073970897123, 740445.761915455805138, 0.0 ], [ 720934.872903338517062, 740445.721914794296026, 0.0 ], [ 721010.108049719245173, 740426.55159776925575, 0.0 ], [ 721034.100490063545294, 740381.230848286882974, 0.0 ], [ 720984.34236266661901, 740280.14917666988913, 0.0 ], [ 720910.732005130266771, 740275.729103573830798, 0.0 ], [ 720907.333969577914104, 740295.219425890943967, 0.0 ], [ 720860.52850414160639, 740266.588952420512214, 0.0 ], [ 720846.169329635100439, 740164.627266250434332, 0.0 ], [ 720807.710495215724222, 740042.725250321440399, 0.0 ], [ 720584.932975057163276, 740098.796177582582459, 0.0 ], [ 720526.547796233557165, 739969.354036960285157, 0.0 ], [ 720389.224272090010345, 739735.630171800847165, 0.0 ], [ 720235.652859504334629, 739600.537937741377391, 0.0 ], [ 720273.517862467793748, 739540.676947802770883, 0.0 ], [ 720354.749057019711472, 739529.886769362492487, 0.0 ], [ 720278.953069819835946, 739433.415173983667046, 0.0 ], [ 720148.722532508894801, 739328.43343787023332, 0.0 ], [ 720042.723617656505667, 739420.414958995301276, 0.0 ], [ 719819.088340950664133, 739635.928523005801253, 0.0 ], [ 719624.715758759062737, 739349.42378499370534, 0.0 ], [ 719429.50191533844918, 739450.755460745072924, 0.0 ], [ 719370.762087173177861, 739477.065895848325454, 0.0 ], [ 719133.468686984968372, 739606.678039281978272, 0.0 ], [ 719061.186202564975247, 739646.158692185068503, 0.0 ], [ 719003.081444151117466, 739678.199222048628144, 0.0 ], [ 718879.663473263150081, 739752.690453931689262, 0.0 ], [ 718782.786469383863732, 739816.841514816507697, 0.0 ], [ 718630.180032913689502, 739916.983170888153836, 0.0 ], [ 718692.194181744707748, 740057.055487304693088, 0.0 ], [ 718386.824603281333111, 740125.846624923753552, 0.0 ], [ 718307.845019665779546, 740206.657961324322969, 0.0 ], [ 718148.549731659353711, 740257.028794321347959, 0.0 ], [ 718117.555028732516803, 740101.22621776885353, 0.0 ], [ 718061.891577414469793, 740095.476122677908279, 0.0 ], [ 717992.842175364610739, 739830.021732781548053, 0.0 ], [ 717815.146359888836741, 739883.732621014118195, 0.0 ], [ 717721.683886880171485, 739932.383425566600636, 0.0 ], [ 717687.381872651167214, 739837.531856978661381, 0.0 ], [ 717526.437052823137492, 739893.31277944392059, 0.0 ], [ 717517.298646531766281, 740028.255011022905819, 0.0 ], [ 717469.742644116631709, 740021.524899725103751, 0.0 ], [ 717254.602456291788258, 739991.124396983068436, 0.0 ], [ 717246.527998025296256, 740093.036082326201722, 0.0 ], [ 717303.997686687856913, 740227.978313905186951, 0.0 ], [ 717358.300274253124371, 740353.260385731118731, 0.0 ], [ 717389.666121839778498, 740406.011258087703027, 0.0 ], [ 717400.338592725107446, 740424.901570482295938, 0.0 ], [ 717438.657216939609498, 740490.412653858074918, 0.0 ], [ 717450.797771146171726, 740511.393000816111453, 0.0 ], [ 717531.946489107096568, 740644.69520527345594, 0.0 ], [ 717110.425127429654822, 740741.866812228574418, 0.0 ], [ 717033.589935182128102, 740733.326670997776091, 0.0 ], [ 716996.269277719780803, 740729.176602366846055, 0.0 ], [ 717181.231280869455077, 741165.613819855847396, 0.0 ], [ 717128.099860897520557, 741365.967133156838827, 0.0 ], [ 717216.564252486918122, 741376.94731473934371, 0.0 ], [ 717322.505433725658804, 741433.218245308031328, 0.0 ], [ 717341.887432628776878, 741592.530879907310009, 0.0 ], [ 717467.90341613558121, 741624.651411093887873, 0.0 ], [ 717960.973220572457649, 741562.370381134445779, 0.0 ], [ 718144.714570174226537, 741507.989481821656227, 0.0 ], [ 718576.891907418728806, 741535.269932966446504, 0.0 ], [ 718919.986278640804812, 741413.48791902186349, 0.0 ], [ 719490.171695734839886, 741284.365783691639081, 0.0 ], [ 719754.797838205937296, 741199.524380644666962, 0.0 ], [ 719929.235828334232792, 741164.003793230396695, 0.0 ], [ 720020.265241906163283, 741182.524099506088533, 0.0 ], [ 720032.950141613837332, 741184.554133077384904, 0.0 ], [ 720221.145227133762091, 742986.783937075175345, 0.0 ], [ 720309.749828928033821, 742963.233547615585849, 0.0 ], [ 720781.532425207784399, 743022.10452118201647, 0.0 ], [ 720794.769918075762689, 743176.417073093471117, 0.0 ], [ 721201.478483995655552, 743157.666763014160097, 0.0 ] ] ] } },
{ "type": "Feature", "properties": { "RoutingKey": "D20", "Descriptor": "DUBLIN 20", "local_authority": "South Dublin", "CountyName": "Dublin 20" }, "geometry": { "type": "Polygon", "coordinates": [ [ [ 710653.637975382735021, 733838.972657062462531, 0.0 ], [ 710680.170694732223637, 733796.741958681144752, 0.0 ], [ 710611.855334343039431, 733748.971168681746349, 0.0 ], [ 710542.393549337750301, 733712.100558941718191, 0.0 ], [ 710542.393549337750301, 733712.110559107153676, 0.0 ], [ 710552.439198130974546, 733833.412565113627352, 0.0 ], [ 710547.119458006462082, 733833.492566436645575, 0.0 ], [ 710544.636912615038455, 733991.355177056510001, 0.0 ], [ 710297.726741907303222, 733992.935203185887076, 0.0 ], [ 710103.692313738982193, 734094.626884890720248, 0.0 ], [ 710090.009447279269807, 734117.247258970397525, 0.0 ], [ 710045.595802984200418, 734093.596867857035249, 0.0 ], [ 709976.909297935198992, 734086.286746967467479, 0.0 ], [ 709900.915366916684434, 734057.06626373983454, 0.0 ], [ 709824.014193396200426, 734015.445575446472503, 0.0 ], [ 709763.22069811320398, 734107.517098059994169, 0.0 ], [ 709668.916963875526562, 734343.450999767403118, 0.0 ], [ 709647.126648513018154, 734570.854760409449227, 0.0 ], [ 709648.446273970184848, 734584.284982508979738, 0.0 ], [ 709651.349449976114556, 734600.725254386547022, 0.0 ], [ 709414.286984242964536, 734697.12684860767331, 0.0 ], [ 709190.404277763911523, 734806.048649879172444, 0.0 ], [ 709185.77734100446105, 734767.238008056301624, 0.0 ], [ 709171.525386066292413, 734629.985738275572658, 0.0 ], [ 709158.32913149392698, 734489.293411605758592, 0.0 ], [ 709141.792574982973747, 734262.529661547741853, 0.0 ], [ 709133.272743124747649, 734209.428783403127454, 0.0 ], [ 709024.766539903590456, 734199.538619846571237, 0.0 ], [ 708944.673522308468819, 734216.61890230816789, 0.0 ], [ 708927.922526660724543, 734051.886178075219505, 0.0 ], [ 708639.485392345464788, 734113.587198442895897, 0.0 ], [ 708595.261444209958427, 734131.537495292257518, 0.0 ], [ 708572.473162095295265, 734138.037602786440402, 0.0 ], [ 708475.942559898481704, 734174.728209549561143, 0.0 ], [ 708465.872168128029443, 734166.668076256872155, 0.0 ], [ 708324.119651043554768, 734201.738656229223125, 0.0 ], [ 708090.306762998807244, 734252.89950229099486, 0.0 ], [ 707986.542963764630258, 734267.499743739375845, 0.0 ], [ 707947.152143866172992, 734285.590042904019356, 0.0 ], [ 707892.156752935843542, 734184.928378232754767, 0.0 ], [ 707893.43514009763021, 734047.966113248025067, 0.0 ], [ 707784.772231353330426, 734054.486221072962508, 0.0 ], [ 707651.292116353986785, 734145.817731448682025, 0.0 ], [ 707631.74516426876653, 734160.717977858381346, 0.0 ], [ 707442.123233723104931, 734227.91908918262925, 0.0 ], [ 707466.189902999438345, 734451.75279078562744, 0.0 ], [ 707502.067220118013211, 734785.518310362938792, 0.0 ], [ 707535.593954390962608, 735097.463469090638682, 0.0 ], [ 707555.437822204083204, 735248.035959151689894, 0.0 ], [ 707404.662366055883467, 735241.575852319016121, 0.0 ], [ 707153.389183680061251, 735123.17389427148737, 0.0 ], [ 706821.255951412254944, 735140.504180867457762, 0.0 ], [ 706598.857823572470807, 735085.623273285920732, 0.0 ], [ 706414.019535309402272, 735178.044801687588915, 0.0 ], [ 706276.704258824931458, 735172.244705769699067, 0.0 ], [ 706280.63839221931994, 735282.176523744128644, 0.0 ], [ 706210.417822576244362, 735307.996950744069181, 0.0 ], [ 706195.266872795415111, 734908.230339687434025, 0.0 ], [ 706082.043008564622141, 734907.150321826920845, 0.0 ], [ 706083.486348908394575, 734973.72142273245845, 0.0 ], [ 705951.655765730654821, 734982.23156346718315, 0.0 ], [ 705918.236251026159152, 735160.464510957244784, 0.0 ], [ 705869.484338040463626, 735158.164472920820117, 0.0 ], [ 705716.06963097769767, 735193.095050577889197, 0.0 ], [ 705728.284414116293192, 735283.386543754604645, 0.0 ], [ 705772.904249888961203, 735278.076455940143205, 0.0 ], [ 705804.764957022154704, 735325.337237505358644, 0.0 ], [ 705914.170155086088926, 735325.337237505358644, 0.0 ], [ 705950.641303660348058, 735403.498530081356876, 0.0 ], [ 705730.255604643025436, 735464.209534076857381, 0.0 ], [ 706328.111918043345213, 735805.275174378417432, 0.0 ], [ 706028.507453296333551, 735862.916127603617497, 0.0 ], [ 705953.165087347384542, 735922.557113903923891, 0.0 ], [ 705889.567387967719696, 736226.312137189088389, 0.0 ], [ 705884.816736321663484, 736236.402304053073749, 0.0 ], [ 705989.471282739541493, 736219.232020103139803, 0.0 ], [ 706232.076175393071026, 736074.829632078879513, 0.0 ], [ 706801.040938939200714, 735959.297721494105645, 0.0 ], [ 707066.75577241263818, 735898.636718325433321, 0.0 ], [ 707121.627448456245475, 735884.196479522972368, 0.0 ], [ 707216.92914944596123, 735872.656288679572754, 0.0 ], [ 707442.213957973290235, 736019.948724497342482, 0.0 ], [ 707557.738919095136225, 735982.398103511775844, 0.0 ], [ 707671.342175644938834, 735986.308168173651211, 0.0 ], [ 707660.537742213811725, 735921.447095547337085, 0.0 ], [ 707687.202424109098502, 736081.499742384417914, 0.0 ], [ 707869.657138890004717, 736060.369392945664003, 0.0 ], [ 708201.798618817003444, 736014.158628744888119, 0.0 ], [ 708635.023408768232912, 735996.828342148801312, 0.0 ], [ 708819.861697031301446, 735921.737100343219936, 0.0 ], [ 708941.160019528586417, 735803.315141964820214, 0.0 ], [ 708993.145014884532429, 735780.214759947150014, 0.0 ], [ 709117.338265728554688, 735690.683279338991269, 0.0 ], [ 709163.549899709178135, 735690.683279338991269, 0.0 ], [ 709232.863226850400679, 735748.444234548718669, 0.0 ], [ 709489.159233622835018, 735707.163551878067665, 0.0 ], [ 709597.401511752512306, 736022.398765014368109, 0.0 ], [ 710021.331189889344387, 735863.956144802737981, 0.0 ], [ 710287.029528044513427, 735430.738980564638041, 0.0 ], [ 711026.399176415172406, 734754.907804148155265, 0.0 ], [ 711109.164435561164282, 734325.530703414231539, 0.0 ], [ 711023.619715295964852, 734365.491364255314693, 0.0 ], [ 711007.998648945940658, 734220.868972592870705, 0.0 ], [ 711221.736734722391702, 734207.98875958903227, 0.0 ], [ 711211.476646792492829, 734108.187109140097164, 0.0 ], [ 710975.750301834661514, 734150.427807686850429, 0.0 ], [ 710945.770060978131369, 733849.542831864557229, 0.0 ], [ 710937.6378690978745, 733827.332464565290138, 0.0 ], [ 710842.245443858089857, 733855.472929932293482, 0.0 ], [ 710743.55395497509744, 733829.342497805715539, 0.0 ], [ 710700.946548024541698, 733874.653247122769244, 0.0 ], [ 710653.637975382735021, 733838.972657062462531, 0.0 ] ] ] } },
{ "type": "Feature", "properties": { "RoutingKey": "D22", "Descriptor": "DUBLIN 22", "local_authority": "South Dublin", "CountyName": "Dublin 22" }, "geometry": { "type": "Polygon", "coordinates": [ [ [ 702637.738088589627296, 731254.949924327898771, 0.0 ], [ 702630.8925315302331, 731280.340344216674566, 0.0 ], [ 702664.889382372261025, 731433.192871983279474, 0.0 ], [ 702660.295436249230988, 731574.865214859950356, 0.0 ], [ 702747.489688336034305, 731556.334908418939449, 0.0 ], [ 702955.437917419010773, 731648.756436820607632, 0.0 ], [ 703076.736239916295744, 731833.599493623943999, 0.0 ], [ 703151.831176092033274, 732197.495511478045955, 0.0 ], [ 703394.436068745562807, 732168.625034038559534, 0.0 ], [ 703496.434868930839002, 732306.617316057090648, 0.0 ], [ 703705.075901378761046, 732298.627183921867982, 0.0 ], [ 704461.938834716915153, 732269.036694575450383, 0.0 ], [ 704658.925924845738336, 732261.336567236110568, 0.0 ], [ 704993.855113551137038, 732248.526355389971286, 0.0 ], [ 705259.767890843097121, 732237.056165704154409, 0.0 ], [ 705623.003045606194064, 732219.575876627466641, 0.0 ], [ 705813.622942903777584, 732216.275822053547017, 0.0 ], [ 705866.622400330030359, 732214.535793278133497, 0.0 ], [ 705964.505618620431051, 732210.865732585312799, 0.0 ], [ 705878.878421764122322, 733135.741027516778558, 0.0 ], [ 706035.715907356468961, 733153.901327838888392, 0.0 ], [ 706009.801762440009043, 733277.413370393449441, 0.0 ], [ 706008.209964232286438, 733338.814385799923912, 0.0 ], [ 706006.799614524818026, 733389.685227065696381, 0.0 ], [ 706017.472085410263389, 733483.476778123877011, 0.0 ], [ 705746.899380722432397, 733520.227385879377834, 0.0 ], [ 705704.357955044717528, 733531.477571926894598, 0.0 ], [ 705589.484558992437087, 733577.738336954615079, 0.0 ], [ 705671.804444546578452, 733841.912705682916567, 0.0 ], [ 705716.259327137144282, 733946.824440638767555, 0.0 ], [ 705698.337163896067068, 733980.114991174312308, 0.0 ], [ 705766.042197511414997, 734214.218862617970444, 0.0 ], [ 705547.157572451629676, 734298.280252765631303, 0.0 ], [ 705540.757388983969577, 734300.740293448092416, 0.0 ], [ 705648.669760749442503, 734467.823056544293649, 0.0 ], [ 705745.447792719467543, 734617.765536186634563, 0.0 ], [ 705807.503179845865816, 734632.185774658224545, 0.0 ], [ 705847.941452451050282, 734741.937589655863121, 0.0 ], [ 705925.92306931456551, 734871.899738877778873, 0.0 ], [ 706102.101315514533781, 734854.579452447127551, 0.0 ], [ 706235.523696900112554, 734832.749091432080604, 0.0 ], [ 706238.814512884127907, 734878.049840583698824, 0.0 ], [ 706267.260689146700315, 734908.910350932972506, 0.0 ], [ 706195.266872795415111, 734908.230339687434025, 0.0 ], [ 706210.417822576244362, 735307.996950744069181, 0.0 ], [ 706280.63839221931994, 735282.176523744128644, 0.0 ], [ 706276.704258824931458, 735172.244705769699067, 0.0 ], [ 706414.019535309402272, 735178.044801687588915, 0.0 ], [ 706598.857823572470807, 735085.623273285920732, 0.0 ], [ 706821.255951412254944, 735140.504180867457762, 0.0 ], [ 707153.389183680061251, 735123.17389427148737, 0.0 ], [ 707404.662366055883467, 735241.575852319016121, 0.0 ], [ 707555.437822204083204, 735248.035959151689894, 0.0 ], [ 707535.593954390962608, 735097.463469090638682, 0.0 ], [ 707502.067220118013211, 734785.518310362938792, 0.0 ], [ 707466.189902999438345, 734451.75279078562744, 0.0 ], [ 707442.123233723104931, 734227.91908918262925, 0.0 ], [ 707631.74516426876653, 734160.717977858381346, 0.0 ], [ 707651.292116353986785, 734145.817731448682025, 0.0 ], [ 707784.772231353330426, 734054.486221072962508, 0.0 ], [ 707893.43514009763021, 734047.966113248025067, 0.0 ], [ 707888.123647632193752, 733987.375111237051897, 0.0 ], [ 707847.866823527379893, 733857.952970945509151, 0.0 ], [ 707790.215686364448629, 733831.542534188367426, 0.0 ], [ 707733.405810430529527, 733788.771826876793057, 0.0 ], [ 707811.172988157137297, 733551.447902182117105, 0.0 ], [ 707802.40572652569972, 733415.545654727146029, 0.0 ], [ 707762.957173013477586, 733288.403552141273394, 0.0 ], [ 707770.586257688119076, 733164.371500987210311, 0.0 ], [ 707718.139393422054127, 733128.650910265394486, 0.0 ], [ 707610.895082044415176, 733192.561967181158252, 0.0 ], [ 707513.209807572537102, 733185.21184563008137, 0.0 ], [ 707534.505263388738967, 733115.440691804164089, 0.0 ], [ 707503.881705121719278, 733082.880153341102414, 0.0 ], [ 707726.774692507926375, 732711.514011951396242, 0.0 ], [ 707881.401805459405296, 732479.710178544046357, 0.0 ], [ 708091.840827592881396, 732148.884707587072626, 0.0 ], [ 708058.157387797022238, 732143.364616299746558, 0.0 ], [ 708169.797701479052193, 731982.9219630130101, 0.0 ], [ 708234.055213587358594, 731890.580435934360139, 0.0 ], [ 708272.085169733036309, 731835.939532321761362, 0.0 ], [ 708423.660648814635351, 731586.615409176331013, 0.0 ], [ 708599.319292490952648, 731302.310707546886988, 0.0 ], [ 708609.736085943994112, 731116.09762808715459, 0.0 ], [ 708621.414771240437403, 730976.735323412227444, 0.0 ], [ 708808.776843190542422, 731044.866450116387568, 0.0 ], [ 708899.921723990002647, 731096.767308415961452, 0.0 ], [ 708856.019434559624642, 731200.129017738625407, 0.0 ], [ 708902.791909359511919, 731322.891047889948823, 0.0 ], [ 708961.243069455842488, 731328.731144469347782, 0.0 ], [ 709022.62214853556361, 731261.510032814345323, 0.0 ], [ 709073.353499707067385, 731195.54894199653063, 0.0 ], [ 709106.830748025327921, 731214.619257367914543, 0.0 ], [ 709315.447037496021949, 731347.171449422021396, 0.0 ], [ 709309.038606369285844, 731410.562497738166712, 0.0 ], [ 709262.282626887666993, 731530.394479434471577, 0.0 ], [ 709355.811081169173121, 731600.545639544609003, 0.0 ], [ 709428.877093204529956, 731626.836074317223392, 0.0 ], [ 709563.322184319491498, 731638.536267806659453, 0.0 ], [ 709620.833111277548596, 731541.204658205620944, 0.0 ], [ 709677.00791746028699, 731576.895248431246728, 0.0 ], [ 709721.141141345608048, 731507.014092786237597, 0.0 ], [ 709767.90536848641932, 731454.403222745051607, 0.0 ], [ 709840.971380521776155, 731463.173367779469118, 0.0 ], [ 709896.502869294025004, 731524.544382689753547, 0.0 ], [ 709972.496800312539563, 731556.694914372405037, 0.0 ], [ 710077.712187549681403, 731556.694914372405037, 0.0 ], [ 710127.404333673766814, 731629.766122772241943, 0.0 ], [ 710177.088232138659805, 731626.846074482542463, 0.0 ], [ 710200.462098049931228, 731580.085301186074503, 0.0 ], [ 710246.211863120435737, 731455.183235644362867, 0.0 ], [ 710239.828174971044064, 731457.573275169124827, 0.0 ], [ 710255.053353683906607, 731315.960933284601197, 0.0 ], [ 710390.842813233379275, 731179.378674584208056, 0.0 ], [ 710264.76084845373407, 731027.686166001134552, 0.0 ], [ 710302.757813962991349, 730937.084667697781697, 0.0 ], [ 710223.835963961202651, 730910.784232759848237, 0.0 ], [ 710130.315757338772528, 730972.155247670132667, 0.0 ], [ 710025.100370101514272, 730942.924764277180657, 0.0 ], [ 709914.037392557016574, 731024.766117711435072, 0.0 ], [ 709764.977449503145181, 731129.977857628487982, 0.0 ], [ 709542.851494414033368, 731147.518147697323002, 0.0 ], [ 709487.320005641784519, 731135.827954373206012, 0.0 ], [ 709519.477628502761945, 731004.305779352784157, 0.0 ], [ 709437.636107176891528, 730916.624329339247197, 0.0 ], [ 709455.170630439883098, 730834.792976070311852, 0.0 ], [ 709393.79155136027839, 730758.801719380891882, 0.0 ], [ 709323.64521064911969, 730691.580607725773007, 0.0 ], [ 709294.423754430492409, 730542.528142801951617, 0.0 ], [ 709195.047709841514006, 730530.837949477834627, 0.0 ], [ 709159.978663315530866, 730548.378239546669647, 0.0 ], [ 709133.668630761909299, 730647.749882884440012, 0.0 ], [ 709045.996014446835034, 730796.802347808261402, 0.0 ], [ 708984.616935367113911, 730770.501912870327942, 0.0 ], [ 708870.634286498418078, 730609.749254456954077, 0.0 ], [ 708759.563061294844374, 730466.536886112415232, 0.0 ], [ 708338.701512346044183, 730288.253937795525417, 0.0 ], [ 708131.182161536766216, 730191.812342912890017, 0.0 ], [ 707926.590729710645974, 729844.016591313411482, 0.0 ], [ 707815.049387937760912, 729644.353289423394017, 0.0 ], [ 707925.675239549716935, 729531.151417371234857, 0.0 ], [ 707363.523042426561005, 729155.425203877617605, 0.0 ], [ 706818.055859678424895, 730265.073554454720579, 0.0 ], [ 706778.846488280338235, 730254.033371880068444, 0.0 ], [ 706765.46053754852619, 730247.293260416947305, 0.0 ], [ 706586.502830229117535, 730118.961138151353225, 0.0 ], [ 706537.37977258360479, 730067.480286797508597, 0.0 ], [ 706503.754066401394084, 730031.189686649362557, 0.0 ], [ 706152.80792370880954, 729666.293652257532813, 0.0 ], [ 706148.362435449729674, 729663.17360066040419, 0.0 ], [ 705910.796862510964274, 729501.180921740364283, 0.0 ], [ 705449.183629911043681, 729200.605951044824906, 0.0 ], [ 705600.709623038070276, 729093.92418681748677, 0.0 ], [ 705521.441371353692375, 729058.093594276579097, 0.0 ], [ 705653.882281305501238, 728960.3919785565231, 0.0 ], [ 705540.114071573596448, 728712.527879555942491, 0.0 ], [ 705462.907734666252509, 728586.575796649674885, 0.0 ], [ 705418.205422302358784, 728545.935124563169666, 0.0 ], [ 705316.627252731705084, 728501.244385499390773, 0.0 ], [ 705263.800996146746911, 728440.293377534835599, 0.0 ], [ 705186.594659239402972, 728314.331294463365339, 0.0 ], [ 705040.314177304855548, 728281.830756992450915, 0.0 ], [ 704997.822237581945956, 728408.332848994294181, 0.0 ], [ 704840.976504330406897, 728369.702210148214363, 0.0 ], [ 704885.794283921713941, 728442.133407964021899, 0.0 ], [ 704640.080023784539662, 728533.754923135624267, 0.0 ], [ 704331.262923814239912, 728330.601563529460691, 0.0 ], [ 704014.321879622759297, 728151.808606778387912, 0.0 ], [ 704006.189687742502429, 728013.666322279372253, 0.0 ], [ 704039.089599923230708, 727945.125188794685528, 0.0 ], [ 703910.104459137539379, 727921.944805453997105, 0.0 ], [ 703598.681098889210261, 727812.612997402087785, 0.0 ], [ 703266.671581507893279, 728281.840757157886401, 0.0 ], [ 702909.110816210974008, 728793.81922389450483, 0.0 ], [ 701950.180234733619727, 729151.395137231214903, 0.0 ], [ 701446.330739843077026, 729200.155943602905609, 0.0 ], [ 701300.050257908529602, 728972.62218081089668, 0.0 ], [ 701218.027288082288578, 728881.49067374272272, 0.0 ], [ 701237.508258894667961, 728798.609303109464236, 0.0 ], [ 701224.996560028288513, 728530.354866907931864, 0.0 ], [ 701199.239120634854771, 728182.619116300716996, 0.0 ], [ 700851.501317335176282, 728205.43949368793983, 0.0 ], [ 700813.966220735921524, 728098.357722845626995, 0.0 ], [ 700741.114647837472148, 728011.516286723548546, 0.0 ], [ 700721.237789387814701, 727882.724156850716099, 0.0 ], [ 700639.544725925894454, 727800.66279977816157, 0.0 ], [ 700635.866269963793457, 727710.881315035745502, 0.0 ], [ 700490.517773508443497, 727771.972325315466151, 0.0 ], [ 700466.970706755993888, 727620.36981822072994, 0.0 ], [ 700280.771554740029387, 727597.549440833507106, 0.0 ], [ 700239.558002178790048, 727505.557919543003663, 0.0 ], [ 700082.06895151687786, 727540.14849157736171, 0.0 ], [ 700035.906803490943275, 727348.065315042040311, 0.0 ], [ 700104.403612380614504, 726916.268174287280999, 0.0 ], [ 700057.457936739432625, 726869.817406117450446, 0.0 ], [ 699844.495130919036455, 726896.267843536101282, 0.0 ], [ 699419.897392394486815, 726753.505482633365318, 0.0 ], [ 699300.883671470102854, 726380.239309822325595, 0.0 ], [ 699170.851077977684326, 726144.565412414609455, 0.0 ], [ 699024.570596043253317, 726030.803531101322733, 0.0 ], [ 698642.62150276475586, 726030.803531101322733, 0.0 ], [ 698427.761735349544324, 726106.794787790742703, 0.0 ], [ 698466.781410588067956, 726439.940297114895657, 0.0 ], [ 698437.312524596229196, 726642.593648452195339, 0.0 ], [ 698468.265989227453247, 726667.504060402861796, 0.0 ], [ 698265.183879018062726, 726779.555913436925039, 0.0 ], [ 697698.726403840817511, 727091.521072495379485, 0.0 ], [ 697811.900782116921619, 727336.425122544867918, 0.0 ], [ 697968.317637094878592, 727323.284905241220258, 0.0 ], [ 698100.64307981915772, 727738.571772960829549, 0.0 ], [ 698203.887276529567316, 728735.188254297128879, 0.0 ], [ 698252.078348695999011, 728724.808082637260668, 0.0 ], [ 698183.837217238615267, 728934.901557013974525, 0.0 ], [ 697276.833897503558546, 729377.28887290158309, 0.0 ], [ 697142.743455730262212, 729512.92111589142587, 0.0 ], [ 698082.226057031541131, 730263.043520883540623, 0.0 ], [ 697933.273333546123467, 730348.404932530014776, 0.0 ], [ 697902.253887642058544, 730438.946429840987548, 0.0 ], [ 697882.764669170486741, 730456.336717429221608, 0.0 ], [ 698246.511178798275068, 730518.247741269879043, 0.0 ], [ 698863.403089419240132, 730705.180832636659034, 0.0 ], [ 699424.202670448692515, 730985.575469604227692, 0.0 ], [ 699646.155424696509726, 731275.080257229041308, 0.0 ], [ 699820.510938233695924, 731181.188704517204314, 0.0 ], [ 699861.229631248512305, 731125.627785690128803, 0.0 ], [ 699960.259274154901505, 731357.751624389435165, 0.0 ], [ 699968.17702689836733, 731561.394992099027149, 0.0 ], [ 700032.088137324084528, 731750.188114225747995, 0.0 ], [ 701566.029016473330557, 732024.13264452596195, 0.0 ], [ 702013.893401340814307, 731481.253666778560728, 0.0 ], [ 702239.169962209067307, 731331.081183332600631, 0.0 ], [ 702441.336582257528789, 731302.190705562359653, 0.0 ], [ 702637.738088589627296, 731254.949924327898771, 0.0 ] ] ] } },
{ "type": "Feature", "properties": { "RoutingKey": "D24", "Descriptor": "DUBLIN 24", "local_authority": "South Dublin", "CountyName": "Dublin 24" }, "geometry": { "type": "Polygon", "coordinates": [ [ [ 713203.327559602330439, 720692.555250938632526, 0.0 ], [ 713021.210998844821006, 720530.162565403617918, 0.0 ], [ 712798.342754435958341, 720422.86079092300497, 0.0 ], [ 712882.749297744361684, 720288.068561824737117, 0.0 ], [ 712966.116636005230248, 720034.924375505768694, 0.0 ], [ 713030.687559159589, 719565.366610292578116, 0.0 ], [ 712784.305238634697162, 717339.669803297962062, 0.0 ], [ 711499.319949651835486, 715492.889262551674619, 0.0 ], [ 710917.81049660302233, 715650.281865398865193, 0.0 ], [ 710147.685327419661917, 714540.163507048971951, 0.0 ], [ 708247.408173682750203, 715451.268574258196168, 0.0 ], [ 705088.216581402579322, 716984.163924193941057, 0.0 ], [ 703747.188448782777414, 717844.178146498976275, 0.0 ], [ 703995.921352153411135, 718104.972459330339916, 0.0 ], [ 703858.144206758937798, 718246.794804687611759, 0.0 ], [ 704112.765938732540235, 718444.668076975387521, 0.0 ], [ 704075.750444657052867, 718619.890974687412381, 0.0 ], [ 704077.919579002424143, 718843.784677282557823, 0.0 ], [ 703931.78755493182689, 718819.444274758221582, 0.0 ], [ 703431.534039412159473, 718643.131359020364471, 0.0 ], [ 703337.337524742819369, 718739.552953572245315, 0.0 ], [ 702950.208901544683613, 718899.495598590234295, 0.0 ], [ 702948.707827587146312, 718946.016367917764001, 0.0 ], [ 703019.629448254359886, 719050.178090470377356, 0.0 ], [ 702322.372347287717275, 719312.782433234737255, 0.0 ], [ 702321.605314990738407, 719339.552875945344567, 0.0 ], [ 702321.613562649814412, 719844.271222619223408, 0.0 ], [ 702041.201400646474212, 720274.228332944912836, 0.0 ], [ 701667.343260952620767, 720722.865752192214131, 0.0 ], [ 701476.228504108497873, 720986.79011678614188, 0.0 ], [ 701589.551340248552151, 721240.944319808040746, 0.0 ], [ 701789.647797861020081, 721532.059134058305062, 0.0 ], [ 701915.061702252947725, 721719.202228897949681, 0.0 ], [ 702014.495480455690995, 721803.063615738064982, 0.0 ], [ 702002.115744134993292, 721907.9653505285969, 0.0 ], [ 701928.513634257717058, 721932.955763802281581, 0.0 ], [ 701804.988443801412359, 721923.075600411160849, 0.0 ], [ 701564.577428470365703, 721973.376432250603102, 0.0 ], [ 700987.645426226314157, 722206.970295260194689, 0.0 ], [ 700363.363613044726662, 722383.863220589933917, 0.0 ], [ 699776.451943280291744, 722652.617665060213767, 0.0 ], [ 699781.680959154618904, 722706.21855147369206, 0.0 ], [ 699566.656238557188772, 722787.959903254173696, 0.0 ], [ 699430.009022460551932, 722883.871489371871576, 0.0 ], [ 699406.305250184959732, 722836.830711444839835, 0.0 ], [ 699367.079383468604647, 722915.672015266376548, 0.0 ], [ 699234.399291402776726, 722957.712710505584255, 0.0 ], [ 699126.536405591992661, 722940.512426059460267, 0.0 ], [ 699101.644970404915512, 722980.453086569788866, 0.0 ], [ 699255.909186355653219, 723171.72624970972538, 0.0 ], [ 699293.2875774318818, 723713.835214723134413, 0.0 ], [ 699283.621320957550779, 724458.187524293549359, 0.0 ], [ 699354.765628420747817, 724451.947421099175699, 0.0 ], [ 699359.689480908098631, 724595.169789609033614, 0.0 ], [ 699480.872336177853867, 724565.96930671215523, 0.0 ], [ 699610.443060760153458, 724871.154353645979427, 0.0 ], [ 699473.449442980927415, 725011.526675023837015, 0.0 ], [ 699387.879979738267139, 724909.90499447658658, 0.0 ], [ 699044.529931083903648, 724770.95269658206962, 0.0 ], [ 698953.706708989688195, 724818.813488069805317, 0.0 ], [ 698908.344583897269331, 724890.23466918268241, 0.0 ], [ 698856.813209792249836, 724836.473780123284087, 0.0 ], [ 698817.851268167374656, 724860.34417487483006, 0.0 ], [ 698636.666692888946272, 725017.386771933874115, 0.0 ], [ 698502.205106455716304, 725133.938699387013912, 0.0 ], [ 698364.551675947965123, 725200.02979235467501, 0.0 ], [ 698272.24387521436438, 725762.739098041900434, 0.0 ], [ 698228.523034284356982, 725841.830405997810885, 0.0 ], [ 698398.499040835304186, 725857.060657864902169, 0.0 ], [ 698427.761735349544324, 726106.794787790742703, 0.0 ], [ 698642.62150276475586, 726030.803531101322733, 0.0 ], [ 699024.570596043253317, 726030.803531101322733, 0.0 ], [ 699170.851077977684326, 726144.565412414609455, 0.0 ], [ 699300.883671470102854, 726380.239309822325595, 0.0 ], [ 699419.897392394486815, 726753.505482633365318, 0.0 ], [ 699844.495130919036455, 726896.267843536101282, 0.0 ], [ 700057.457936739432625, 726869.817406117450446, 0.0 ], [ 700104.403612380614504, 726916.268174287280999, 0.0 ], [ 700035.906803490943275, 727348.065315042040311, 0.0 ], [ 700082.06895151687786, 727540.14849157736171, 0.0 ], [ 700239.558002178790048, 727505.557919543003663, 0.0 ], [ 700280.771554740029387, 727597.549440833507106, 0.0 ], [ 700466.970706755993888, 727620.36981822072994, 0.0 ], [ 700490.517773508443497, 727771.972325315466151, 0.0 ], [ 700635.866269963793457, 727710.881315035745502, 0.0 ], [ 700639.544725925894454, 727800.66279977816157, 0.0 ], [ 700721.237789387814701, 727882.724156850716099, 0.0 ], [ 700741.114647837472148, 728011.516286723548546, 0.0 ], [ 700813.966220735921524, 728098.357722845626995, 0.0 ], [ 700851.501317335176282, 728205.43949368793983, 0.0 ], [ 701199.239120634854771, 728182.619116300716996, 0.0 ], [ 701224.996560028288513, 728530.354866907931864, 0.0 ], [ 701237.508258894667961, 728798.609303109464236, 0.0 ], [ 701218.027288082288578, 728881.49067374272272, 0.0 ], [ 701300.050257908529602, 728972.62218081089668, 0.0 ], [ 701446.330739843077026, 729200.155943602905609, 0.0 ], [ 701950.180234733619727, 729151.395137231214903, 0.0 ], [ 702909.110816210974008, 728793.81922389450483, 0.0 ], [ 703266.671581507893279, 728281.840757157886401, 0.0 ], [ 703598.681098889210261, 727812.612997402087785, 0.0 ], [ 703910.104459137539379, 727921.944805453997105, 0.0 ], [ 704039.089599923230708, 727945.125188794685528, 0.0 ], [ 704006.189687742502429, 728013.666322279372253, 0.0 ], [ 704014.321879622759297, 728151.808606778387912, 0.0 ], [ 704331.262923814239912, 728330.601563529460691, 0.0 ], [ 704640.080023784539662, 728533.754923135624267, 0.0 ], [ 704885.794283921713941, 728442.133407964021899, 0.0 ], [ 704840.976504330406897, 728369.702210148214363, 0.0 ], [ 704997.822237581945956, 728408.332848994294181, 0.0 ], [ 705040.314177304855548, 728281.830756992450915, 0.0 ], [ 705186.594659239402972, 728314.331294463365339, 0.0 ], [ 705263.800996146746911, 728440.293377534835599, 0.0 ], [ 705316.627252731705084, 728501.244385499390773, 0.0 ], [ 705418.205422302358784, 728545.935124563169666, 0.0 ], [ 705462.907734666252509, 728586.575796649674885, 0.0 ], [ 705540.114071573596448, 728712.527879555942491, 0.0 ], [ 705653.882281305501238, 728960.3919785565231, 0.0 ], [ 705521.441371353692375, 729058.093594276579097, 0.0 ], [ 705600.709623038070276, 729093.92418681748677, 0.0 ], [ 705449.183629911043681, 729200.605951044824906, 0.0 ], [ 705910.796862510964274, 729501.180921740364283, 0.0 ], [ 706148.362435449729674, 729663.17360066040419, 0.0 ], [ 706152.80792370880954, 729666.293652257532813, 0.0 ], [ 706503.754066401394084, 730031.189686649362557, 0.0 ], [ 706537.37977258360479, 730067.480286797508597, 0.0 ], [ 706586.502830229117535, 730118.961138151353225, 0.0 ], [ 706765.46053754852619, 730247.293260416947305, 0.0 ], [ 706778.846488280338235, 730254.033371880068444, 0.0 ], [ 706818.055859678424895, 730265.073554454720579, 0.0 ], [ 707363.523042426561005, 729155.425203877617605, 0.0 ], [ 707925.675239549716935, 729531.151417371234857, 0.0 ], [ 707815.049387937760912, 729644.353289423394017, 0.0 ], [ 707926.590729710645974, 729844.016591313411482, 0.0 ], [ 708131.182161536766216, 730191.812342912890017, 0.0 ], [ 708338.701512346044183, 730288.253937795525417, 0.0 ], [ 708759.563061294844374, 730466.536886112415232, 0.0 ], [ 708870.634286498418078, 730609.749254456954077, 0.0 ], [ 708984.616935367113911, 730770.501912870327942, 0.0 ], [ 709045.996014446835034, 730796.802347808261402, 0.0 ], [ 709133.668630761909299, 730647.749882884440012, 0.0 ], [ 709159.978663315530866, 730548.378239546669647, 0.0 ], [ 709195.047709841514006, 730530.837949477834627, 0.0 ], [ 709294.423754430492409, 730542.528142801951617, 0.0 ], [ 709307.776714525884017, 730610.599268513848074, 0.0 ], [ 709367.209346056100912, 730471.66697095008567, 0.0 ], [ 709452.844790571485646, 730522.587813042919151, 0.0 ], [ 709478.552744010346942, 730463.616837822715752, 0.0 ], [ 709516.5414618604118, 730399.315774457412772, 0.0 ], [ 709583.768131247488782, 730346.704904416110367, 0.0 ], [ 709800.038248370052315, 730311.634324443759397, 0.0 ], [ 709826.348280923790298, 730235.643067754223011, 0.0 ], [ 709583.768131247488782, 729978.448814458213747, 0.0 ], [ 709630.524110729107633, 729905.377606058376841, 0.0 ], [ 709686.055599501472898, 729881.997219410142861, 0.0 ], [ 709756.201940212631598, 729908.307654513395391, 0.0 ], [ 709934.483339485013857, 729841.086542858392932, 0.0 ], [ 710105.259368969476782, 729799.585856549441814, 0.0 ], [ 709970.187455762410536, 729529.661392730195075, 0.0 ], [ 710103.75004735274706, 729461.690268671954982, 0.0 ], [ 710518.54956685740035, 729204.686018518055789, 0.0 ], [ 710772.882630762062036, 728994.992550756200217, 0.0 ], [ 710981.465929596335627, 728724.778082141070627, 0.0 ], [ 711248.046767276129685, 728086.827532167546451, 0.0 ], [ 711216.623186075710692, 728007.016212304471992, 0.0 ], [ 711275.717663582530804, 727873.384002389851958, 0.0 ], [ 711282.604458937421441, 727771.242313243099488, 0.0 ], [ 711312.675424044136889, 727781.752487052814104, 0.0 ], [ 711353.781757037038915, 727646.930257458472624, 0.0 ], [ 711396.636593760806136, 727536.468430719105527, 0.0 ], [ 711379.7536355672637, 727527.858288330724463, 0.0 ], [ 711339.628774008248001, 727545.398578399559483, 0.0 ], [ 711331.925460401573218, 727525.168243844644167, 0.0 ], [ 711341.294801148003899, 727431.506694936426356, 0.0 ], [ 711332.568777811946347, 727322.074885230860673, 0.0 ], [ 711386.615687944926322, 727324.504925417131744, 0.0 ], [ 711351.802318851230666, 727215.763127122423612, 0.0 ], [ 711339.265877007506788, 727088.481022221269086, 0.0 ], [ 711293.301672800094821, 726919.228223238489591, 0.0 ], [ 711283.91583673551213, 726883.927639462519437, 0.0 ], [ 711274.81042108067777, 726831.966780170681886, 0.0 ], [ 711276.064065265003592, 726722.724973607226275, 0.0 ], [ 711301.359635748434812, 726445.400387409958057, 0.0 ], [ 711312.642433407716453, 726262.187357562826946, 0.0 ], [ 711324.667520386748947, 726137.065288382815197, 0.0 ], [ 711242.990952243097126, 726111.704868990229443, 0.0 ], [ 711240.236234101117589, 725971.392548604635522, 0.0 ], [ 711288.20461947156582, 725975.412615085602738, 0.0 ], [ 711359.233459707233123, 725986.722802125499584, 0.0 ], [ 711398.063438786426559, 726003.003071357030421, 0.0 ], [ 711398.071686445502564, 726003.003071357030421, 0.0 ], [ 711474.832649760995992, 725886.751148865208961, 0.0 ], [ 711518.495757077354938, 725828.100178937078454, 0.0 ], [ 711536.401425000163727, 725804.209783854661509, 0.0 ], [ 711546.166653383756056, 725791.239569362485781, 0.0 ], [ 711590.332867905613966, 725731.428580250707455, 0.0 ], [ 711630.655673283152282, 725642.577110888203606, 0.0 ], [ 711544.401654334622435, 725374.022669725352898, 0.0 ], [ 711738.279376979800873, 725163.319185260683298, 0.0 ], [ 711783.806455254438333, 725057.847441043821163, 0.0 ], [ 711881.805140772368759, 724990.966335011529736, 0.0 ], [ 711917.105121753411368, 724908.964978931238875, 0.0 ], [ 711939.555249844677746, 724838.573814852163196, 0.0 ], [ 711916.544280934147537, 724772.262718246201985, 0.0 ], [ 711809.852562716696411, 724799.183163437410258, 0.0 ], [ 711742.757855875301175, 724704.39159584173467, 0.0 ], [ 711688.521249582991004, 724723.891918324283324, 0.0 ], [ 711690.096552472561598, 724790.993027994874865, 0.0 ], [ 711637.814641388715245, 724883.634560034726746, 0.0 ], [ 711639.183752800570801, 725050.407318004290573, 0.0 ], [ 711554.142139740870334, 725172.499337075510994, 0.0 ], [ 711447.260725363972597, 725195.9097242198186, 0.0 ], [ 711372.363733006757684, 724942.145527647575364, 0.0 ], [ 711321.25298951624427, 724863.93423424474895, 0.0 ], [ 711344.659846063936129, 724750.232353923725896, 0.0 ], [ 711531.254885716945864, 724490.368056472274475, 0.0 ], [ 711477.331690470688045, 724335.615497284336016, 0.0 ], [ 711489.315539154224098, 724203.153306718566455, 0.0 ], [ 711349.839375983574428, 724173.692819521878846, 0.0 ], [ 711393.865380300558172, 723970.579460577340797, 0.0 ], [ 711545.787261064746417, 723983.789679038571194, 0.0 ], [ 711534.199300018372014, 723267.157827889430337, 0.0 ], [ 711677.320928514702246, 723125.395483524305746, 0.0 ], [ 711683.663378368481062, 722965.072832222096622, 0.0 ], [ 711638.36723454890307, 722880.831439097644761, 0.0 ], [ 711723.969688427983783, 722639.437447095173411, 0.0 ], [ 711773.785549438558519, 722369.952990552410483, 0.0 ], [ 711939.547002185485326, 722134.44909595604986, 0.0 ], [ 712155.124315943103284, 721730.462415110901929, 0.0 ], [ 712357.563108742120676, 721468.678085907478817, 0.0 ], [ 712431.841526666190475, 721516.678879710496403, 0.0 ], [ 712495.249529886408709, 721473.208160822628997, 0.0 ], [ 712777.855569212464616, 721149.372805463266559, 0.0 ], [ 712933.208476165425964, 720878.998334202100523, 0.0 ], [ 713085.377786702825688, 720745.836132060037926, 0.0 ], [ 713203.327559602330439, 720692.555250938632526, 0.0 ] ] ] } },
{ "type": "Feature", "properties": { "RoutingKey": "K78", "Descriptor": "LUCAN", "local_authority": "South Dublin", "CountyName": "Co. Dublin" }, "geometry": { "type": "Polygon", "coordinates": [ [ [ 706267.260689146700315, 734908.910350932972506, 0.0 ], [ 706238.814512884127907, 734878.049840583698824, 0.0 ], [ 706235.523696900112554, 734832.749091432080604, 0.0 ], [ 706102.101315514533781, 734854.579452447127551, 0.0 ], [ 705925.92306931456551, 734871.899738877778873, 0.0 ], [ 705847.941452451050282, 734741.937589655863121, 0.0 ], [ 705807.503179845865816, 734632.185774658224545, 0.0 ], [ 705745.447792719467543, 734617.765536186634563, 0.0 ], [ 705648.669760749442503, 734467.823056544293649, 0.0 ], [ 705540.757388983969577, 734300.740293448092416, 0.0 ], [ 705547.157572451629676, 734298.280252765631303, 0.0 ], [ 705766.042197511414997, 734214.218862617970444, 0.0 ], [ 705698.337163896067068, 733980.114991174312308, 0.0 ], [ 705716.259327137144282, 733946.824440638767555, 0.0 ], [ 705671.804444546578452, 733841.912705682916567, 0.0 ], [ 705589.484558992437087, 733577.738336954615079, 0.0 ], [ 705704.357955044717528, 733531.477571926894598, 0.0 ], [ 705746.899380722432397, 733520.227385879377834, 0.0 ], [ 706017.472085410263389, 733483.476778123877011, 0.0 ], [ 706006.799614524818026, 733389.685227065696381, 0.0 ], [ 706008.209964232286438, 733338.814385799923912, 0.0 ], [ 706009.801762440009043, 733277.413370393449441, 0.0 ], [ 706035.715907356468961, 733153.901327838888392, 0.0 ], [ 705878.878421764122322, 733135.741027516778558, 0.0 ], [ 705964.505618620431051, 732210.865732585312799, 0.0 ], [ 705866.622400330030359, 732214.535793278133497, 0.0 ], [ 705813.622942903777584, 732216.275822053547017, 0.0 ], [ 705623.003045606194064, 732219.575876627466641, 0.0 ], [ 705259.767890843097121, 732237.056165704154409, 0.0 ], [ 704993.855113551137038, 732248.526355389971286, 0.0 ], [ 704658.925924845738336, 732261.336567236110568, 0.0 ], [ 704461.938834716915153, 732269.036694575450383, 0.0 ], [ 703705.075901378761046, 732298.627183921867982, 0.0 ], [ 703496.434868930839002, 732306.617316057090648, 0.0 ], [ 703394.436068745562807, 732168.625034038559534, 0.0 ], [ 703151.831176092033274, 732197.495511478045955, 0.0 ], [ 703076.736239916295744, 731833.599493623943999, 0.0 ], [ 702955.437917419010773, 731648.756436820607632, 0.0 ], [ 702747.489688336034305, 731556.334908418939449, 0.0 ], [ 702660.295436249230988, 731574.865214859950356, 0.0 ], [ 702664.889382372261025, 731433.192871983279474, 0.0 ], [ 702630.8925315302331, 731280.340344216674566, 0.0 ], [ 702637.738088589627296, 731254.949924327898771, 0.0 ], [ 702441.336582257528789, 731302.190705562359653, 0.0 ], [ 702239.169962209067307, 731331.081183332600631, 0.0 ], [ 702013.893401340814307, 731481.253666778560728, 0.0 ], [ 701566.029016473330557, 732024.13264452596195, 0.0 ], [ 700032.088137324084528, 731750.188114225747995, 0.0 ], [ 700165.296079572872259, 732026.832689177361317, 0.0 ], [ 700355.033477345947176, 732181.695250184508041, 0.0 ], [ 700230.370109932729974, 732253.306434439495206, 0.0 ], [ 700236.597092559095472, 732417.479149411432445, 0.0 ], [ 700340.616569225676358, 732518.330817224690691, 0.0 ], [ 700373.59895799739752, 732625.682592532248236, 0.0 ], [ 700494.361182652646676, 732610.152335703838617, 0.0 ], [ 700533.603544687153772, 732892.547005746513605, 0.0 ], [ 700619.461675998521969, 732996.14871903823223, 0.0 ], [ 700532.019994138507172, 733099.350425714743324, 0.0 ], [ 700503.57381787605118, 733060.169777773087844, 0.0 ], [ 700394.548012131010182, 733022.06914769182913, 0.0 ], [ 700325.27592328528408, 733270.543256780365482, 0.0 ], [ 700371.157650901586749, 733378.755046310136095, 0.0 ], [ 700329.02036052022595, 733376.895015550311655, 0.0 ], [ 700275.61676779773552, 733430.845907751936466, 0.0 ], [ 700113.459542080876417, 733375.044984955806285, 0.0 ], [ 700141.757260479382239, 733490.706897690426558, 0.0 ], [ 700035.444934580940753, 733583.268428407376632, 0.0 ], [ 700309.902286708471365, 733693.580252666026354, 0.0 ], [ 700852.878676406107843, 734022.835697659058496, 0.0 ], [ 701275.134079744108021, 734373.201491759973578, 0.0 ], [ 701382.262923894217238, 734433.912495755474083, 0.0 ], [ 701420.655777040752582, 734441.452620448661037, 0.0 ], [ 701269.07205029996112, 734844.419284425443038, 0.0 ], [ 701175.164203699445352, 734767.01800441800151, 0.0 ], [ 701293.724303372902796, 734864.739620468812063, 0.0 ], [ 701288.998394704191014, 734895.050121722393669, 0.0 ], [ 701253.401497995248064, 735310.366989938076586, 0.0 ], [ 701677.157975290785544, 735337.827444059541449, 0.0 ], [ 701775.552548445877619, 735326.807261815643869, 0.0 ], [ 701830.523196398862638, 735475.569721943582408, 0.0 ], [ 702029.679420872940682, 735609.54193748102989, 0.0 ], [ 702030.594911033869721, 735636.172377876355313, 0.0 ], [ 702086.060418533394113, 735791.034938883502036, 0.0 ], [ 702051.280040076118894, 735843.515806774958037, 0.0 ], [ 701928.620853826054372, 735877.736372690298595, 0.0 ], [ 701505.169539917493239, 735837.205702422885224, 0.0 ], [ 701506.505660692928359, 736008.60853696137201, 0.0 ], [ 701586.103818741627038, 736099.59004154894501, 0.0 ], [ 701612.100440249079838, 736368.534489161334932, 0.0 ], [ 701618.418147125630639, 736373.894577802740969, 0.0 ], [ 701621.931649905513041, 736374.944595167180523, 0.0 ], [ 701619.556324082543142, 736679.009623578866012, 0.0 ], [ 701684.366429350920953, 737001.964964385144413, 0.0 ], [ 701670.642324595712125, 737047.125711221597157, 0.0 ], [ 701789.952961247996427, 737666.14594813901931, 0.0 ], [ 701884.528868236229755, 737801.478186167543754, 0.0 ], [ 701985.397739123669453, 738209.384931840002537, 0.0 ], [ 702007.550951486919075, 738298.966413274989463, 0.0 ], [ 702221.066350467619486, 738198.584753234288655, 0.0 ], [ 702290.025028267293237, 738401.548109698225744, 0.0 ], [ 702501.725942244171165, 738297.4263878071215, 0.0 ], [ 702751.448564707767218, 738258.705747472587973, 0.0 ], [ 702864.507475756341591, 738086.422898381133564, 0.0 ], [ 703199.527388711925596, 737583.884587759035639, 0.0 ], [ 703459.452365491772071, 737127.5670415032655, 0.0 ], [ 703621.197208253317513, 737092.9064683112083, 0.0 ], [ 703881.130432692123577, 737052.465799532132223, 0.0 ], [ 704089.07041411602404, 736913.843507095007226, 0.0 ], [ 704666.703467384329997, 736861.842647141660564, 0.0 ], [ 705059.489984730374999, 736440.175673912512138, 0.0 ], [ 705144.020242925384082, 736331.723880413686857, 0.0 ], [ 705231.742345195030794, 736404.825089309597388, 0.0 ], [ 705552.180396848241799, 736507.58678870962467, 0.0 ], [ 705669.618814883055165, 736464.656078752013855, 0.0 ], [ 705953.165087347384542, 735922.557113903923891, 0.0 ], [ 706028.507453296333551, 735862.916127603617497, 0.0 ], [ 706328.111918043345213, 735805.275174378417432, 0.0 ], [ 705730.255604643025436, 735464.209534076857381, 0.0 ], [ 705950.641303660348058, 735403.498530081356876, 0.0 ], [ 705914.170155086088926, 735325.337237505358644, 0.0 ], [ 705804.764957022154704, 735325.337237505358644, 0.0 ], [ 705772.904249888961203, 735278.076455940143205, 0.0 ], [ 705728.284414116293192, 735283.386543754604645, 0.0 ], [ 705716.06963097769767, 735193.095050577889197, 0.0 ], [ 705869.484338040463626, 735158.164472920820117, 0.0 ], [ 705918.236251026159152, 735160.464510957244784, 0.0 ], [ 705951.655765730654821, 734982.23156346718315, 0.0 ], [ 706083.486348908394575, 734973.72142273245845, 0.0 ], [ 706082.043008564622141, 734907.150321826920845, 0.0 ], [ 706195.266872795415111, 734908.230339687434025, 0.0 ], [ 706267.260689146700315, 734908.910350932972506, 0.0 ] ] ] } }
]
}
